solid OpenSCAD_Model
  facet normal 0.0654432 0.997856 -0
    outer loop
      vertex 91.6526 67.9572 0
      vertex 91 68 33
      vertex 91.6526 67.9572 33
    endloop
  endfacet
  facet normal 0.0654432 0.997856 0
    outer loop
      vertex 91 68 33
      vertex 91.6526 67.9572 0
      vertex 91 68 0
    endloop
  endfacet
  facet normal -0.946926 0.32145 0
    outer loop
      vertex 0.17037 64.2941 0
      vertex 0.380602 64.9134 33
      vertex 0.380602 64.9134 0
    endloop
  endfacet
  facet normal -0.946926 0.32145 0
    outer loop
      vertex 0.380602 64.9134 33
      vertex 0.17037 64.2941 0
      vertex 0.17037 64.2941 33
    endloop
  endfacet
  facet normal -0.980787 0.195079 0
    outer loop
      vertex 0.0427752 63.6526 0
      vertex 0.17037 64.2941 33
      vertex 0.17037 64.2941 0
    endloop
  endfacet
  facet normal -0.980787 0.195079 0
    outer loop
      vertex 0.17037 64.2941 33
      vertex 0.0427752 63.6526 0
      vertex 0.0427752 63.6526 33
    endloop
  endfacet
  facet normal -0.751817 0.659372 0
    outer loop
      vertex 1.03323 66.0438 0
      vertex 1.46447 66.5355 33
      vertex 1.46447 66.5355 0
    endloop
  endfacet
  facet normal -0.751817 0.659372 0
    outer loop
      vertex 1.46447 66.5355 33
      vertex 1.03323 66.0438 0
      vertex 1.03323 66.0438 33
    endloop
  endfacet
  facet normal 0.831514 -0.555504 0
    outer loop
      vertex 94.9668 1.95619 33
      vertex 95.3301 2.5 0
      vertex 95.3301 2.5 33
    endloop
  endfacet
  facet normal 0.831514 -0.555504 0
    outer loop
      vertex 95.3301 2.5 0
      vertex 94.9668 1.95619 33
      vertex 94.9668 1.95619 0
    endloop
  endfacet
  facet normal -0.555566 -0.831473 0
    outer loop
      vertex 1.95619 1.03323 0
      vertex 2.5 0.669872 33
      vertex 1.95619 1.03323 33
    endloop
  endfacet
  facet normal -0.555566 -0.831473 -0
    outer loop
      vertex 2.5 0.669872 33
      vertex 1.95619 1.03323 0
      vertex 2.5 0.669872 0
    endloop
  endfacet
  facet normal -0.831468 0.555573 0
    outer loop
      vertex 0.669872 65.5 0
      vertex 1.03323 66.0438 33
      vertex 1.03323 66.0438 0
    endloop
  endfacet
  facet normal -0.831468 0.555573 0
    outer loop
      vertex 1.03323 66.0438 33
      vertex 0.669872 65.5 0
      vertex 0.669872 65.5 33
    endloop
  endfacet
  facet normal -0.0654402 0.997856 0
    outer loop
      vertex 5 68 0
      vertex 4.34737 67.9572 33
      vertex 5 68 33
    endloop
  endfacet
  facet normal -0.0654402 0.997856 0
    outer loop
      vertex 4.34737 67.9572 33
      vertex 5 68 0
      vertex 4.34737 67.9572 0
    endloop
  endfacet
  facet normal 0.997856 -0.0654402 0
    outer loop
      vertex 95.9572 4.34737 33
      vertex 96 5 0
      vertex 96 5 33
    endloop
  endfacet
  facet normal 0.997856 -0.0654402 0
    outer loop
      vertex 96 5 0
      vertex 95.9572 4.34737 33
      vertex 95.9572 4.34737 0
    endloop
  endfacet
  facet normal -0.659357 -0.75183 0
    outer loop
      vertex 1.46447 1.46447 0
      vertex 1.95619 1.03323 33
      vertex 1.46447 1.46447 33
    endloop
  endfacet
  facet normal -0.659357 -0.75183 -0
    outer loop
      vertex 1.95619 1.03323 33
      vertex 1.46447 1.46447 0
      vertex 1.95619 1.03323 0
    endloop
  endfacet
  facet normal -1 0 0
    outer loop
      vertex 0 26 0
      vertex 0 16.85 5.5
      vertex 0 26 3
    endloop
  endfacet
  facet normal -1 0 0
    outer loop
      vertex 0 5 0
      vertex 0 16.85 5.5
      vertex 0 26 0
    endloop
  endfacet
  facet normal -1 0 0
    outer loop
      vertex 0 5 33
      vertex 0 16.85 5.5
      vertex 0 5 0
    endloop
  endfacet
  facet normal -1 0 0
    outer loop
      vertex 0 16.85 5.5
      vertex 0 5 33
      vertex 0 16.85 33
    endloop
  endfacet
  facet normal -1 0 0
    outer loop
      vertex 0 26 3
      vertex 0 39.35 5.5
      vertex 0 42 3
    endloop
  endfacet
  facet normal -1 -0 0
    outer loop
      vertex 0 39.35 5.5
      vertex 0 26 3
      vertex 0 16.85 5.5
    endloop
  endfacet
  facet normal -1 0 0
    outer loop
      vertex 0 42 3
      vertex 0 63 0
      vertex 0 42 0
    endloop
  endfacet
  facet normal -1 0 0
    outer loop
      vertex 0 63 0
      vertex 0 42 3
      vertex 0 63 33
    endloop
  endfacet
  facet normal -1 0 0
    outer loop
      vertex 0 39.35 5.5
      vertex 0 63 33
      vertex 0 42 3
    endloop
  endfacet
  facet normal -1 -0 0
    outer loop
      vertex 0 63 33
      vertex 0 39.35 5.5
      vertex 0 39.35 33
    endloop
  endfacet
  facet normal 0.946941 0.321407 0
    outer loop
      vertex 95.8296 64.2941 33
      vertex 95.6194 64.9134 0
      vertex 95.6194 64.9134 33
    endloop
  endfacet
  facet normal 0.946941 0.321407 0
    outer loop
      vertex 95.6194 64.9134 0
      vertex 95.8296 64.2941 33
      vertex 95.8296 64.2941 0
    endloop
  endfacet
  facet normal -0.0654025 -0.997859 0
    outer loop
      vertex 4.34737 0.0427752 0
      vertex 5 0 33
      vertex 4.34737 0.0427752 33
    endloop
  endfacet
  facet normal -0.0654025 -0.997859 -0
    outer loop
      vertex 5 0 33
      vertex 4.34737 0.0427752 0
      vertex 5 0 0
    endloop
  endfacet
  facet normal 0.831509 0.555512 0
    outer loop
      vertex 95.3301 65.5 33
      vertex 94.9668 66.0438 0
      vertex 94.9668 66.0438 33
    endloop
  endfacet
  facet normal 0.831509 0.555512 0
    outer loop
      vertex 94.9668 66.0438 0
      vertex 95.3301 65.5 33
      vertex 95.3301 65.5 0
    endloop
  endfacet
  facet normal -0.44229 -0.896872 0
    outer loop
      vertex 2.5 0.669872 0
      vertex 3.08658 0.380602 33
      vertex 2.5 0.669872 33
    endloop
  endfacet
  facet normal -0.44229 -0.896872 -0
    outer loop
      vertex 3.08658 0.380602 33
      vertex 2.5 0.669872 0
      vertex 3.08658 0.380602 0
    endloop
  endfacet
  facet normal 0 -1 0
    outer loop
      vertex 5 0 0
      vertex 91 0 33
      vertex 5 0 33
    endloop
  endfacet
  facet normal 0 -1 -0
    outer loop
      vertex 91 0 33
      vertex 5 0 0
      vertex 91 0 0
    endloop
  endfacet
  facet normal 0.751771 0.659424 0
    outer loop
      vertex 94.9668 66.0438 33
      vertex 94.5355 66.5355 0
      vertex 94.5355 66.5355 33
    endloop
  endfacet
  facet normal 0.751771 0.659424 0
    outer loop
      vertex 94.5355 66.5355 0
      vertex 94.9668 66.0438 33
      vertex 94.9668 66.0438 0
    endloop
  endfacet
  facet normal -0.896878 0.442277 0
    outer loop
      vertex 0.380602 64.9134 0
      vertex 0.669872 65.5 33
      vertex 0.669872 65.5 0
    endloop
  endfacet
  facet normal -0.896878 0.442277 0
    outer loop
      vertex 0.669872 65.5 33
      vertex 0.380602 64.9134 0
      vertex 0.380602 64.9134 33
    endloop
  endfacet
  facet normal -0.442327 0.896854 0
    outer loop
      vertex 3.08658 67.6194 0
      vertex 2.5 67.3301 33
      vertex 3.08658 67.6194 33
    endloop
  endfacet
  facet normal -0.442327 0.896854 0
    outer loop
      vertex 2.5 67.3301 33
      vertex 3.08658 67.6194 0
      vertex 2.5 67.3301 0
    endloop
  endfacet
  facet normal 1 0 0
    outer loop
      vertex 96 63 33
      vertex 96 42 3
      vertex 96 63 0
    endloop
  endfacet
  facet normal 1 0 0
    outer loop
      vertex 96 63 33
      vertex 96 26 3
      vertex 96 42 3
    endloop
  endfacet
  facet normal 1 -0 0
    outer loop
      vertex 96 5 33
      vertex 96 26 3
      vertex 96 63 33
    endloop
  endfacet
  facet normal 1 0 0
    outer loop
      vertex 96 5 0
      vertex 96 26 3
      vertex 96 5 33
    endloop
  endfacet
  facet normal 1 0 0
    outer loop
      vertex 96 26 3
      vertex 96 5 0
      vertex 96 26 0
    endloop
  endfacet
  facet normal 1 0 0
    outer loop
      vertex 96 63 0
      vertex 96 42 3
      vertex 96 42 0
    endloop
  endfacet
  facet normal 0.195087 0.980786 -0
    outer loop
      vertex 92.2941 67.8296 0
      vertex 91.6526 67.9572 33
      vertex 92.2941 67.8296 33
    endloop
  endfacet
  facet normal 0.195087 0.980786 0
    outer loop
      vertex 91.6526 67.9572 33
      vertex 92.2941 67.8296 0
      vertex 91.6526 67.9572 0
    endloop
  endfacet
  facet normal -0.831473 -0.555566 0
    outer loop
      vertex 1.03323 1.95619 0
      vertex 0.669872 2.5 33
      vertex 0.669872 2.5 0
    endloop
  endfacet
  facet normal -0.831473 -0.555566 0
    outer loop
      vertex 0.669872 2.5 33
      vertex 1.03323 1.95619 0
      vertex 1.03323 1.95619 33
    endloop
  endfacet
  facet normal 0.32145 -0.946926 0
    outer loop
      vertex 92.2941 0.17037 0
      vertex 92.9134 0.380602 33
      vertex 92.2941 0.17037 33
    endloop
  endfacet
  facet normal 0.32145 -0.946926 0
    outer loop
      vertex 92.9134 0.380602 33
      vertex 92.2941 0.17037 0
      vertex 92.9134 0.380602 0
    endloop
  endfacet
  facet normal -0.195096 0.980784 0
    outer loop
      vertex 4.34737 67.9572 0
      vertex 3.7059 67.8296 33
      vertex 4.34737 67.9572 33
    endloop
  endfacet
  facet normal -0.195096 0.980784 0
    outer loop
      vertex 3.7059 67.8296 33
      vertex 4.34737 67.9572 0
      vertex 3.7059 67.8296 0
    endloop
  endfacet
  facet normal -0.94693 -0.321441 0
    outer loop
      vertex 0.380602 3.08658 0
      vertex 0.17037 3.7059 33
      vertex 0.17037 3.7059 0
    endloop
  endfacet
  facet normal -0.94693 -0.321441 0
    outer loop
      vertex 0.17037 3.7059 33
      vertex 0.380602 3.08658 0
      vertex 0.380602 3.08658 33
    endloop
  endfacet
  facet normal -0.997859 -0.0654025 0
    outer loop
      vertex 0.0427752 4.34737 0
      vertex 0 5 33
      vertex 0 5 0
    endloop
  endfacet
  facet normal -0.997859 -0.0654025 0
    outer loop
      vertex 0 5 33
      vertex 0.0427752 4.34737 0
      vertex 0.0427752 4.34737 33
    endloop
  endfacet
  facet normal 0.555573 -0.831468 0
    outer loop
      vertex 93.5 0.669872 0
      vertex 94.0438 1.03323 33
      vertex 93.5 0.669872 33
    endloop
  endfacet
  facet normal 0.555573 -0.831468 0
    outer loop
      vertex 94.0438 1.03323 33
      vertex 93.5 0.669872 0
      vertex 94.0438 1.03323 0
    endloop
  endfacet
  facet normal 0.555512 0.831509 -0
    outer loop
      vertex 94.0438 66.9668 0
      vertex 93.5 67.3301 33
      vertex 94.0438 66.9668 33
    endloop
  endfacet
  facet normal 0.555512 0.831509 0
    outer loop
      vertex 93.5 67.3301 33
      vertex 94.0438 66.9668 0
      vertex 93.5 67.3301 0
    endloop
  endfacet
  facet normal -0.321441 -0.94693 0
    outer loop
      vertex 3.08658 0.380602 0
      vertex 3.7059 0.17037 33
      vertex 3.08658 0.380602 33
    endloop
  endfacet
  facet normal -0.321441 -0.94693 -0
    outer loop
      vertex 3.7059 0.17037 33
      vertex 3.08658 0.380602 0
      vertex 3.7059 0.17037 0
    endloop
  endfacet
  facet normal -0.75183 -0.659357 0
    outer loop
      vertex 1.46447 1.46447 0
      vertex 1.03323 1.95619 33
      vertex 1.03323 1.95619 0
    endloop
  endfacet
  facet normal -0.75183 -0.659357 0
    outer loop
      vertex 1.03323 1.95619 33
      vertex 1.46447 1.46447 0
      vertex 1.46447 1.46447 33
    endloop
  endfacet
  facet normal 0.751784 -0.659409 0
    outer loop
      vertex 94.5355 1.46447 33
      vertex 94.9668 1.95619 0
      vertex 94.9668 1.95619 33
    endloop
  endfacet
  facet normal 0.751784 -0.659409 0
    outer loop
      vertex 94.9668 1.95619 0
      vertex 94.5355 1.46447 33
      vertex 94.5355 1.46447 0
    endloop
  endfacet
  facet normal 0.980786 0.195087 0
    outer loop
      vertex 95.9572 63.6526 33
      vertex 95.8296 64.2941 0
      vertex 95.8296 64.2941 33
    endloop
  endfacet
  facet normal 0.980786 0.195087 0
    outer loop
      vertex 95.8296 64.2941 0
      vertex 95.9572 63.6526 33
      vertex 95.9572 63.6526 0
    endloop
  endfacet
  facet normal 0 1 -0
    outer loop
      vertex 91 68 0
      vertex 5 68 33
      vertex 91 68 33
    endloop
  endfacet
  facet normal 0 1 0
    outer loop
      vertex 5 68 33
      vertex 91 68 0
      vertex 5 68 0
    endloop
  endfacet
  facet normal -0.659409 0.751784 0
    outer loop
      vertex 1.95619 66.9668 0
      vertex 1.46447 66.5355 33
      vertex 1.95619 66.9668 33
    endloop
  endfacet
  facet normal -0.659409 0.751784 0
    outer loop
      vertex 1.46447 66.5355 33
      vertex 1.95619 66.9668 0
      vertex 1.46447 66.5355 0
    endloop
  endfacet
  facet normal -0.321397 0.946944 0
    outer loop
      vertex 3.7059 67.8296 0
      vertex 3.08658 67.6194 33
      vertex 3.7059 67.8296 33
    endloop
  endfacet
  facet normal -0.321397 0.946944 0
    outer loop
      vertex 3.08658 67.6194 33
      vertex 3.7059 67.8296 0
      vertex 3.08658 67.6194 0
    endloop
  endfacet
  facet normal -0.980786 -0.195088 0
    outer loop
      vertex 0.17037 3.7059 0
      vertex 0.0427752 4.34737 33
      vertex 0.0427752 4.34737 0
    endloop
  endfacet
  facet normal -0.980786 -0.195088 0
    outer loop
      vertex 0.0427752 4.34737 33
      vertex 0.17037 3.7059 0
      vertex 0.17037 3.7059 33
    endloop
  endfacet
  facet normal -0.997859 0.0654055 0
    outer loop
      vertex 0 63 0
      vertex 0.0427752 63.6526 33
      vertex 0.0427752 63.6526 0
    endloop
  endfacet
  facet normal -0.997859 0.0654055 0
    outer loop
      vertex 0.0427752 63.6526 33
      vertex 0 63 0
      vertex 0 63 33
    endloop
  endfacet
  facet normal 0 0 1
    outer loop
      vertex 0 5 33
      vertex 3 5 33
      vertex 3 16.85 33
    endloop
  endfacet
  facet normal 0 -0 1
    outer loop
      vertex 0.0427752 4.34737 33
      vertex 3 5 33
      vertex 0 5 33
    endloop
  endfacet
  facet normal 0 0 1
    outer loop
      vertex 3 5 33
      vertex 1.95619 1.03323 33
      vertex 2.5 0.669872 33
    endloop
  endfacet
  facet normal 0 0 1
    outer loop
      vertex 3 5 33
      vertex 1.46447 1.46447 33
      vertex 1.95619 1.03323 33
    endloop
  endfacet
  facet normal 0 0 1
    outer loop
      vertex 3 5 33
      vertex 1.03323 1.95619 33
      vertex 1.46447 1.46447 33
    endloop
  endfacet
  facet normal 0 0 1
    outer loop
      vertex 3 5 33
      vertex 0.669872 2.5 33
      vertex 1.03323 1.95619 33
    endloop
  endfacet
  facet normal 0 0 1
    outer loop
      vertex 3 5 33
      vertex 0.380602 3.08658 33
      vertex 0.669872 2.5 33
    endloop
  endfacet
  facet normal 0 0 1
    outer loop
      vertex 3 5 33
      vertex 0.17037 3.7059 33
      vertex 0.380602 3.08658 33
    endloop
  endfacet
  facet normal 0 0 1
    outer loop
      vertex 0 5 33
      vertex 3 16.85 33
      vertex 0 16.85 33
    endloop
  endfacet
  facet normal 0 0 1
    outer loop
      vertex 3 5 33
      vertex 0.0427752 4.34737 33
      vertex 0.17037 3.7059 33
    endloop
  endfacet
  facet normal 0 0 1
    outer loop
      vertex 93 63 33
      vertex 96 63 33
      vertex 95.9572 63.6526 33
    endloop
  endfacet
  facet normal 0 0 1
    outer loop
      vertex 96 63 33
      vertex 93 63 33
      vertex 96 5 33
    endloop
  endfacet
  facet normal 0 0 1
    outer loop
      vertex 92.9829 63.2611 33
      vertex 95.9572 63.6526 33
      vertex 95.8296 64.2941 33
    endloop
  endfacet
  facet normal 0 0 1
    outer loop
      vertex 93 5 33
      vertex 96 5 33
      vertex 93 63 33
    endloop
  endfacet
  facet normal 0 0 1
    outer loop
      vertex 92.9319 63.5176 33
      vertex 95.8296 64.2941 33
      vertex 95.6194 64.9134 33
    endloop
  endfacet
  facet normal 0 0 1
    outer loop
      vertex 96 5 33
      vertex 93 5 33
      vertex 95.9572 4.34737 33
    endloop
  endfacet
  facet normal 0 0 1
    outer loop
      vertex 92.8478 63.7654 33
      vertex 95.6194 64.9134 33
      vertex 95.3301 65.5 33
    endloop
  endfacet
  facet normal -0 0 1
    outer loop
      vertex 92.9829 4.73895 33
      vertex 95.9572 4.34737 33
      vertex 93 5 33
    endloop
  endfacet
  facet normal 0 0 1
    outer loop
      vertex 92.732 64 33
      vertex 95.3301 65.5 33
      vertex 94.9668 66.0438 33
    endloop
  endfacet
  facet normal 0 0 1
    outer loop
      vertex 95.9572 4.34737 33
      vertex 92.9829 4.73895 33
      vertex 95.8296 3.7059 33
    endloop
  endfacet
  facet normal 0 0 1
    outer loop
      vertex 92.5867 64.2175 33
      vertex 94.9668 66.0438 33
      vertex 94.5355 66.5355 33
    endloop
  endfacet
  facet normal -0 0 1
    outer loop
      vertex 92.9319 4.48236 33
      vertex 95.8296 3.7059 33
      vertex 92.9829 4.73895 33
    endloop
  endfacet
  facet normal 0 0 1
    outer loop
      vertex 92.4142 64.4142 33
      vertex 94.5355 66.5355 33
      vertex 94.0438 66.9668 33
    endloop
  endfacet
  facet normal 0 0 1
    outer loop
      vertex 95.8296 3.7059 33
      vertex 92.9319 4.48236 33
      vertex 95.6194 3.08658 33
    endloop
  endfacet
  facet normal 0 0 1
    outer loop
      vertex 92.2175 64.5867 33
      vertex 94.0438 66.9668 33
      vertex 93.5 67.3301 33
    endloop
  endfacet
  facet normal -0 0 1
    outer loop
      vertex 92.8478 4.23463 33
      vertex 95.6194 3.08658 33
      vertex 92.9319 4.48236 33
    endloop
  endfacet
  facet normal 0 0 1
    outer loop
      vertex 95.6194 3.08658 33
      vertex 92.8478 4.23463 33
      vertex 95.3301 2.5 33
    endloop
  endfacet
  facet normal 0 0 1
    outer loop
      vertex 95.9572 63.6526 33
      vertex 92.9829 63.2611 33
      vertex 93 63 33
    endloop
  endfacet
  facet normal 0 0 1
    outer loop
      vertex 95.8296 64.2941 33
      vertex 92.9319 63.5176 33
      vertex 92.9829 63.2611 33
    endloop
  endfacet
  facet normal 0 0 1
    outer loop
      vertex 92 64.732 33
      vertex 93.5 67.3301 33
      vertex 92.9134 67.6194 33
    endloop
  endfacet
  facet normal 0 0 1
    outer loop
      vertex 95.6194 64.9134 33
      vertex 92.8478 63.7654 33
      vertex 92.9319 63.5176 33
    endloop
  endfacet
  facet normal 0 0 1
    outer loop
      vertex 95.3301 65.5 33
      vertex 92.732 64 33
      vertex 92.8478 63.7654 33
    endloop
  endfacet
  facet normal 0 0 1
    outer loop
      vertex 94.9668 66.0438 33
      vertex 92.5867 64.2175 33
      vertex 92.732 64 33
    endloop
  endfacet
  facet normal 0 0 1
    outer loop
      vertex 94.5355 66.5355 33
      vertex 92.4142 64.4142 33
      vertex 92.5867 64.2175 33
    endloop
  endfacet
  facet normal 0 0 1
    outer loop
      vertex 91.7654 64.8478 33
      vertex 92.9134 67.6194 33
      vertex 92.2941 67.8296 33
    endloop
  endfacet
  facet normal 0 0 1
    outer loop
      vertex 94.0438 66.9668 33
      vertex 92.2175 64.5867 33
      vertex 92.4142 64.4142 33
    endloop
  endfacet
  facet normal 0 0 1
    outer loop
      vertex 93.5 67.3301 33
      vertex 92 64.732 33
      vertex 92.2175 64.5867 33
    endloop
  endfacet
  facet normal 0 0 1
    outer loop
      vertex 92.9134 67.6194 33
      vertex 91.7654 64.8478 33
      vertex 92 64.732 33
    endloop
  endfacet
  facet normal 0 0 1
    outer loop
      vertex 91.5176 64.9319 33
      vertex 92.2941 67.8296 33
      vertex 91.6526 67.9572 33
    endloop
  endfacet
  facet normal 0 0 1
    outer loop
      vertex 92.2941 67.8296 33
      vertex 91.5176 64.9319 33
      vertex 91.7654 64.8478 33
    endloop
  endfacet
  facet normal 0 0 1
    outer loop
      vertex 91.6526 67.9572 33
      vertex 91.2611 64.9829 33
      vertex 91.5176 64.9319 33
    endloop
  endfacet
  facet normal 0 0 1
    outer loop
      vertex 91 68 33
      vertex 91.2611 64.9829 33
      vertex 91.6526 67.9572 33
    endloop
  endfacet
  facet normal 0 0 1
    outer loop
      vertex 91 68 33
      vertex 91 65 33
      vertex 91.2611 64.9829 33
    endloop
  endfacet
  facet normal -0 0 1
    outer loop
      vertex 5 68 33
      vertex 91 65 33
      vertex 91 68 33
    endloop
  endfacet
  facet normal 0 0 1
    outer loop
      vertex 5 68 33
      vertex 5 65 33
      vertex 91 65 33
    endloop
  endfacet
  facet normal 0 0 1
    outer loop
      vertex 5 68 33
      vertex 4.73895 64.9829 33
      vertex 5 65 33
    endloop
  endfacet
  facet normal -0 0 1
    outer loop
      vertex 4.34737 67.9572 33
      vertex 4.73895 64.9829 33
      vertex 5 68 33
    endloop
  endfacet
  facet normal 0 0 1
    outer loop
      vertex 4.73895 64.9829 33
      vertex 4.34737 67.9572 33
      vertex 4.48236 64.9319 33
    endloop
  endfacet
  facet normal -0 0 1
    outer loop
      vertex 3.7059 67.8296 33
      vertex 4.48236 64.9319 33
      vertex 4.34737 67.9572 33
    endloop
  endfacet
  facet normal 0 0 1
    outer loop
      vertex 4.48236 64.9319 33
      vertex 3.7059 67.8296 33
      vertex 4.23463 64.8478 33
    endloop
  endfacet
  facet normal -0 0 1
    outer loop
      vertex 3.08658 67.6194 33
      vertex 4.23463 64.8478 33
      vertex 3.7059 67.8296 33
    endloop
  endfacet
  facet normal 0 0 1
    outer loop
      vertex 4.23463 64.8478 33
      vertex 3.08658 67.6194 33
      vertex 4 64.732 33
    endloop
  endfacet
  facet normal -0 0 1
    outer loop
      vertex 2.5 67.3301 33
      vertex 4 64.732 33
      vertex 3.08658 67.6194 33
    endloop
  endfacet
  facet normal 0 0 1
    outer loop
      vertex 4 64.732 33
      vertex 2.5 67.3301 33
      vertex 3.78248 64.5867 33
    endloop
  endfacet
  facet normal -0 0 1
    outer loop
      vertex 1.95619 66.9668 33
      vertex 3.78248 64.5867 33
      vertex 2.5 67.3301 33
    endloop
  endfacet
  facet normal 0 0 1
    outer loop
      vertex 3.78248 64.5867 33
      vertex 1.95619 66.9668 33
      vertex 3.58579 64.4142 33
    endloop
  endfacet
  facet normal -0 0 1
    outer loop
      vertex 1.46447 66.5355 33
      vertex 3.58579 64.4142 33
      vertex 1.95619 66.9668 33
    endloop
  endfacet
  facet normal 0 0 1
    outer loop
      vertex 3.58579 64.4142 33
      vertex 1.46447 66.5355 33
      vertex 3.41329 64.2175 33
    endloop
  endfacet
  facet normal -0 0 1
    outer loop
      vertex 1.03323 66.0438 33
      vertex 3.41329 64.2175 33
      vertex 1.46447 66.5355 33
    endloop
  endfacet
  facet normal 0 0 1
    outer loop
      vertex 3.41329 64.2175 33
      vertex 1.03323 66.0438 33
      vertex 3.26795 64 33
    endloop
  endfacet
  facet normal -0 0 1
    outer loop
      vertex 0.669872 65.5 33
      vertex 3.26795 64 33
      vertex 1.03323 66.0438 33
    endloop
  endfacet
  facet normal 0 0 1
    outer loop
      vertex 3.26795 64 33
      vertex 0.669872 65.5 33
      vertex 3.15224 63.7654 33
    endloop
  endfacet
  facet normal -0 0 1
    outer loop
      vertex 0.380602 64.9134 33
      vertex 3.15224 63.7654 33
      vertex 0.669872 65.5 33
    endloop
  endfacet
  facet normal 0 0 1
    outer loop
      vertex 3.15224 63.7654 33
      vertex 0.380602 64.9134 33
      vertex 3.06815 63.5176 33
    endloop
  endfacet
  facet normal -0 0 1
    outer loop
      vertex 0.17037 64.2941 33
      vertex 3.06815 63.5176 33
      vertex 0.380602 64.9134 33
    endloop
  endfacet
  facet normal 0 0 1
    outer loop
      vertex 3.06815 63.5176 33
      vertex 0.17037 64.2941 33
      vertex 3.01711 63.2611 33
    endloop
  endfacet
  facet normal -0 0 1
    outer loop
      vertex 0.0427752 63.6526 33
      vertex 3.01711 63.2611 33
      vertex 0.17037 64.2941 33
    endloop
  endfacet
  facet normal 0 0 1
    outer loop
      vertex 3.01711 63.2611 33
      vertex 0.0427752 63.6526 33
      vertex 3 63 33
    endloop
  endfacet
  facet normal 0 0 1
    outer loop
      vertex 3 63 33
      vertex 0.0427752 63.6526 33
      vertex 0 63 33
    endloop
  endfacet
  facet normal 0 0 1
    outer loop
      vertex 3 63 33
      vertex 0 63 33
      vertex 3 39.35 33
    endloop
  endfacet
  facet normal 0 0 1
    outer loop
      vertex 3 39.35 33
      vertex 0 63 33
      vertex 0 39.35 33
    endloop
  endfacet
  facet normal -0 0 1
    outer loop
      vertex 92.732 4 33
      vertex 95.3301 2.5 33
      vertex 92.8478 4.23463 33
    endloop
  endfacet
  facet normal 0 0 1
    outer loop
      vertex 95.3301 2.5 33
      vertex 92.732 4 33
      vertex 94.9668 1.95619 33
    endloop
  endfacet
  facet normal -0 0 1
    outer loop
      vertex 92.5867 3.78248 33
      vertex 94.9668 1.95619 33
      vertex 92.732 4 33
    endloop
  endfacet
  facet normal 0 0 1
    outer loop
      vertex 94.9668 1.95619 33
      vertex 92.5867 3.78248 33
      vertex 94.5355 1.46447 33
    endloop
  endfacet
  facet normal -0 0 1
    outer loop
      vertex 92.4142 3.58579 33
      vertex 94.5355 1.46447 33
      vertex 92.5867 3.78248 33
    endloop
  endfacet
  facet normal 0 0 1
    outer loop
      vertex 94.5355 1.46447 33
      vertex 92.4142 3.58579 33
      vertex 94.0438 1.03323 33
    endloop
  endfacet
  facet normal -0 0 1
    outer loop
      vertex 92.2175 3.41329 33
      vertex 94.0438 1.03323 33
      vertex 92.4142 3.58579 33
    endloop
  endfacet
  facet normal 0 0 1
    outer loop
      vertex 94.0438 1.03323 33
      vertex 92.2175 3.41329 33
      vertex 93.5 0.669872 33
    endloop
  endfacet
  facet normal -0 0 1
    outer loop
      vertex 92 3.26795 33
      vertex 93.5 0.669872 33
      vertex 92.2175 3.41329 33
    endloop
  endfacet
  facet normal 0 0 1
    outer loop
      vertex 93.5 0.669872 33
      vertex 92 3.26795 33
      vertex 92.9134 0.380602 33
    endloop
  endfacet
  facet normal -0 0 1
    outer loop
      vertex 91.7654 3.15224 33
      vertex 92.9134 0.380602 33
      vertex 92 3.26795 33
    endloop
  endfacet
  facet normal 0 0 1
    outer loop
      vertex 92.9134 0.380602 33
      vertex 91.7654 3.15224 33
      vertex 92.2941 0.17037 33
    endloop
  endfacet
  facet normal -0 0 1
    outer loop
      vertex 91.5176 3.06815 33
      vertex 92.2941 0.17037 33
      vertex 91.7654 3.15224 33
    endloop
  endfacet
  facet normal 0 0 1
    outer loop
      vertex 92.2941 0.17037 33
      vertex 91.5176 3.06815 33
      vertex 91.6526 0.0427752 33
    endloop
  endfacet
  facet normal -0 0 1
    outer loop
      vertex 91.2611 3.01711 33
      vertex 91.6526 0.0427752 33
      vertex 91.5176 3.06815 33
    endloop
  endfacet
  facet normal -0 0 1
    outer loop
      vertex 91 3 33
      vertex 91.6526 0.0427752 33
      vertex 91.2611 3.01711 33
    endloop
  endfacet
  facet normal 0 0 1
    outer loop
      vertex 91 3 33
      vertex 91 0 33
      vertex 91.6526 0.0427752 33
    endloop
  endfacet
  facet normal -0 0 1
    outer loop
      vertex 5 3 33
      vertex 91 0 33
      vertex 91 3 33
    endloop
  endfacet
  facet normal 0 0 1
    outer loop
      vertex 5 3 33
      vertex 5 0 33
      vertex 91 0 33
    endloop
  endfacet
  facet normal 0 0 1
    outer loop
      vertex 4.73895 3.01711 33
      vertex 5 0 33
      vertex 5 3 33
    endloop
  endfacet
  facet normal 0 0 1
    outer loop
      vertex 4.34737 0.0427752 33
      vertex 4.73895 3.01711 33
      vertex 4.48236 3.06815 33
    endloop
  endfacet
  facet normal 0 0 1
    outer loop
      vertex 4.73895 3.01711 33
      vertex 4.34737 0.0427752 33
      vertex 5 0 33
    endloop
  endfacet
  facet normal 0 0 1
    outer loop
      vertex 3.7059 0.17037 33
      vertex 4.48236 3.06815 33
      vertex 4.23463 3.15224 33
    endloop
  endfacet
  facet normal 0 0 1
    outer loop
      vertex 3.08658 0.380602 33
      vertex 4.23463 3.15224 33
      vertex 4 3.26795 33
    endloop
  endfacet
  facet normal 0 0 1
    outer loop
      vertex 2.5 0.669872 33
      vertex 4 3.26795 33
      vertex 3.78248 3.41329 33
    endloop
  endfacet
  facet normal 0 0 1
    outer loop
      vertex 4.48236 3.06815 33
      vertex 3.7059 0.17037 33
      vertex 4.34737 0.0427752 33
    endloop
  endfacet
  facet normal 0 0 1
    outer loop
      vertex 2.5 0.669872 33
      vertex 3.78248 3.41329 33
      vertex 3.58579 3.58579 33
    endloop
  endfacet
  facet normal 0 0 1
    outer loop
      vertex 2.5 0.669872 33
      vertex 3.58579 3.58579 33
      vertex 3.41329 3.78248 33
    endloop
  endfacet
  facet normal 0 0 1
    outer loop
      vertex 2.5 0.669872 33
      vertex 3.41329 3.78248 33
      vertex 3.26795 4 33
    endloop
  endfacet
  facet normal 0 0 1
    outer loop
      vertex 2.5 0.669872 33
      vertex 3.26795 4 33
      vertex 3.15224 4.23463 33
    endloop
  endfacet
  facet normal 0 0 1
    outer loop
      vertex 4.23463 3.15224 33
      vertex 3.08658 0.380602 33
      vertex 3.7059 0.17037 33
    endloop
  endfacet
  facet normal 0 0 1
    outer loop
      vertex 2.5 0.669872 33
      vertex 3.15224 4.23463 33
      vertex 3.06815 4.48236 33
    endloop
  endfacet
  facet normal 0 0 1
    outer loop
      vertex 2.5 0.669872 33
      vertex 3.06815 4.48236 33
      vertex 3.01711 4.73895 33
    endloop
  endfacet
  facet normal 0 0 1
    outer loop
      vertex 2.5 0.669872 33
      vertex 3.01711 4.73895 33
      vertex 3 5 33
    endloop
  endfacet
  facet normal 0 0 1
    outer loop
      vertex 4 3.26795 33
      vertex 2.5 0.669872 33
      vertex 3.08658 0.380602 33
    endloop
  endfacet
  facet normal 0.195079 -0.980787 0
    outer loop
      vertex 91.6526 0.0427752 0
      vertex 92.2941 0.17037 33
      vertex 91.6526 0.0427752 33
    endloop
  endfacet
  facet normal 0.195079 -0.980787 0
    outer loop
      vertex 92.2941 0.17037 33
      vertex 91.6526 0.0427752 0
      vertex 92.2941 0.17037 0
    endloop
  endfacet
  facet normal -0.195088 -0.980786 0
    outer loop
      vertex 3.7059 0.17037 0
      vertex 4.34737 0.0427752 33
      vertex 3.7059 0.17037 33
    endloop
  endfacet
  facet normal -0.195088 -0.980786 -0
    outer loop
      vertex 4.34737 0.0427752 33
      vertex 3.7059 0.17037 0
      vertex 4.34737 0.0427752 0
    endloop
  endfacet
  facet normal 0.659424 0.751771 -0
    outer loop
      vertex 94.5355 66.5355 0
      vertex 94.0438 66.9668 33
      vertex 94.5355 66.5355 33
    endloop
  endfacet
  facet normal 0.659424 0.751771 0
    outer loop
      vertex 94.0438 66.9668 33
      vertex 94.5355 66.5355 0
      vertex 94.0438 66.9668 0
    endloop
  endfacet
  facet normal 0.442277 -0.896878 0
    outer loop
      vertex 92.9134 0.380602 0
      vertex 93.5 0.669872 33
      vertex 92.9134 0.380602 33
    endloop
  endfacet
  facet normal 0.442277 -0.896878 0
    outer loop
      vertex 93.5 0.669872 33
      vertex 92.9134 0.380602 0
      vertex 93.5 0.669872 0
    endloop
  endfacet
  facet normal -0.896872 -0.44229 0
    outer loop
      vertex 0.669872 2.5 0
      vertex 0.380602 3.08658 33
      vertex 0.380602 3.08658 0
    endloop
  endfacet
  facet normal -0.896872 -0.44229 0
    outer loop
      vertex 0.380602 3.08658 33
      vertex 0.669872 2.5 0
      vertex 0.669872 2.5 33
    endloop
  endfacet
  facet normal 0.0654055 -0.997859 0
    outer loop
      vertex 91 0 0
      vertex 91.6526 0.0427752 33
      vertex 91 0 33
    endloop
  endfacet
  facet normal 0.0654055 -0.997859 0
    outer loop
      vertex 91.6526 0.0427752 33
      vertex 91 0 0
      vertex 91.6526 0.0427752 0
    endloop
  endfacet
  facet normal 0.659372 -0.751817 0
    outer loop
      vertex 94.0438 1.03323 0
      vertex 94.5355 1.46447 33
      vertex 94.0438 1.03323 33
    endloop
  endfacet
  facet normal 0.659372 -0.751817 0
    outer loop
      vertex 94.5355 1.46447 33
      vertex 94.0438 1.03323 0
      vertex 94.5355 1.46447 0
    endloop
  endfacet
  facet normal 0.321407 0.946941 -0
    outer loop
      vertex 92.9134 67.6194 0
      vertex 92.2941 67.8296 33
      vertex 92.9134 67.6194 33
    endloop
  endfacet
  facet normal 0.321407 0.946941 0
    outer loop
      vertex 92.2941 67.8296 33
      vertex 92.9134 67.6194 0
      vertex 92.2941 67.8296 0
    endloop
  endfacet
  facet normal 0.896854 -0.442327 0
    outer loop
      vertex 95.3301 2.5 33
      vertex 95.6194 3.08658 0
      vertex 95.6194 3.08658 33
    endloop
  endfacet
  facet normal 0.896854 -0.442327 0
    outer loop
      vertex 95.6194 3.08658 0
      vertex 95.3301 2.5 33
      vertex 95.3301 2.5 0
    endloop
  endfacet
  facet normal 0.89686 0.442314 0
    outer loop
      vertex 95.6194 64.9134 33
      vertex 95.3301 65.5 0
      vertex 95.3301 65.5 33
    endloop
  endfacet
  facet normal 0.89686 0.442314 0
    outer loop
      vertex 95.3301 65.5 0
      vertex 95.6194 64.9134 33
      vertex 95.6194 64.9134 0
    endloop
  endfacet
  facet normal 0.946944 -0.321397 0
    outer loop
      vertex 95.6194 3.08658 33
      vertex 95.8296 3.7059 0
      vertex 95.8296 3.7059 33
    endloop
  endfacet
  facet normal 0.946944 -0.321397 0
    outer loop
      vertex 95.8296 3.7059 0
      vertex 95.6194 3.08658 33
      vertex 95.6194 3.08658 0
    endloop
  endfacet
  facet normal -0.555504 0.831514 0
    outer loop
      vertex 2.5 67.3301 0
      vertex 1.95619 66.9668 33
      vertex 2.5 67.3301 33
    endloop
  endfacet
  facet normal -0.555504 0.831514 0
    outer loop
      vertex 1.95619 66.9668 33
      vertex 2.5 67.3301 0
      vertex 1.95619 66.9668 0
    endloop
  endfacet
  facet normal 0.980784 -0.195096 0
    outer loop
      vertex 95.8296 3.7059 33
      vertex 95.9572 4.34737 0
      vertex 95.9572 4.34737 33
    endloop
  endfacet
  facet normal 0.980784 -0.195096 0
    outer loop
      vertex 95.9572 4.34737 0
      vertex 95.8296 3.7059 33
      vertex 95.8296 3.7059 0
    endloop
  endfacet
  facet normal 0 0 -1
    outer loop
      vertex 0 26 0
      vertex -3.75 34 0
      vertex 0 42 0
    endloop
  endfacet
  facet normal 0 0 -1
    outer loop
      vertex 0 26 0
      vertex -3.7778 33.5758 0
      vertex -3.75 34 0
    endloop
  endfacet
  facet normal 0 0 -1
    outer loop
      vertex 0 26 0
      vertex -3.86074 33.1588 0
      vertex -3.7778 33.5758 0
    endloop
  endfacet
  facet normal 0 0 -1
    outer loop
      vertex 0 26 0
      vertex -3.99739 32.7563 0
      vertex -3.86074 33.1588 0
    endloop
  endfacet
  facet normal 0 0 -1
    outer loop
      vertex 0 26 0
      vertex -4.18542 32.375 0
      vertex -3.99739 32.7563 0
    endloop
  endfacet
  facet normal 0 0 -1
    outer loop
      vertex 0 26 0
      vertex -4.4216 32.0215 0
      vertex -4.18542 32.375 0
    endloop
  endfacet
  facet normal 0 0 -1
    outer loop
      vertex 0 26 0
      vertex -4.7019 31.7019 0
      vertex -4.4216 32.0215 0
    endloop
  endfacet
  facet normal 0 0 -1
    outer loop
      vertex 0 26 0
      vertex -5.02153 31.4216 0
      vertex -4.7019 31.7019 0
    endloop
  endfacet
  facet normal 0 0 -1
    outer loop
      vertex 0 26 0
      vertex -5.375 31.1854 0
      vertex -5.02153 31.4216 0
    endloop
  endfacet
  facet normal 0 0 -1
    outer loop
      vertex -7 26 0
      vertex -5.375 31.1854 0
      vertex 0 26 0
    endloop
  endfacet
  facet normal 0 0 -1
    outer loop
      vertex -5.375 31.1854 0
      vertex -7 26 0
      vertex -5.75628 30.9974 0
    endloop
  endfacet
  facet normal 0 0 -1
    outer loop
      vertex -5.75628 30.9974 0
      vertex -7 26 0
      vertex -6.15884 30.8607 0
    endloop
  endfacet
  facet normal 0 0 -1
    outer loop
      vertex -6.15884 30.8607 0
      vertex -7 26 0
      vertex -6.57579 30.7778 0
    endloop
  endfacet
  facet normal 0 0 -1
    outer loop
      vertex -7 26 0
      vertex -7 30.75 0
      vertex -6.57579 30.7778 0
    endloop
  endfacet
  facet normal 0 0 -1
    outer loop
      vertex -7 26 0
      vertex -7.42421 30.7778 0
      vertex -7 30.75 0
    endloop
  endfacet
  facet normal 0 0 -1
    outer loop
      vertex -8.04421 26.0684 0
      vertex -7.42421 30.7778 0
      vertex -7 26 0
    endloop
  endfacet
  facet normal -0 0 -1
    outer loop
      vertex -7.42421 30.7778 0
      vertex -8.04421 26.0684 0
      vertex -7.84116 30.8607 0
    endloop
  endfacet
  facet normal 0 0 -1
    outer loop
      vertex -9.07055 26.2726 0
      vertex -7.84116 30.8607 0
      vertex -8.04421 26.0684 0
    endloop
  endfacet
  facet normal -0 0 -1
    outer loop
      vertex -7.84116 30.8607 0
      vertex -9.07055 26.2726 0
      vertex -8.24372 30.9974 0
    endloop
  endfacet
  facet normal 0 0 -1
    outer loop
      vertex -10.0615 26.609 0
      vertex -8.24372 30.9974 0
      vertex -9.07055 26.2726 0
    endloop
  endfacet
  facet normal -0 0 -1
    outer loop
      vertex -8.24372 30.9974 0
      vertex -10.0615 26.609 0
      vertex -8.625 31.1854 0
    endloop
  endfacet
  facet normal 0 0 -1
    outer loop
      vertex -11 27.0718 0
      vertex -8.625 31.1854 0
      vertex -10.0615 26.609 0
    endloop
  endfacet
  facet normal -0 0 -1
    outer loop
      vertex -8.625 31.1854 0
      vertex -11 27.0718 0
      vertex -8.97848 31.4216 0
    endloop
  endfacet
  facet normal 0 0 -1
    outer loop
      vertex -11.8701 27.6532 0
      vertex -8.97848 31.4216 0
      vertex -11 27.0718 0
    endloop
  endfacet
  facet normal -0 0 -1
    outer loop
      vertex -8.97848 31.4216 0
      vertex -11.8701 27.6532 0
      vertex -9.2981 31.7019 0
    endloop
  endfacet
  facet normal 0 0 -1
    outer loop
      vertex -12.6569 28.3431 0
      vertex -9.2981 31.7019 0
      vertex -11.8701 27.6532 0
    endloop
  endfacet
  facet normal -0 0 -1
    outer loop
      vertex -9.2981 31.7019 0
      vertex -12.6569 28.3431 0
      vertex -9.5784 32.0215 0
    endloop
  endfacet
  facet normal 0 0 -1
    outer loop
      vertex -13.3468 29.1299 0
      vertex -9.5784 32.0215 0
      vertex -12.6569 28.3431 0
    endloop
  endfacet
  facet normal -0 0 -1
    outer loop
      vertex -9.5784 32.0215 0
      vertex -13.3468 29.1299 0
      vertex -9.81458 32.375 0
    endloop
  endfacet
  facet normal 0 0 -1
    outer loop
      vertex -13.9282 30 0
      vertex -9.81458 32.375 0
      vertex -13.3468 29.1299 0
    endloop
  endfacet
  facet normal 0 0 -1
    outer loop
      vertex 91 0 0
      vertex 96 26 0
      vertex 96 5 0
    endloop
  endfacet
  facet normal 0 0 -1
    outer loop
      vertex 0 26 0
      vertex 96 26 0
      vertex 91 0 0
    endloop
  endfacet
  facet normal 0 0 -1
    outer loop
      vertex 91 0 0
      vertex 96 5 0
      vertex 95.9572 4.34737 0
    endloop
  endfacet
  facet normal 0 0 -1
    outer loop
      vertex 96 26 0
      vertex 0 26 0
      vertex 96 42 0
    endloop
  endfacet
  facet normal 0 0 -1
    outer loop
      vertex 91 0 0
      vertex 95.9572 4.34737 0
      vertex 95.8296 3.7059 0
    endloop
  endfacet
  facet normal 0 0 -1
    outer loop
      vertex 96 42 0
      vertex 91 68 0
      vertex 96 63 0
    endloop
  endfacet
  facet normal 0 0 -1
    outer loop
      vertex 91 0 0
      vertex 95.8296 3.7059 0
      vertex 95.6194 3.08658 0
    endloop
  endfacet
  facet normal 0 0 -1
    outer loop
      vertex 96 63 0
      vertex 91 68 0
      vertex 95.9572 63.6526 0
    endloop
  endfacet
  facet normal 0 0 -1
    outer loop
      vertex 91 0 0
      vertex 95.6194 3.08658 0
      vertex 95.3301 2.5 0
    endloop
  endfacet
  facet normal 0 0 -1
    outer loop
      vertex 95.9572 63.6526 0
      vertex 91 68 0
      vertex 95.8296 64.2941 0
    endloop
  endfacet
  facet normal 0 0 -1
    outer loop
      vertex 91 0 0
      vertex 95.3301 2.5 0
      vertex 94.9668 1.95619 0
    endloop
  endfacet
  facet normal 0 0 -1
    outer loop
      vertex 95.8296 64.2941 0
      vertex 91 68 0
      vertex 95.6194 64.9134 0
    endloop
  endfacet
  facet normal 0 0 -1
    outer loop
      vertex 91 0 0
      vertex 94.9668 1.95619 0
      vertex 94.5355 1.46447 0
    endloop
  endfacet
  facet normal 0 0 -1
    outer loop
      vertex 95.6194 64.9134 0
      vertex 91 68 0
      vertex 95.3301 65.5 0
    endloop
  endfacet
  facet normal 0 0 -1
    outer loop
      vertex 91 0 0
      vertex 94.5355 1.46447 0
      vertex 94.0438 1.03323 0
    endloop
  endfacet
  facet normal 0 0 -1
    outer loop
      vertex 95.3301 65.5 0
      vertex 91 68 0
      vertex 94.9668 66.0438 0
    endloop
  endfacet
  facet normal 0 0 -1
    outer loop
      vertex 91 0 0
      vertex 94.0438 1.03323 0
      vertex 93.5 0.669872 0
    endloop
  endfacet
  facet normal 0 0 -1
    outer loop
      vertex 94.9668 66.0438 0
      vertex 91 68 0
      vertex 94.5355 66.5355 0
    endloop
  endfacet
  facet normal 0 0 -1
    outer loop
      vertex 91 0 0
      vertex 93.5 0.669872 0
      vertex 92.9134 0.380602 0
    endloop
  endfacet
  facet normal 0 0 -1
    outer loop
      vertex 94.5355 66.5355 0
      vertex 91 68 0
      vertex 94.0438 66.9668 0
    endloop
  endfacet
  facet normal 0 0 -1
    outer loop
      vertex 91 0 0
      vertex 92.9134 0.380602 0
      vertex 92.2941 0.17037 0
    endloop
  endfacet
  facet normal 0 0 -1
    outer loop
      vertex 94.0438 66.9668 0
      vertex 91 68 0
      vertex 93.5 67.3301 0
    endloop
  endfacet
  facet normal 0 0 -1
    outer loop
      vertex 91 0 0
      vertex 92.2941 0.17037 0
      vertex 91.6526 0.0427752 0
    endloop
  endfacet
  facet normal 0 0 -1
    outer loop
      vertex 93.5 67.3301 0
      vertex 91 68 0
      vertex 92.9134 67.6194 0
    endloop
  endfacet
  facet normal 0 0 -1
    outer loop
      vertex 92.9134 67.6194 0
      vertex 91 68 0
      vertex 92.2941 67.8296 0
    endloop
  endfacet
  facet normal 0 0 -1
    outer loop
      vertex 92.2941 67.8296 0
      vertex 91 68 0
      vertex 91.6526 67.9572 0
    endloop
  endfacet
  facet normal 0 0 -1
    outer loop
      vertex 0 26 0
      vertex 91 0 0
      vertex 5 0 0
    endloop
  endfacet
  facet normal 0 0 -1
    outer loop
      vertex 0 42 0
      vertex 96 42 0
      vertex 0 26 0
    endloop
  endfacet
  facet normal 0 0 -1
    outer loop
      vertex 0 5 0
      vertex 5 0 0
      vertex 4.34737 0.0427752 0
    endloop
  endfacet
  facet normal 0 0 -1
    outer loop
      vertex 96 42 0
      vertex 0 42 0
      vertex 91 68 0
    endloop
  endfacet
  facet normal 0 0 -1
    outer loop
      vertex 0 5 0
      vertex 4.34737 0.0427752 0
      vertex 3.7059 0.17037 0
    endloop
  endfacet
  facet normal -0 0 -1
    outer loop
      vertex 91 68 0
      vertex 0 42 0
      vertex 5 68 0
    endloop
  endfacet
  facet normal 0 0 -1
    outer loop
      vertex 0 5 0
      vertex 3.7059 0.17037 0
      vertex 3.08658 0.380602 0
    endloop
  endfacet
  facet normal 0 0 -1
    outer loop
      vertex 0 63 0
      vertex 5 68 0
      vertex 0 42 0
    endloop
  endfacet
  facet normal 0 0 -1
    outer loop
      vertex 0 5 0
      vertex 3.08658 0.380602 0
      vertex 2.5 0.669872 0
    endloop
  endfacet
  facet normal 0 0 -1
    outer loop
      vertex 5 68 0
      vertex 0 63 0
      vertex 4.34737 67.9572 0
    endloop
  endfacet
  facet normal 0 0 -1
    outer loop
      vertex 0 5 0
      vertex 2.5 0.669872 0
      vertex 1.95619 1.03323 0
    endloop
  endfacet
  facet normal 0 0 -1
    outer loop
      vertex 4.34737 67.9572 0
      vertex 0 63 0
      vertex 3.7059 67.8296 0
    endloop
  endfacet
  facet normal 0 0 -1
    outer loop
      vertex 0 5 0
      vertex 1.95619 1.03323 0
      vertex 1.46447 1.46447 0
    endloop
  endfacet
  facet normal 0 0 -1
    outer loop
      vertex 3.7059 67.8296 0
      vertex 0 63 0
      vertex 3.08658 67.6194 0
    endloop
  endfacet
  facet normal 0 0 -1
    outer loop
      vertex 0 5 0
      vertex 1.46447 1.46447 0
      vertex 1.03323 1.95619 0
    endloop
  endfacet
  facet normal 0 0 -1
    outer loop
      vertex 3.08658 67.6194 0
      vertex 0 63 0
      vertex 2.5 67.3301 0
    endloop
  endfacet
  facet normal 0 0 -1
    outer loop
      vertex 0 5 0
      vertex 1.03323 1.95619 0
      vertex 0.669872 2.5 0
    endloop
  endfacet
  facet normal 0 0 -1
    outer loop
      vertex 2.5 67.3301 0
      vertex 0 63 0
      vertex 1.95619 66.9668 0
    endloop
  endfacet
  facet normal 0 0 -1
    outer loop
      vertex 0 5 0
      vertex 0.669872 2.5 0
      vertex 0.380602 3.08658 0
    endloop
  endfacet
  facet normal 0 0 -1
    outer loop
      vertex 1.95619 66.9668 0
      vertex 0 63 0
      vertex 1.46447 66.5355 0
    endloop
  endfacet
  facet normal 0 0 -1
    outer loop
      vertex 0 5 0
      vertex 0.380602 3.08658 0
      vertex 0.17037 3.7059 0
    endloop
  endfacet
  facet normal 0 0 -1
    outer loop
      vertex 1.46447 66.5355 0
      vertex 0 63 0
      vertex 1.03323 66.0438 0
    endloop
  endfacet
  facet normal 0 0 -1
    outer loop
      vertex 0 5 0
      vertex 0.17037 3.7059 0
      vertex 0.0427752 4.34737 0
    endloop
  endfacet
  facet normal 0 0 -1
    outer loop
      vertex 1.03323 66.0438 0
      vertex 0 63 0
      vertex 0.669872 65.5 0
    endloop
  endfacet
  facet normal 0 0 -1
    outer loop
      vertex 5 0 0
      vertex 0 5 0
      vertex 0 26 0
    endloop
  endfacet
  facet normal 0 0 -1
    outer loop
      vertex 0.669872 65.5 0
      vertex 0 63 0
      vertex 0.380602 64.9134 0
    endloop
  endfacet
  facet normal 0 0 -1
    outer loop
      vertex 0.380602 64.9134 0
      vertex 0 63 0
      vertex 0.17037 64.2941 0
    endloop
  endfacet
  facet normal 0 0 -1
    outer loop
      vertex 0.17037 64.2941 0
      vertex 0 63 0
      vertex 0.0427752 63.6526 0
    endloop
  endfacet
  facet normal 0 0 -1
    outer loop
      vertex -3.7778 34.4242 0
      vertex 0 42 0
      vertex -3.75 34 0
    endloop
  endfacet
  facet normal 0 0 -1
    outer loop
      vertex -3.86074 34.8412 0
      vertex 0 42 0
      vertex -3.7778 34.4242 0
    endloop
  endfacet
  facet normal 0 0 -1
    outer loop
      vertex -3.99739 35.2437 0
      vertex 0 42 0
      vertex -3.86074 34.8412 0
    endloop
  endfacet
  facet normal 0 0 -1
    outer loop
      vertex -4.18542 35.625 0
      vertex 0 42 0
      vertex -3.99739 35.2437 0
    endloop
  endfacet
  facet normal 0 0 -1
    outer loop
      vertex -4.4216 35.9785 0
      vertex 0 42 0
      vertex -4.18542 35.625 0
    endloop
  endfacet
  facet normal 0 0 -1
    outer loop
      vertex -4.7019 36.2981 0
      vertex 0 42 0
      vertex -4.4216 35.9785 0
    endloop
  endfacet
  facet normal 0 0 -1
    outer loop
      vertex -5.02153 36.5784 0
      vertex 0 42 0
      vertex -4.7019 36.2981 0
    endloop
  endfacet
  facet normal 0 0 -1
    outer loop
      vertex -5.375 36.8146 0
      vertex 0 42 0
      vertex -5.02153 36.5784 0
    endloop
  endfacet
  facet normal 0 0 -1
    outer loop
      vertex -7 42 0
      vertex -5.375 36.8146 0
      vertex -5.75628 37.0026 0
    endloop
  endfacet
  facet normal 0 0 -1
    outer loop
      vertex -7 42 0
      vertex -5.75628 37.0026 0
      vertex -6.15884 37.1393 0
    endloop
  endfacet
  facet normal 0 0 -1
    outer loop
      vertex -7 42 0
      vertex -6.15884 37.1393 0
      vertex -6.57579 37.2222 0
    endloop
  endfacet
  facet normal 0 0 -1
    outer loop
      vertex -7 42 0
      vertex -6.57579 37.2222 0
      vertex -7 37.25 0
    endloop
  endfacet
  facet normal 0 0 -1
    outer loop
      vertex -5.375 36.8146 0
      vertex -7 42 0
      vertex 0 42 0
    endloop
  endfacet
  facet normal 0 0 -1
    outer loop
      vertex -7.42421 37.2222 0
      vertex -7 42 0
      vertex -7 37.25 0
    endloop
  endfacet
  facet normal 0 0 -1
    outer loop
      vertex -8.04421 41.9316 0
      vertex -7.42421 37.2222 0
      vertex -7.84116 37.1393 0
    endloop
  endfacet
  facet normal 0 0 -1
    outer loop
      vertex -7.42421 37.2222 0
      vertex -8.04421 41.9316 0
      vertex -7 42 0
    endloop
  endfacet
  facet normal 0 0 -1
    outer loop
      vertex -9.07055 41.7274 0
      vertex -7.84116 37.1393 0
      vertex -8.24372 37.0026 0
    endloop
  endfacet
  facet normal 0 0 -1
    outer loop
      vertex -10.0615 41.391 0
      vertex -8.24372 37.0026 0
      vertex -8.625 36.8146 0
    endloop
  endfacet
  facet normal 0 0 -1
    outer loop
      vertex -11 40.9282 0
      vertex -8.625 36.8146 0
      vertex -8.97848 36.5784 0
    endloop
  endfacet
  facet normal 0 0 -1
    outer loop
      vertex -7.84116 37.1393 0
      vertex -9.07055 41.7274 0
      vertex -8.04421 41.9316 0
    endloop
  endfacet
  facet normal 0 0 -1
    outer loop
      vertex -11.8701 40.3468 0
      vertex -8.97848 36.5784 0
      vertex -9.2981 36.2981 0
    endloop
  endfacet
  facet normal 0 0 -1
    outer loop
      vertex -12.6569 39.6569 0
      vertex -9.2981 36.2981 0
      vertex -9.5784 35.9785 0
    endloop
  endfacet
  facet normal 0 0 -1
    outer loop
      vertex -13.3468 38.8701 0
      vertex -9.5784 35.9785 0
      vertex -9.81458 35.625 0
    endloop
  endfacet
  facet normal 0 0 -1
    outer loop
      vertex -13.9282 38 0
      vertex -9.81458 35.625 0
      vertex -10.0026 35.2437 0
    endloop
  endfacet
  facet normal 0 0 -1
    outer loop
      vertex -8.24372 37.0026 0
      vertex -10.0615 41.391 0
      vertex -9.07055 41.7274 0
    endloop
  endfacet
  facet normal 0 0 -1
    outer loop
      vertex -14.391 37.0615 0
      vertex -10.0026 35.2437 0
      vertex -10.1393 34.8412 0
    endloop
  endfacet
  facet normal 0 0 -1
    outer loop
      vertex -14.7274 36.0706 0
      vertex -10.1393 34.8412 0
      vertex -10.2222 34.4242 0
    endloop
  endfacet
  facet normal 0 0 -1
    outer loop
      vertex -14.9316 35.0442 0
      vertex -10.2222 34.4242 0
      vertex -10.25 34 0
    endloop
  endfacet
  facet normal -0 0 -1
    outer loop
      vertex -9.81458 32.375 0
      vertex -13.9282 30 0
      vertex -10.0026 32.7563 0
    endloop
  endfacet
  facet normal 0 0 -1
    outer loop
      vertex -8.625 36.8146 0
      vertex -11 40.9282 0
      vertex -10.0615 41.391 0
    endloop
  endfacet
  facet normal 0 0 -1
    outer loop
      vertex -14.391 30.9385 0
      vertex -10.0026 32.7563 0
      vertex -13.9282 30 0
    endloop
  endfacet
  facet normal 0 0 -1
    outer loop
      vertex -8.97848 36.5784 0
      vertex -11.8701 40.3468 0
      vertex -11 40.9282 0
    endloop
  endfacet
  facet normal -0 0 -1
    outer loop
      vertex -10.0026 32.7563 0
      vertex -14.391 30.9385 0
      vertex -10.1393 33.1588 0
    endloop
  endfacet
  facet normal 0 0 -1
    outer loop
      vertex -9.2981 36.2981 0
      vertex -12.6569 39.6569 0
      vertex -11.8701 40.3468 0
    endloop
  endfacet
  facet normal 0 0 -1
    outer loop
      vertex -14.7274 31.9294 0
      vertex -10.1393 33.1588 0
      vertex -14.391 30.9385 0
    endloop
  endfacet
  facet normal 0 0 -1
    outer loop
      vertex -9.5784 35.9785 0
      vertex -13.3468 38.8701 0
      vertex -12.6569 39.6569 0
    endloop
  endfacet
  facet normal -0 0 -1
    outer loop
      vertex -10.1393 33.1588 0
      vertex -14.7274 31.9294 0
      vertex -10.2222 33.5758 0
    endloop
  endfacet
  facet normal 0 0 -1
    outer loop
      vertex -9.81458 35.625 0
      vertex -13.9282 38 0
      vertex -13.3468 38.8701 0
    endloop
  endfacet
  facet normal 0 0 -1
    outer loop
      vertex -14.9316 32.9558 0
      vertex -10.2222 33.5758 0
      vertex -14.7274 31.9294 0
    endloop
  endfacet
  facet normal 0 0 -1
    outer loop
      vertex -10.0026 35.2437 0
      vertex -14.391 37.0615 0
      vertex -13.9282 38 0
    endloop
  endfacet
  facet normal -0 0 -1
    outer loop
      vertex -10.2222 33.5758 0
      vertex -14.9316 32.9558 0
      vertex -10.25 34 0
    endloop
  endfacet
  facet normal 0 0 -1
    outer loop
      vertex -10.1393 34.8412 0
      vertex -14.7274 36.0706 0
      vertex -14.391 37.0615 0
    endloop
  endfacet
  facet normal 0 0 -1
    outer loop
      vertex -15 34 0
      vertex -10.25 34 0
      vertex -14.9316 32.9558 0
    endloop
  endfacet
  facet normal 0 0 -1
    outer loop
      vertex -10.2222 34.4242 0
      vertex -14.9316 35.0442 0
      vertex -14.7274 36.0706 0
    endloop
  endfacet
  facet normal 0 0 -1
    outer loop
      vertex -10.25 34 0
      vertex -15 34 0
      vertex -14.9316 35.0442 0
    endloop
  endfacet
  facet normal 0 0 -1
    outer loop
      vertex 106.25 34 0
      vertex 111 34 0
      vertex 110.932 32.9558 0
    endloop
  endfacet
  facet normal 0 0 -1
    outer loop
      vertex 106.222 33.5758 0
      vertex 110.932 32.9558 0
      vertex 110.727 31.9294 0
    endloop
  endfacet
  facet normal 0 0 -1
    outer loop
      vertex 111 34 0
      vertex 106.25 34 0
      vertex 110.932 35.0442 0
    endloop
  endfacet
  facet normal 0 0 -1
    outer loop
      vertex 106.139 33.1588 0
      vertex 110.727 31.9294 0
      vertex 110.391 30.9385 0
    endloop
  endfacet
  facet normal 0 0 -1
    outer loop
      vertex 106.222 34.4242 0
      vertex 110.932 35.0442 0
      vertex 106.25 34 0
    endloop
  endfacet
  facet normal 0 0 -1
    outer loop
      vertex 106.003 32.7563 0
      vertex 110.391 30.9385 0
      vertex 109.928 30 0
    endloop
  endfacet
  facet normal -0 0 -1
    outer loop
      vertex 110.932 35.0442 0
      vertex 106.222 34.4242 0
      vertex 110.727 36.0706 0
    endloop
  endfacet
  facet normal 0 0 -1
    outer loop
      vertex 105.815 32.375 0
      vertex 109.928 30 0
      vertex 109.347 29.1299 0
    endloop
  endfacet
  facet normal 0 0 -1
    outer loop
      vertex 106.139 34.8412 0
      vertex 110.727 36.0706 0
      vertex 106.222 34.4242 0
    endloop
  endfacet
  facet normal 0 0 -1
    outer loop
      vertex 105.578 32.0215 0
      vertex 109.347 29.1299 0
      vertex 108.657 28.3431 0
    endloop
  endfacet
  facet normal -0 0 -1
    outer loop
      vertex 110.727 36.0706 0
      vertex 106.139 34.8412 0
      vertex 110.391 37.0615 0
    endloop
  endfacet
  facet normal 0 0 -1
    outer loop
      vertex 105.298 31.7019 0
      vertex 108.657 28.3431 0
      vertex 107.87 27.6532 0
    endloop
  endfacet
  facet normal 0 0 -1
    outer loop
      vertex 106.003 35.2437 0
      vertex 110.391 37.0615 0
      vertex 106.139 34.8412 0
    endloop
  endfacet
  facet normal 0 0 -1
    outer loop
      vertex 104.978 31.4216 0
      vertex 107.87 27.6532 0
      vertex 107 27.0718 0
    endloop
  endfacet
  facet normal -0 0 -1
    outer loop
      vertex 110.391 37.0615 0
      vertex 106.003 35.2437 0
      vertex 109.928 38 0
    endloop
  endfacet
  facet normal 0 0 -1
    outer loop
      vertex 105.815 35.625 0
      vertex 109.928 38 0
      vertex 106.003 35.2437 0
    endloop
  endfacet
  facet normal 0 0 -1
    outer loop
      vertex 110.932 32.9558 0
      vertex 106.222 33.5758 0
      vertex 106.25 34 0
    endloop
  endfacet
  facet normal 0 0 -1
    outer loop
      vertex 110.727 31.9294 0
      vertex 106.139 33.1588 0
      vertex 106.222 33.5758 0
    endloop
  endfacet
  facet normal 0 0 -1
    outer loop
      vertex 104.625 31.1854 0
      vertex 107 27.0718 0
      vertex 106.061 26.609 0
    endloop
  endfacet
  facet normal 0 0 -1
    outer loop
      vertex 110.391 30.9385 0
      vertex 106.003 32.7563 0
      vertex 106.139 33.1588 0
    endloop
  endfacet
  facet normal 0 0 -1
    outer loop
      vertex 109.928 30 0
      vertex 105.815 32.375 0
      vertex 106.003 32.7563 0
    endloop
  endfacet
  facet normal 0 0 -1
    outer loop
      vertex 109.347 29.1299 0
      vertex 105.578 32.0215 0
      vertex 105.815 32.375 0
    endloop
  endfacet
  facet normal 0 0 -1
    outer loop
      vertex 108.657 28.3431 0
      vertex 105.298 31.7019 0
      vertex 105.578 32.0215 0
    endloop
  endfacet
  facet normal 0 0 -1
    outer loop
      vertex 104.244 30.9974 0
      vertex 106.061 26.609 0
      vertex 105.071 26.2726 0
    endloop
  endfacet
  facet normal 0 0 -1
    outer loop
      vertex 107.87 27.6532 0
      vertex 104.978 31.4216 0
      vertex 105.298 31.7019 0
    endloop
  endfacet
  facet normal 0 0 -1
    outer loop
      vertex 107 27.0718 0
      vertex 104.625 31.1854 0
      vertex 104.978 31.4216 0
    endloop
  endfacet
  facet normal 0 0 -1
    outer loop
      vertex 106.061 26.609 0
      vertex 104.244 30.9974 0
      vertex 104.625 31.1854 0
    endloop
  endfacet
  facet normal 0 0 -1
    outer loop
      vertex 103.841 30.8607 0
      vertex 105.071 26.2726 0
      vertex 104.044 26.0684 0
    endloop
  endfacet
  facet normal 0 0 -1
    outer loop
      vertex 105.071 26.2726 0
      vertex 103.841 30.8607 0
      vertex 104.244 30.9974 0
    endloop
  endfacet
  facet normal 0 0 -1
    outer loop
      vertex 104.044 26.0684 0
      vertex 103.424 30.7778 0
      vertex 103.841 30.8607 0
    endloop
  endfacet
  facet normal 0 0 -1
    outer loop
      vertex 103 26 0
      vertex 103.424 30.7778 0
      vertex 104.044 26.0684 0
    endloop
  endfacet
  facet normal 0 0 -1
    outer loop
      vertex 103 26 0
      vertex 103 30.75 0
      vertex 103.424 30.7778 0
    endloop
  endfacet
  facet normal 0 0 -1
    outer loop
      vertex 103 26 0
      vertex 102.576 30.7778 0
      vertex 103 30.75 0
    endloop
  endfacet
  facet normal 0 0 -1
    outer loop
      vertex 103 26 0
      vertex 102.159 30.8607 0
      vertex 102.576 30.7778 0
    endloop
  endfacet
  facet normal 0 0 -1
    outer loop
      vertex 103 26 0
      vertex 101.756 30.9974 0
      vertex 102.159 30.8607 0
    endloop
  endfacet
  facet normal 0 0 -1
    outer loop
      vertex 103 26 0
      vertex 101.375 31.1854 0
      vertex 101.756 30.9974 0
    endloop
  endfacet
  facet normal 0 0 -1
    outer loop
      vertex 96 26 0
      vertex 101.375 31.1854 0
      vertex 103 26 0
    endloop
  endfacet
  facet normal -0 0 -1
    outer loop
      vertex 101.375 31.1854 0
      vertex 96 26 0
      vertex 101.022 31.4216 0
    endloop
  endfacet
  facet normal -0 0 -1
    outer loop
      vertex 101.022 31.4216 0
      vertex 96 26 0
      vertex 100.702 31.7019 0
    endloop
  endfacet
  facet normal -0 0 -1
    outer loop
      vertex 100.702 31.7019 0
      vertex 96 26 0
      vertex 100.422 32.0215 0
    endloop
  endfacet
  facet normal -0 0 -1
    outer loop
      vertex 100.422 32.0215 0
      vertex 96 26 0
      vertex 100.185 32.375 0
    endloop
  endfacet
  facet normal -0 0 -1
    outer loop
      vertex 99.7778 33.5758 0
      vertex 96 26 0
      vertex 99.75 34 0
    endloop
  endfacet
  facet normal -0 0 -1
    outer loop
      vertex 99.8607 33.1588 0
      vertex 96 26 0
      vertex 99.7778 33.5758 0
    endloop
  endfacet
  facet normal -0 0 -1
    outer loop
      vertex 99.9974 32.7563 0
      vertex 96 26 0
      vertex 99.8607 33.1588 0
    endloop
  endfacet
  facet normal -0 0 -1
    outer loop
      vertex 100.185 32.375 0
      vertex 96 26 0
      vertex 99.9974 32.7563 0
    endloop
  endfacet
  facet normal -0 0 -1
    outer loop
      vertex 109.928 38 0
      vertex 105.815 35.625 0
      vertex 109.347 38.8701 0
    endloop
  endfacet
  facet normal 0 0 -1
    outer loop
      vertex 105.578 35.9785 0
      vertex 109.347 38.8701 0
      vertex 105.815 35.625 0
    endloop
  endfacet
  facet normal -0 0 -1
    outer loop
      vertex 109.347 38.8701 0
      vertex 105.578 35.9785 0
      vertex 108.657 39.6569 0
    endloop
  endfacet
  facet normal 0 0 -1
    outer loop
      vertex 105.298 36.2981 0
      vertex 108.657 39.6569 0
      vertex 105.578 35.9785 0
    endloop
  endfacet
  facet normal -0 0 -1
    outer loop
      vertex 108.657 39.6569 0
      vertex 105.298 36.2981 0
      vertex 107.87 40.3468 0
    endloop
  endfacet
  facet normal 0 0 -1
    outer loop
      vertex 104.978 36.5784 0
      vertex 107.87 40.3468 0
      vertex 105.298 36.2981 0
    endloop
  endfacet
  facet normal -0 0 -1
    outer loop
      vertex 107.87 40.3468 0
      vertex 104.978 36.5784 0
      vertex 107 40.9282 0
    endloop
  endfacet
  facet normal 0 0 -1
    outer loop
      vertex 104.625 36.8146 0
      vertex 107 40.9282 0
      vertex 104.978 36.5784 0
    endloop
  endfacet
  facet normal -0 0 -1
    outer loop
      vertex 107 40.9282 0
      vertex 104.625 36.8146 0
      vertex 106.061 41.391 0
    endloop
  endfacet
  facet normal 0 0 -1
    outer loop
      vertex 104.244 37.0026 0
      vertex 106.061 41.391 0
      vertex 104.625 36.8146 0
    endloop
  endfacet
  facet normal -0 0 -1
    outer loop
      vertex 106.061 41.391 0
      vertex 104.244 37.0026 0
      vertex 105.071 41.7274 0
    endloop
  endfacet
  facet normal 0 0 -1
    outer loop
      vertex 103.841 37.1393 0
      vertex 105.071 41.7274 0
      vertex 104.244 37.0026 0
    endloop
  endfacet
  facet normal -0 0 -1
    outer loop
      vertex 105.071 41.7274 0
      vertex 103.841 37.1393 0
      vertex 104.044 41.9316 0
    endloop
  endfacet
  facet normal 0 0 -1
    outer loop
      vertex 103.424 37.2222 0
      vertex 104.044 41.9316 0
      vertex 103.841 37.1393 0
    endloop
  endfacet
  facet normal 0 0 -1
    outer loop
      vertex 103 37.25 0
      vertex 104.044 41.9316 0
      vertex 103.424 37.2222 0
    endloop
  endfacet
  facet normal 0 0 -1
    outer loop
      vertex 103 37.25 0
      vertex 103 42 0
      vertex 104.044 41.9316 0
    endloop
  endfacet
  facet normal 0 0 -1
    outer loop
      vertex 102.576 37.2222 0
      vertex 103 42 0
      vertex 103 37.25 0
    endloop
  endfacet
  facet normal 0 0 -1
    outer loop
      vertex 102.159 37.1393 0
      vertex 103 42 0
      vertex 102.576 37.2222 0
    endloop
  endfacet
  facet normal 0 0 -1
    outer loop
      vertex 101.756 37.0026 0
      vertex 103 42 0
      vertex 102.159 37.1393 0
    endloop
  endfacet
  facet normal 0 0 -1
    outer loop
      vertex 101.375 36.8146 0
      vertex 103 42 0
      vertex 101.756 37.0026 0
    endloop
  endfacet
  facet normal 0 0 -1
    outer loop
      vertex 96 42 0
      vertex 101.375 36.8146 0
      vertex 101.022 36.5784 0
    endloop
  endfacet
  facet normal 0 0 -1
    outer loop
      vertex 96 42 0
      vertex 101.022 36.5784 0
      vertex 100.702 36.2981 0
    endloop
  endfacet
  facet normal 0 0 -1
    outer loop
      vertex 96 42 0
      vertex 100.702 36.2981 0
      vertex 100.422 35.9785 0
    endloop
  endfacet
  facet normal 0 0 -1
    outer loop
      vertex 96 42 0
      vertex 100.422 35.9785 0
      vertex 100.185 35.625 0
    endloop
  endfacet
  facet normal 0 0 -1
    outer loop
      vertex 96 42 0
      vertex 100.185 35.625 0
      vertex 99.9974 35.2437 0
    endloop
  endfacet
  facet normal 0 0 -1
    outer loop
      vertex 96 42 0
      vertex 99.75 34 0
      vertex 96 26 0
    endloop
  endfacet
  facet normal 0 0 -1
    outer loop
      vertex 99.75 34 0
      vertex 96 42 0
      vertex 99.7778 34.4242 0
    endloop
  endfacet
  facet normal 0 0 -1
    outer loop
      vertex 99.7778 34.4242 0
      vertex 96 42 0
      vertex 99.8607 34.8412 0
    endloop
  endfacet
  facet normal 0 0 -1
    outer loop
      vertex 101.375 36.8146 0
      vertex 96 42 0
      vertex 103 42 0
    endloop
  endfacet
  facet normal 0 0 -1
    outer loop
      vertex 99.8607 34.8412 0
      vertex 96 42 0
      vertex 99.9974 35.2437 0
    endloop
  endfacet
  facet normal 0.442314 0.89686 -0
    outer loop
      vertex 93.5 67.3301 0
      vertex 92.9134 67.6194 33
      vertex 93.5 67.3301 33
    endloop
  endfacet
  facet normal 0.442314 0.89686 0
    outer loop
      vertex 92.9134 67.6194 33
      vertex 93.5 67.3301 0
      vertex 92.9134 67.6194 0
    endloop
  endfacet
  facet normal 0.997856 0.0654432 0
    outer loop
      vertex 96 63 33
      vertex 95.9572 63.6526 0
      vertex 95.9572 63.6526 33
    endloop
  endfacet
  facet normal 0.997856 0.0654432 0
    outer loop
      vertex 95.9572 63.6526 0
      vertex 96 63 33
      vertex 96 63 0
    endloop
  endfacet
  facet normal -0.751842 -0.659343 0
    outer loop
      vertex 92.5867 64.2175 3
      vertex 92.4142 64.4142 33
      vertex 92.4142 64.4142 3
    endloop
  endfacet
  facet normal -0.751842 -0.659343 0
    outer loop
      vertex 92.4142 64.4142 33
      vertex 92.5867 64.2175 3
      vertex 92.5867 64.2175 33
    endloop
  endfacet
  facet normal 0 1 -0
    outer loop
      vertex 91 3 3
      vertex 5 3 33
      vertex 91 3 33
    endloop
  endfacet
  facet normal 0 1 0
    outer loop
      vertex 5 3 33
      vertex 91 3 3
      vertex 5 3 3
    endloop
  endfacet
  facet normal 0.442575 -0.896731 0
    outer loop
      vertex 4 64.732 3
      vertex 4.23463 64.8478 33
      vertex 4 64.732 33
    endloop
  endfacet
  facet normal 0.442575 -0.896731 0
    outer loop
      vertex 4.23463 64.8478 33
      vertex 4 64.732 3
      vertex 4.23463 64.8478 3
    endloop
  endfacet
  facet normal -0.442344 0.896845 0
    outer loop
      vertex 92 3.26795 3
      vertex 91.7654 3.15224 33
      vertex 92 3.26795 33
    endloop
  endfacet
  facet normal -0.442344 0.896845 0
    outer loop
      vertex 91.7654 3.15224 33
      vertex 92 3.26795 3
      vertex 91.7654 3.15224 3
    endloop
  endfacet
  facet normal -0.997861 0.0653646 0
    outer loop
      vertex 92.9829 4.73895 3
      vertex 93 5 33
      vertex 93 5 3
    endloop
  endfacet
  facet normal -0.997861 0.0653646 0
    outer loop
      vertex 93 5 33
      vertex 92.9829 4.73895 3
      vertex 92.9829 4.73895 33
    endloop
  endfacet
  facet normal 1 0 0
    outer loop
      vertex 3 16.85 33
      vertex 3 5 33
      vertex 3 16.85 5.5
    endloop
  endfacet
  facet normal 1 0 0
    outer loop
      vertex 3 39.35 5.5
      vertex 3 63 33
      vertex 3 39.35 33
    endloop
  endfacet
  facet normal 1 0 0
    outer loop
      vertex 3 63 33
      vertex 3 39.35 5.5
      vertex 3 63 3
    endloop
  endfacet
  facet normal 1 0 0
    outer loop
      vertex 3 5 3
      vertex 3 39.35 5.5
      vertex 3 16.85 5.5
    endloop
  endfacet
  facet normal 1 0 0
    outer loop
      vertex 3 39.35 5.5
      vertex 3 5 3
      vertex 3 63 3
    endloop
  endfacet
  facet normal 1 0 0
    outer loop
      vertex 3 5 3
      vertex 3 16.85 5.5
      vertex 3 5 33
    endloop
  endfacet
  facet normal 0.0654027 0.997859 -0
    outer loop
      vertex 5 3 3
      vertex 4.73895 3.01711 33
      vertex 5 3 33
    endloop
  endfacet
  facet normal 0.0654027 0.997859 0
    outer loop
      vertex 4.73895 3.01711 33
      vertex 5 3 3
      vertex 4.73895 3.01711 3
    endloop
  endfacet
  facet normal -0.980801 -0.195013 0
    outer loop
      vertex 92.9829 63.2611 3
      vertex 92.9319 63.5176 33
      vertex 92.9319 63.5176 3
    endloop
  endfacet
  facet normal -0.980801 -0.195013 0
    outer loop
      vertex 92.9319 63.5176 33
      vertex 92.9829 63.2611 3
      vertex 92.9829 63.2611 33
    endloop
  endfacet
  facet normal -1 0 0
    outer loop
      vertex 93 5 3
      vertex 93 63 33
      vertex 93 63 3
    endloop
  endfacet
  facet normal -1 -0 0
    outer loop
      vertex 93 63 33
      vertex 93 5 3
      vertex 93 5 33
    endloop
  endfacet
  facet normal 0 -1 0
    outer loop
      vertex 5 65 3
      vertex 91 65 33
      vertex 5 65 33
    endloop
  endfacet
  facet normal 0 -1 -0
    outer loop
      vertex 91 65 33
      vertex 5 65 3
      vertex 91 65 3
    endloop
  endfacet
  facet normal 0.194947 -0.980814 0
    outer loop
      vertex 4.48236 64.9319 3
      vertex 4.73895 64.9829 33
      vertex 4.48236 64.9319 33
    endloop
  endfacet
  facet normal 0.194947 -0.980814 0
    outer loop
      vertex 4.73895 64.9829 33
      vertex 4.48236 64.9319 3
      vertex 4.73895 64.9829 3
    endloop
  endfacet
  facet normal -0.659343 -0.751842 0
    outer loop
      vertex 92.2175 64.5867 3
      vertex 92.4142 64.4142 33
      vertex 92.2175 64.5867 33
    endloop
  endfacet
  facet normal -0.659343 -0.751842 -0
    outer loop
      vertex 92.4142 64.4142 33
      vertex 92.2175 64.5867 3
      vertex 92.4142 64.4142 3
    endloop
  endfacet
  facet normal 0.946961 -0.321348 0
    outer loop
      vertex 3.06815 63.5176 33
      vertex 3.15224 63.7654 3
      vertex 3.15224 63.7654 33
    endloop
  endfacet
  facet normal 0.946961 -0.321348 0
    outer loop
      vertex 3.15224 63.7654 3
      vertex 3.06815 63.5176 33
      vertex 3.06815 63.5176 3
    endloop
  endfacet
  facet normal 0.659362 -0.751826 0
    outer loop
      vertex 3.58579 64.4142 3
      vertex 3.78248 64.5867 33
      vertex 3.58579 64.4142 33
    endloop
  endfacet
  facet normal 0.659362 -0.751826 0
    outer loop
      vertex 3.78248 64.5867 33
      vertex 3.58579 64.4142 3
      vertex 3.78248 64.5867 3
    endloop
  endfacet
  facet normal -0.946922 0.321463 0
    outer loop
      vertex 92.8478 4.23463 3
      vertex 92.9319 4.48236 33
      vertex 92.9319 4.48236 3
    endloop
  endfacet
  facet normal -0.946922 0.321463 0
    outer loop
      vertex 92.9319 4.48236 33
      vertex 92.8478 4.23463 3
      vertex 92.8478 4.23463 33
    endloop
  endfacet
  facet normal -0.831544 0.555459 0
    outer loop
      vertex 92.5867 3.78248 3
      vertex 92.732 4 33
      vertex 92.732 4 3
    endloop
  endfacet
  facet normal -0.831544 0.555459 0
    outer loop
      vertex 92.732 4 33
      vertex 92.5867 3.78248 3
      vertex 92.5867 3.78248 33
    endloop
  endfacet
  facet normal 0.321463 -0.946922 0
    outer loop
      vertex 4.23463 64.8478 3
      vertex 4.48236 64.9319 33
      vertex 4.23463 64.8478 33
    endloop
  endfacet
  facet normal 0.321463 -0.946922 0
    outer loop
      vertex 4.48236 64.9319 33
      vertex 4.23463 64.8478 3
      vertex 4.48236 64.9319 3
    endloop
  endfacet
  facet normal -0.321382 -0.94695 0
    outer loop
      vertex 91.5176 64.9319 3
      vertex 91.7654 64.8478 33
      vertex 91.5176 64.9319 33
    endloop
  endfacet
  facet normal -0.321382 -0.94695 -0
    outer loop
      vertex 91.7654 64.8478 33
      vertex 91.5176 64.9319 3
      vertex 91.7654 64.8478 3
    endloop
  endfacet
  facet normal 0.555459 -0.831544 0
    outer loop
      vertex 3.78248 64.5867 3
      vertex 4 64.732 33
      vertex 3.78248 64.5867 33
    endloop
  endfacet
  facet normal 0.555459 -0.831544 0
    outer loop
      vertex 4 64.732 33
      vertex 3.78248 64.5867 3
      vertex 4 64.732 3
    endloop
  endfacet
  facet normal 0.442299 0.896868 -0
    outer loop
      vertex 4.23463 3.15224 3
      vertex 4 3.26795 33
      vertex 4.23463 3.15224 33
    endloop
  endfacet
  facet normal 0.442299 0.896868 0
    outer loop
      vertex 4 3.26795 33
      vertex 4.23463 3.15224 3
      vertex 4 3.26795 3
    endloop
  endfacet
  facet normal 0.896845 -0.442344 0
    outer loop
      vertex 3.15224 63.7654 33
      vertex 3.26795 64 3
      vertex 3.26795 64 33
    endloop
  endfacet
  facet normal 0.896845 -0.442344 0
    outer loop
      vertex 3.26795 64 3
      vertex 3.15224 63.7654 33
      vertex 3.15224 63.7654 3
    endloop
  endfacet
  facet normal 0 0 1
    outer loop
      vertex 14.4749 13.0251 3
      vertex 12.4615 8.58737 3
      vertex 12.5 8 3
    endloop
  endfacet
  facet normal 0 0 1
    outer loop
      vertex 11.8971 10.25 3
      vertex 12.9059 12.1193 3
      vertex 12.4568 12.0299 3
    endloop
  endfacet
  facet normal 0 0 1
    outer loop
      vertex 13.3394 12.2664 3
      vertex 12.3467 9.16469 3
      vertex 12.4615 8.58737 3
    endloop
  endfacet
  facet normal 0 0 1
    outer loop
      vertex 13.3394 12.2664 3
      vertex 12.1575 9.72207 3
      vertex 12.3467 9.16469 3
    endloop
  endfacet
  facet normal 0 0 1
    outer loop
      vertex 11.5701 10.7394 3
      vertex 12.4568 12.0299 3
      vertex 12 12 3
    endloop
  endfacet
  facet normal 0 0 1
    outer loop
      vertex 12.9059 12.1193 3
      vertex 11.8971 10.25 3
      vertex 12.1575 9.72207 3
    endloop
  endfacet
  facet normal 0 0 1
    outer loop
      vertex 12.4568 12.0299 3
      vertex 11.5701 10.7394 3
      vertex 11.8971 10.25 3
    endloop
  endfacet
  facet normal 0 0 1
    outer loop
      vertex 11.182 11.182 3
      vertex 12 12 3
      vertex 11.5432 12.0299 3
    endloop
  endfacet
  facet normal 0 0 1
    outer loop
      vertex 12 12 3
      vertex 11.182 11.182 3
      vertex 11.5701 10.7394 3
    endloop
  endfacet
  facet normal 0 0 1
    outer loop
      vertex 11.0941 12.1193 3
      vertex 11.182 11.182 3
      vertex 11.5432 12.0299 3
    endloop
  endfacet
  facet normal 0 0 1
    outer loop
      vertex 11.0941 12.1193 3
      vertex 10.7394 11.5701 3
      vertex 11.182 11.182 3
    endloop
  endfacet
  facet normal 0 0 1
    outer loop
      vertex 10.6606 12.2664 3
      vertex 10.7394 11.5701 3
      vertex 11.0941 12.1193 3
    endloop
  endfacet
  facet normal 0 0 1
    outer loop
      vertex 10.25 11.8971 3
      vertex 10.6606 12.2664 3
      vertex 10.25 12.4689 3
    endloop
  endfacet
  facet normal 0 0 1
    outer loop
      vertex 10.6606 12.2664 3
      vertex 10.25 11.8971 3
      vertex 10.7394 11.5701 3
    endloop
  endfacet
  facet normal 0 0 1
    outer loop
      vertex 9.72207 12.1575 3
      vertex 10.25 12.4689 3
      vertex 9.86934 12.7233 3
    endloop
  endfacet
  facet normal 0 0 1
    outer loop
      vertex 10.25 12.4689 3
      vertex 9.72207 12.1575 3
      vertex 10.25 11.8971 3
    endloop
  endfacet
  facet normal 0 0 1
    outer loop
      vertex 9.16469 12.3467 3
      vertex 9.86934 12.7233 3
      vertex 9.52513 13.0251 3
    endloop
  endfacet
  facet normal 0 0 1
    outer loop
      vertex 9.16469 12.3467 3
      vertex 9.52513 13.0251 3
      vertex 9.22326 13.3693 3
    endloop
  endfacet
  facet normal 0 0 1
    outer loop
      vertex 9.86934 12.7233 3
      vertex 9.16469 12.3467 3
      vertex 9.72207 12.1575 3
    endloop
  endfacet
  facet normal 0 0 1
    outer loop
      vertex 8.58737 12.4615 3
      vertex 9.22326 13.3693 3
      vertex 8.96891 13.75 3
    endloop
  endfacet
  facet normal 0 0 1
    outer loop
      vertex 8 12.5 3
      vertex 8.96891 13.75 3
      vertex 8.76642 14.1606 3
    endloop
  endfacet
  facet normal 0 0 1
    outer loop
      vertex 8 12.5 3
      vertex 8.76642 14.1606 3
      vertex 8.61926 14.5941 3
    endloop
  endfacet
  facet normal 0 0 1
    outer loop
      vertex 9.22326 13.3693 3
      vertex 8.58737 12.4615 3
      vertex 9.16469 12.3467 3
    endloop
  endfacet
  facet normal 0 0 1
    outer loop
      vertex 8 12.5 3
      vertex 8.61926 14.5941 3
      vertex 8.52994 15.0432 3
    endloop
  endfacet
  facet normal 0 0 1
    outer loop
      vertex 8 12.5 3
      vertex 8.52994 15.0432 3
      vertex 8.5 15.5 3
    endloop
  endfacet
  facet normal 0 0 1
    outer loop
      vertex 8.96891 13.75 3
      vertex 8 12.5 3
      vertex 8.58737 12.4615 3
    endloop
  endfacet
  facet normal 0 0 1
    outer loop
      vertex 8.52994 15.9568 3
      vertex 8 12.5 3
      vertex 8.5 15.5 3
    endloop
  endfacet
  facet normal 0 0 1
    outer loop
      vertex 8.61926 51.5941 3
      vertex 5.26057 56.4299 3
      vertex 8.76642 51.1606 3
    endloop
  endfacet
  facet normal 0 0 1
    outer loop
      vertex 8.52994 15.9568 3
      vertex 7.41263 12.4615 3
      vertex 8 12.5 3
    endloop
  endfacet
  facet normal 0 0 1
    outer loop
      vertex 4.81802 56.818 3
      vertex 8.76642 51.1606 3
      vertex 5.26057 56.4299 3
    endloop
  endfacet
  facet normal 0 0 1
    outer loop
      vertex 8.52994 15.9568 3
      vertex 6.83531 12.3467 3
      vertex 7.41263 12.4615 3
    endloop
  endfacet
  facet normal 0 0 1
    outer loop
      vertex 8.76642 51.1606 3
      vertex 4.81802 56.818 3
      vertex 8.76642 16.8394 3
    endloop
  endfacet
  facet normal 0 0 1
    outer loop
      vertex 8.52994 15.9568 3
      vertex 6.27793 12.1575 3
      vertex 6.83531 12.3467 3
    endloop
  endfacet
  facet normal 0 0 1
    outer loop
      vertex 4.81802 11.182 3
      vertex 8.76642 16.8394 3
      vertex 4.81802 56.818 3
    endloop
  endfacet
  facet normal 0 0 1
    outer loop
      vertex 8.52994 15.9568 3
      vertex 5.75 11.8971 3
      vertex 6.27793 12.1575 3
    endloop
  endfacet
  facet normal 0 -0 1
    outer loop
      vertex 5.26057 11.5701 3
      vertex 8.76642 16.8394 3
      vertex 4.81802 11.182 3
    endloop
  endfacet
  facet normal 0 0 1
    outer loop
      vertex 8.61926 16.4059 3
      vertex 5.75 11.8971 3
      vertex 8.52994 15.9568 3
    endloop
  endfacet
  facet normal 0 0 1
    outer loop
      vertex 8.76642 16.8394 3
      vertex 5.26057 11.5701 3
      vertex 8.61926 16.4059 3
    endloop
  endfacet
  facet normal 0 -0 1
    outer loop
      vertex 5.75 11.8971 3
      vertex 8.61926 16.4059 3
      vertex 5.26057 11.5701 3
    endloop
  endfacet
  facet normal 0 0 1
    outer loop
      vertex 4.42991 57.2606 3
      vertex 4.81802 11.182 3
      vertex 4.81802 56.818 3
    endloop
  endfacet
  facet normal 0 0 1
    outer loop
      vertex 4.42991 57.2606 3
      vertex 4.42991 10.7394 3
      vertex 4.81802 11.182 3
    endloop
  endfacet
  facet normal 0 0 1
    outer loop
      vertex 4.10289 57.75 3
      vertex 4.42991 10.7394 3
      vertex 4.42991 57.2606 3
    endloop
  endfacet
  facet normal 0 0 1
    outer loop
      vertex 4.10289 57.75 3
      vertex 4.10289 10.25 3
      vertex 4.42991 10.7394 3
    endloop
  endfacet
  facet normal 0 0 1
    outer loop
      vertex 3.84254 58.2779 3
      vertex 4.10289 10.25 3
      vertex 4.10289 57.75 3
    endloop
  endfacet
  facet normal 0 0 1
    outer loop
      vertex 3.84254 58.2779 3
      vertex 3.84254 9.72207 3
      vertex 4.10289 10.25 3
    endloop
  endfacet
  facet normal 0 0 1
    outer loop
      vertex 3.65333 58.8353 3
      vertex 3.84254 9.72207 3
      vertex 3.84254 58.2779 3
    endloop
  endfacet
  facet normal 0 0 1
    outer loop
      vertex 3.65333 58.8353 3
      vertex 3.65333 9.16469 3
      vertex 3.84254 9.72207 3
    endloop
  endfacet
  facet normal 0 0 1
    outer loop
      vertex 3.5385 59.4126 3
      vertex 3.65333 9.16469 3
      vertex 3.65333 58.8353 3
    endloop
  endfacet
  facet normal 0 0 1
    outer loop
      vertex 3.5385 59.4126 3
      vertex 3.5385 8.58737 3
      vertex 3.65333 9.16469 3
    endloop
  endfacet
  facet normal 0 0 1
    outer loop
      vertex 3 63 3
      vertex 3.5385 59.4126 3
      vertex 3.5 60 3
    endloop
  endfacet
  facet normal 0 0 1
    outer loop
      vertex 3.5385 59.4126 3
      vertex 3 63 3
      vertex 3.5385 8.58737 3
    endloop
  endfacet
  facet normal 0 0 1
    outer loop
      vertex 80.7664 51.1606 3
      vertex 15.2336 51.1606 3
      vertex 80.9689 50.75 3
    endloop
  endfacet
  facet normal 0 0 1
    outer loop
      vertex 80.9689 17.25 3
      vertex 15.4701 15.9568 3
      vertex 15.5 15.5 3
    endloop
  endfacet
  facet normal 0 0 1
    outer loop
      vertex 15.0311 50.75 3
      vertex 80.9689 50.75 3
      vertex 15.2336 51.1606 3
    endloop
  endfacet
  facet normal 0 0 1
    outer loop
      vertex 80.9689 17.25 3
      vertex 15.3807 16.4059 3
      vertex 15.4701 15.9568 3
    endloop
  endfacet
  facet normal 0 0 1
    outer loop
      vertex 80.9689 50.75 3
      vertex 15.0311 50.75 3
      vertex 80.9689 17.25 3
    endloop
  endfacet
  facet normal 0 0 1
    outer loop
      vertex 80.9689 17.25 3
      vertex 15.2336 16.8394 3
      vertex 15.3807 16.4059 3
    endloop
  endfacet
  facet normal 0 0 1
    outer loop
      vertex 15.0311 17.25 3
      vertex 80.9689 17.25 3
      vertex 15.0311 50.75 3
    endloop
  endfacet
  facet normal 0 0 1
    outer loop
      vertex 80.9689 17.25 3
      vertex 15.0311 17.25 3
      vertex 15.2336 16.8394 3
    endloop
  endfacet
  facet normal -0 0 1
    outer loop
      vertex 14.7767 50.3693 3
      vertex 15.0311 17.25 3
      vertex 15.0311 50.75 3
    endloop
  endfacet
  facet normal 0 0 1
    outer loop
      vertex 14.7767 50.3693 3
      vertex 14.7767 17.6307 3
      vertex 15.0311 17.25 3
    endloop
  endfacet
  facet normal -0 0 1
    outer loop
      vertex 14.4749 50.0251 3
      vertex 14.7767 17.6307 3
      vertex 14.7767 50.3693 3
    endloop
  endfacet
  facet normal 0 0 1
    outer loop
      vertex 14.4749 50.0251 3
      vertex 14.4749 17.9749 3
      vertex 14.7767 17.6307 3
    endloop
  endfacet
  facet normal -0 0 1
    outer loop
      vertex 14.1307 49.7233 3
      vertex 14.4749 17.9749 3
      vertex 14.4749 50.0251 3
    endloop
  endfacet
  facet normal 0 0 1
    outer loop
      vertex 14.1307 49.7233 3
      vertex 14.1307 18.2767 3
      vertex 14.4749 17.9749 3
    endloop
  endfacet
  facet normal -0 0 1
    outer loop
      vertex 13.75 49.4689 3
      vertex 14.1307 18.2767 3
      vertex 14.1307 49.7233 3
    endloop
  endfacet
  facet normal 0 0 1
    outer loop
      vertex 13.75 49.4689 3
      vertex 13.75 18.5311 3
      vertex 14.1307 18.2767 3
    endloop
  endfacet
  facet normal -0 0 1
    outer loop
      vertex 13.3394 49.2664 3
      vertex 13.75 18.5311 3
      vertex 13.75 49.4689 3
    endloop
  endfacet
  facet normal 0 0 1
    outer loop
      vertex 13.3394 49.2664 3
      vertex 13.3394 18.7336 3
      vertex 13.75 18.5311 3
    endloop
  endfacet
  facet normal -0 0 1
    outer loop
      vertex 12.9059 49.1193 3
      vertex 13.3394 18.7336 3
      vertex 13.3394 49.2664 3
    endloop
  endfacet
  facet normal 0 0 1
    outer loop
      vertex 12.9059 49.1193 3
      vertex 12.9059 18.8807 3
      vertex 13.3394 18.7336 3
    endloop
  endfacet
  facet normal -0 0 1
    outer loop
      vertex 12.4568 49.0299 3
      vertex 12.9059 18.8807 3
      vertex 12.9059 49.1193 3
    endloop
  endfacet
  facet normal 0 0 1
    outer loop
      vertex 12.4568 49.0299 3
      vertex 12.4568 18.9701 3
      vertex 12.9059 18.8807 3
    endloop
  endfacet
  facet normal -0 0 1
    outer loop
      vertex 12 49 3
      vertex 12.4568 18.9701 3
      vertex 12.4568 49.0299 3
    endloop
  endfacet
  facet normal 0 0 1
    outer loop
      vertex 12 49 3
      vertex 12 19 3
      vertex 12.4568 18.9701 3
    endloop
  endfacet
  facet normal 0 0 1
    outer loop
      vertex 11.5432 49.0299 3
      vertex 12 19 3
      vertex 12 49 3
    endloop
  endfacet
  facet normal 0 0 1
    outer loop
      vertex 11.5432 49.0299 3
      vertex 11.5432 18.9701 3
      vertex 12 19 3
    endloop
  endfacet
  facet normal 0 0 1
    outer loop
      vertex 11.0941 49.1193 3
      vertex 11.5432 18.9701 3
      vertex 11.5432 49.0299 3
    endloop
  endfacet
  facet normal 0 0 1
    outer loop
      vertex 11.0941 49.1193 3
      vertex 11.0941 18.8807 3
      vertex 11.5432 18.9701 3
    endloop
  endfacet
  facet normal 0 0 1
    outer loop
      vertex 10.6606 49.2664 3
      vertex 11.0941 18.8807 3
      vertex 11.0941 49.1193 3
    endloop
  endfacet
  facet normal 0 0 1
    outer loop
      vertex 10.6606 49.2664 3
      vertex 10.6606 18.7336 3
      vertex 11.0941 18.8807 3
    endloop
  endfacet
  facet normal 0 0 1
    outer loop
      vertex 10.25 49.4689 3
      vertex 10.6606 18.7336 3
      vertex 10.6606 49.2664 3
    endloop
  endfacet
  facet normal 0 0 1
    outer loop
      vertex 10.25 49.4689 3
      vertex 10.25 18.5311 3
      vertex 10.6606 18.7336 3
    endloop
  endfacet
  facet normal 0 0 1
    outer loop
      vertex 9.86934 49.7233 3
      vertex 10.25 18.5311 3
      vertex 10.25 49.4689 3
    endloop
  endfacet
  facet normal 0 0 1
    outer loop
      vertex 9.86934 49.7233 3
      vertex 9.86934 18.2767 3
      vertex 10.25 18.5311 3
    endloop
  endfacet
  facet normal 0 0 1
    outer loop
      vertex 9.52513 50.0251 3
      vertex 9.86934 18.2767 3
      vertex 9.86934 49.7233 3
    endloop
  endfacet
  facet normal 0 0 1
    outer loop
      vertex 9.52513 50.0251 3
      vertex 9.52513 17.9749 3
      vertex 9.86934 18.2767 3
    endloop
  endfacet
  facet normal 0 0 1
    outer loop
      vertex 9.22326 50.3693 3
      vertex 9.52513 17.9749 3
      vertex 9.52513 50.0251 3
    endloop
  endfacet
  facet normal 0 0 1
    outer loop
      vertex 9.22326 50.3693 3
      vertex 9.22326 17.6307 3
      vertex 9.52513 17.9749 3
    endloop
  endfacet
  facet normal 0 0 1
    outer loop
      vertex 8.96891 50.75 3
      vertex 9.22326 17.6307 3
      vertex 9.22326 50.3693 3
    endloop
  endfacet
  facet normal 0 0 1
    outer loop
      vertex 8.96891 50.75 3
      vertex 8.96891 17.25 3
      vertex 9.22326 17.6307 3
    endloop
  endfacet
  facet normal 0 0 1
    outer loop
      vertex 8.76642 51.1606 3
      vertex 8.96891 17.25 3
      vertex 8.96891 50.75 3
    endloop
  endfacet
  facet normal 0 0 1
    outer loop
      vertex 8.76642 51.1606 3
      vertex 8.76642 16.8394 3
      vertex 8.96891 17.25 3
    endloop
  endfacet
  facet normal 0 0 1
    outer loop
      vertex 5.75 56.1029 3
      vertex 8.52994 52.0432 3
      vertex 6.27793 55.8425 3
    endloop
  endfacet
  facet normal 0 0 1
    outer loop
      vertex 8.52994 52.0432 3
      vertex 5.75 56.1029 3
      vertex 8.61926 51.5941 3
    endloop
  endfacet
  facet normal 0 0 1
    outer loop
      vertex 8.52994 52.9568 3
      vertex 6.27793 55.8425 3
      vertex 8.5 52.5 3
    endloop
  endfacet
  facet normal 0 0 1
    outer loop
      vertex 8.5 52.5 3
      vertex 6.27793 55.8425 3
      vertex 8.52994 52.0432 3
    endloop
  endfacet
  facet normal 0 0 1
    outer loop
      vertex 8.61926 53.4059 3
      vertex 6.83531 55.6533 3
      vertex 8.52994 52.9568 3
    endloop
  endfacet
  facet normal 0 0 1
    outer loop
      vertex 6.27793 55.8425 3
      vertex 8.52994 52.9568 3
      vertex 6.83531 55.6533 3
    endloop
  endfacet
  facet normal 0 0 1
    outer loop
      vertex 13.75 55.5311 3
      vertex 12.3467 58.8353 3
      vertex 13.3394 55.7336 3
    endloop
  endfacet
  facet normal -0 0 1
    outer loop
      vertex 12.1575 58.2779 3
      vertex 13.3394 55.7336 3
      vertex 12.3467 58.8353 3
    endloop
  endfacet
  facet normal 0 0 1
    outer loop
      vertex 13.3394 55.7336 3
      vertex 12.1575 58.2779 3
      vertex 12.9059 55.8807 3
    endloop
  endfacet
  facet normal -0 0 1
    outer loop
      vertex 11.8971 57.75 3
      vertex 12.9059 55.8807 3
      vertex 12.1575 58.2779 3
    endloop
  endfacet
  facet normal 0 0 1
    outer loop
      vertex 12.9059 55.8807 3
      vertex 11.8971 57.75 3
      vertex 12.4568 55.9701 3
    endloop
  endfacet
  facet normal -0 0 1
    outer loop
      vertex 11.5701 57.2606 3
      vertex 12.4568 55.9701 3
      vertex 11.8971 57.75 3
    endloop
  endfacet
  facet normal 0 0 1
    outer loop
      vertex 12.4568 55.9701 3
      vertex 11.5701 57.2606 3
      vertex 12 56 3
    endloop
  endfacet
  facet normal -0 0 1
    outer loop
      vertex 11.182 56.818 3
      vertex 12 56 3
      vertex 11.5701 57.2606 3
    endloop
  endfacet
  facet normal 0 0 1
    outer loop
      vertex 12 56 3
      vertex 11.182 56.818 3
      vertex 11.5432 55.9701 3
    endloop
  endfacet
  facet normal 0 0 1
    outer loop
      vertex 11.182 56.818 3
      vertex 11.0941 55.8807 3
      vertex 11.5432 55.9701 3
    endloop
  endfacet
  facet normal -0 0 1
    outer loop
      vertex 10.7394 56.4299 3
      vertex 11.0941 55.8807 3
      vertex 11.182 56.818 3
    endloop
  endfacet
  facet normal 0 0 1
    outer loop
      vertex 10.7394 56.4299 3
      vertex 10.6606 55.7336 3
      vertex 11.0941 55.8807 3
    endloop
  endfacet
  facet normal -0 0 1
    outer loop
      vertex 10.25 56.1029 3
      vertex 10.6606 55.7336 3
      vertex 10.7394 56.4299 3
    endloop
  endfacet
  facet normal 0 0 1
    outer loop
      vertex 10.25 56.1029 3
      vertex 10.25 55.5311 3
      vertex 10.6606 55.7336 3
    endloop
  endfacet
  facet normal -0 0 1
    outer loop
      vertex 9.72207 55.8425 3
      vertex 10.25 55.5311 3
      vertex 10.25 56.1029 3
    endloop
  endfacet
  facet normal 0 0 1
    outer loop
      vertex 10.25 55.5311 3
      vertex 9.72207 55.8425 3
      vertex 9.86934 55.2767 3
    endloop
  endfacet
  facet normal -0 0 1
    outer loop
      vertex 9.16469 55.6533 3
      vertex 9.86934 55.2767 3
      vertex 9.72207 55.8425 3
    endloop
  endfacet
  facet normal 0 0 1
    outer loop
      vertex 9.86934 55.2767 3
      vertex 9.16469 55.6533 3
      vertex 9.52513 54.9749 3
    endloop
  endfacet
  facet normal 0 0 1
    outer loop
      vertex 9.52513 54.9749 3
      vertex 9.16469 55.6533 3
      vertex 9.22326 54.6307 3
    endloop
  endfacet
  facet normal -0 0 1
    outer loop
      vertex 8.58737 55.5385 3
      vertex 9.22326 54.6307 3
      vertex 9.16469 55.6533 3
    endloop
  endfacet
  facet normal 0 0 1
    outer loop
      vertex 9.22326 54.6307 3
      vertex 8.58737 55.5385 3
      vertex 8.96891 54.25 3
    endloop
  endfacet
  facet normal -0 0 1
    outer loop
      vertex 8 55.5 3
      vertex 8.96891 54.25 3
      vertex 8.58737 55.5385 3
    endloop
  endfacet
  facet normal 0 0 1
    outer loop
      vertex 8.96891 54.25 3
      vertex 8 55.5 3
      vertex 8.76642 53.8394 3
    endloop
  endfacet
  facet normal 0 0 1
    outer loop
      vertex 7.41263 55.5385 3
      vertex 8.76642 53.8394 3
      vertex 8 55.5 3
    endloop
  endfacet
  facet normal 0 0 1
    outer loop
      vertex 8.76642 53.8394 3
      vertex 7.41263 55.5385 3
      vertex 8.61926 53.4059 3
    endloop
  endfacet
  facet normal 0 0 1
    outer loop
      vertex 5.26057 56.4299 3
      vertex 8.61926 51.5941 3
      vertex 5.75 56.1029 3
    endloop
  endfacet
  facet normal 0 0 1
    outer loop
      vertex 6.83531 55.6533 3
      vertex 8.61926 53.4059 3
      vertex 7.41263 55.5385 3
    endloop
  endfacet
  facet normal -0 0 1
    outer loop
      vertex 90.7394 56.4299 3
      vertex 87.2336 51.1606 3
      vertex 91.182 56.818 3
    endloop
  endfacet
  facet normal 0 0 1
    outer loop
      vertex 91.182 11.182 3
      vertex 87.4701 15.9568 3
      vertex 87.5 15.5 3
    endloop
  endfacet
  facet normal 0 0 1
    outer loop
      vertex 87.0311 50.75 3
      vertex 91.182 56.818 3
      vertex 87.2336 51.1606 3
    endloop
  endfacet
  facet normal 0 0 1
    outer loop
      vertex 91.182 11.182 3
      vertex 87.3807 16.4059 3
      vertex 87.4701 15.9568 3
    endloop
  endfacet
  facet normal 0 0 1
    outer loop
      vertex 91.182 56.818 3
      vertex 87.0311 50.75 3
      vertex 91.182 11.182 3
    endloop
  endfacet
  facet normal 0 0 1
    outer loop
      vertex 91.182 11.182 3
      vertex 87.2336 16.8394 3
      vertex 87.3807 16.4059 3
    endloop
  endfacet
  facet normal -0 0 1
    outer loop
      vertex 87.0311 17.25 3
      vertex 91.182 11.182 3
      vertex 87.0311 50.75 3
    endloop
  endfacet
  facet normal 0 0 1
    outer loop
      vertex 91.182 11.182 3
      vertex 87.0311 17.25 3
      vertex 87.2336 16.8394 3
    endloop
  endfacet
  facet normal -0 0 1
    outer loop
      vertex 86.7767 50.3693 3
      vertex 87.0311 17.25 3
      vertex 87.0311 50.75 3
    endloop
  endfacet
  facet normal 0 0 1
    outer loop
      vertex 86.7767 50.3693 3
      vertex 86.7767 17.6307 3
      vertex 87.0311 17.25 3
    endloop
  endfacet
  facet normal -0 0 1
    outer loop
      vertex 86.4749 50.0251 3
      vertex 86.7767 17.6307 3
      vertex 86.7767 50.3693 3
    endloop
  endfacet
  facet normal 0 0 1
    outer loop
      vertex 86.4749 50.0251 3
      vertex 86.4749 17.9749 3
      vertex 86.7767 17.6307 3
    endloop
  endfacet
  facet normal -0 0 1
    outer loop
      vertex 86.1307 49.7233 3
      vertex 86.4749 17.9749 3
      vertex 86.4749 50.0251 3
    endloop
  endfacet
  facet normal 0 0 1
    outer loop
      vertex 86.1307 49.7233 3
      vertex 86.1307 18.2767 3
      vertex 86.4749 17.9749 3
    endloop
  endfacet
  facet normal -0 0 1
    outer loop
      vertex 85.75 49.4689 3
      vertex 86.1307 18.2767 3
      vertex 86.1307 49.7233 3
    endloop
  endfacet
  facet normal 0 0 1
    outer loop
      vertex 85.75 49.4689 3
      vertex 85.75 18.5311 3
      vertex 86.1307 18.2767 3
    endloop
  endfacet
  facet normal -0 0 1
    outer loop
      vertex 85.3394 49.2664 3
      vertex 85.75 18.5311 3
      vertex 85.75 49.4689 3
    endloop
  endfacet
  facet normal 0 0 1
    outer loop
      vertex 85.3394 49.2664 3
      vertex 85.3394 18.7336 3
      vertex 85.75 18.5311 3
    endloop
  endfacet
  facet normal -0 0 1
    outer loop
      vertex 84.9059 49.1193 3
      vertex 85.3394 18.7336 3
      vertex 85.3394 49.2664 3
    endloop
  endfacet
  facet normal 0 0 1
    outer loop
      vertex 84.9059 49.1193 3
      vertex 84.9059 18.8807 3
      vertex 85.3394 18.7336 3
    endloop
  endfacet
  facet normal -0 0 1
    outer loop
      vertex 84.4568 49.0299 3
      vertex 84.9059 18.8807 3
      vertex 84.9059 49.1193 3
    endloop
  endfacet
  facet normal 0 0 1
    outer loop
      vertex 84.4568 49.0299 3
      vertex 84.4568 18.9701 3
      vertex 84.9059 18.8807 3
    endloop
  endfacet
  facet normal -0 0 1
    outer loop
      vertex 84 49 3
      vertex 84.4568 18.9701 3
      vertex 84.4568 49.0299 3
    endloop
  endfacet
  facet normal 0 0 1
    outer loop
      vertex 84 49 3
      vertex 84 19 3
      vertex 84.4568 18.9701 3
    endloop
  endfacet
  facet normal 0 0 1
    outer loop
      vertex 83.5432 49.0299 3
      vertex 84 19 3
      vertex 84 49 3
    endloop
  endfacet
  facet normal 0 0 1
    outer loop
      vertex 83.5432 49.0299 3
      vertex 83.5432 18.9701 3
      vertex 84 19 3
    endloop
  endfacet
  facet normal 0 0 1
    outer loop
      vertex 83.0941 49.1193 3
      vertex 83.5432 18.9701 3
      vertex 83.5432 49.0299 3
    endloop
  endfacet
  facet normal 0 0 1
    outer loop
      vertex 83.0941 49.1193 3
      vertex 83.0941 18.8807 3
      vertex 83.5432 18.9701 3
    endloop
  endfacet
  facet normal 0 0 1
    outer loop
      vertex 82.6606 49.2664 3
      vertex 83.0941 18.8807 3
      vertex 83.0941 49.1193 3
    endloop
  endfacet
  facet normal 0 0 1
    outer loop
      vertex 82.6606 49.2664 3
      vertex 82.6606 18.7336 3
      vertex 83.0941 18.8807 3
    endloop
  endfacet
  facet normal 0 0 1
    outer loop
      vertex 82.25 49.4689 3
      vertex 82.6606 18.7336 3
      vertex 82.6606 49.2664 3
    endloop
  endfacet
  facet normal 0 0 1
    outer loop
      vertex 82.25 49.4689 3
      vertex 82.25 18.5311 3
      vertex 82.6606 18.7336 3
    endloop
  endfacet
  facet normal 0 0 1
    outer loop
      vertex 81.8693 49.7233 3
      vertex 82.25 18.5311 3
      vertex 82.25 49.4689 3
    endloop
  endfacet
  facet normal 0 0 1
    outer loop
      vertex 81.8693 49.7233 3
      vertex 81.8693 18.2767 3
      vertex 82.25 18.5311 3
    endloop
  endfacet
  facet normal 0 0 1
    outer loop
      vertex 81.5251 50.0251 3
      vertex 81.8693 18.2767 3
      vertex 81.8693 49.7233 3
    endloop
  endfacet
  facet normal 0 0 1
    outer loop
      vertex 81.5251 50.0251 3
      vertex 81.5251 17.9749 3
      vertex 81.8693 18.2767 3
    endloop
  endfacet
  facet normal 0 0 1
    outer loop
      vertex 81.2233 50.3693 3
      vertex 81.5251 17.9749 3
      vertex 81.5251 50.0251 3
    endloop
  endfacet
  facet normal 0 0 1
    outer loop
      vertex 81.2233 50.3693 3
      vertex 81.2233 17.6307 3
      vertex 81.5251 17.9749 3
    endloop
  endfacet
  facet normal 0 0 1
    outer loop
      vertex 80.9689 50.75 3
      vertex 81.2233 17.6307 3
      vertex 81.2233 50.3693 3
    endloop
  endfacet
  facet normal 0 0 1
    outer loop
      vertex 80.9689 50.75 3
      vertex 80.9689 17.25 3
      vertex 81.2233 17.6307 3
    endloop
  endfacet
  facet normal 0 0 1
    outer loop
      vertex 15.3807 51.5941 3
      vertex 80.6193 51.5941 3
      vertex 15.4701 52.0432 3
    endloop
  endfacet
  facet normal 0 0 1
    outer loop
      vertex 80.6193 51.5941 3
      vertex 15.3807 51.5941 3
      vertex 80.7664 51.1606 3
    endloop
  endfacet
  facet normal 0 0 1
    outer loop
      vertex 80.5299 52.0432 3
      vertex 15.4701 52.0432 3
      vertex 80.6193 51.5941 3
    endloop
  endfacet
  facet normal 0 0 1
    outer loop
      vertex 15.2336 51.1606 3
      vertex 80.7664 51.1606 3
      vertex 15.3807 51.5941 3
    endloop
  endfacet
  facet normal 0 0 1
    outer loop
      vertex 15.4701 52.0432 3
      vertex 80.5299 52.0432 3
      vertex 15.5 52.5 3
    endloop
  endfacet
  facet normal 0 0 1
    outer loop
      vertex 80.9689 17.25 3
      vertex 15.5 15.5 3
      vertex 80.7664 16.8394 3
    endloop
  endfacet
  facet normal -0 0 1
    outer loop
      vertex 15.5 52.5 3
      vertex 80.5299 52.0432 3
      vertex 80.5 52.5 3
    endloop
  endfacet
  facet normal 0 0 1
    outer loop
      vertex 80.7664 16.8394 3
      vertex 15.5 15.5 3
      vertex 80.6193 16.4059 3
    endloop
  endfacet
  facet normal -0 0 1
    outer loop
      vertex 92.4615 8.58737 3
      vertex 93 5 3
      vertex 92.4615 59.4126 3
    endloop
  endfacet
  facet normal 0 0 1
    outer loop
      vertex 93 5 3
      vertex 92.4615 8.58737 3
      vertex 92.5 8 3
    endloop
  endfacet
  facet normal -0 0 1
    outer loop
      vertex 92.3467 58.8353 3
      vertex 92.4615 8.58737 3
      vertex 92.4615 59.4126 3
    endloop
  endfacet
  facet normal 0 0 1
    outer loop
      vertex 92.3467 58.8353 3
      vertex 92.3467 9.16469 3
      vertex 92.4615 8.58737 3
    endloop
  endfacet
  facet normal -0 0 1
    outer loop
      vertex 92.1575 58.2779 3
      vertex 92.3467 9.16469 3
      vertex 92.3467 58.8353 3
    endloop
  endfacet
  facet normal 0 0 1
    outer loop
      vertex 92.1575 58.2779 3
      vertex 92.1575 9.72207 3
      vertex 92.3467 9.16469 3
    endloop
  endfacet
  facet normal -0 0 1
    outer loop
      vertex 91.8971 57.75 3
      vertex 92.1575 9.72207 3
      vertex 92.1575 58.2779 3
    endloop
  endfacet
  facet normal 0 0 1
    outer loop
      vertex 91.8971 57.75 3
      vertex 91.8971 10.25 3
      vertex 92.1575 9.72207 3
    endloop
  endfacet
  facet normal -0 0 1
    outer loop
      vertex 91.5701 57.2606 3
      vertex 91.8971 10.25 3
      vertex 91.8971 57.75 3
    endloop
  endfacet
  facet normal 0 0 1
    outer loop
      vertex 91.5701 57.2606 3
      vertex 91.5701 10.7394 3
      vertex 91.8971 10.25 3
    endloop
  endfacet
  facet normal -0 0 1
    outer loop
      vertex 91.182 56.818 3
      vertex 91.5701 10.7394 3
      vertex 91.5701 57.2606 3
    endloop
  endfacet
  facet normal 0 0 1
    outer loop
      vertex 91.182 56.818 3
      vertex 91.182 11.182 3
      vertex 91.5701 10.7394 3
    endloop
  endfacet
  facet normal 0 0 1
    outer loop
      vertex 87.3807 51.5941 3
      vertex 90.25 56.1029 3
      vertex 87.4701 52.0432 3
    endloop
  endfacet
  facet normal -0 0 1
    outer loop
      vertex 90.25 56.1029 3
      vertex 87.3807 51.5941 3
      vertex 90.7394 56.4299 3
    endloop
  endfacet
  facet normal 0 0 1
    outer loop
      vertex 87.4701 52.0432 3
      vertex 90.25 56.1029 3
      vertex 87.5 52.5 3
    endloop
  endfacet
  facet normal 0 0 1
    outer loop
      vertex 87.2336 51.1606 3
      vertex 90.7394 56.4299 3
      vertex 87.3807 51.5941 3
    endloop
  endfacet
  facet normal 0 0 1
    outer loop
      vertex 87.5 52.5 3
      vertex 90.25 56.1029 3
      vertex 89.7221 55.8425 3
    endloop
  endfacet
  facet normal 0 0 1
    outer loop
      vertex 91.182 11.182 3
      vertex 87.5 15.5 3
      vertex 90.7394 11.5701 3
    endloop
  endfacet
  facet normal 0 0 1
    outer loop
      vertex 87.4701 52.9568 3
      vertex 89.7221 55.8425 3
      vertex 89.1647 55.6533 3
    endloop
  endfacet
  facet normal 0 0 1
    outer loop
      vertex 90.7394 11.5701 3
      vertex 87.5 15.5 3
      vertex 90.25 11.8971 3
    endloop
  endfacet
  facet normal 0 0 1
    outer loop
      vertex 87.3807 53.4059 3
      vertex 89.1647 55.6533 3
      vertex 88.5874 55.5385 3
    endloop
  endfacet
  facet normal 0 0 1
    outer loop
      vertex 90.25 11.8971 3
      vertex 87.5 15.5 3
      vertex 89.7221 12.1575 3
    endloop
  endfacet
  facet normal 0 0 1
    outer loop
      vertex 87.2336 53.8394 3
      vertex 88.5874 55.5385 3
      vertex 88 55.5 3
    endloop
  endfacet
  facet normal -0 0 1
    outer loop
      vertex 87.4701 15.0432 3
      vertex 89.7221 12.1575 3
      vertex 87.5 15.5 3
    endloop
  endfacet
  facet normal 0 0 1
    outer loop
      vertex 89.7221 12.1575 3
      vertex 87.4701 15.0432 3
      vertex 89.1647 12.3467 3
    endloop
  endfacet
  facet normal 0 0 1
    outer loop
      vertex 89.7221 55.8425 3
      vertex 87.4701 52.9568 3
      vertex 87.5 52.5 3
    endloop
  endfacet
  facet normal 0 0 1
    outer loop
      vertex 87.0311 54.25 3
      vertex 88 55.5 3
      vertex 87.4126 55.5385 3
    endloop
  endfacet
  facet normal 0 0 1
    outer loop
      vertex 89.1647 55.6533 3
      vertex 87.3807 53.4059 3
      vertex 87.4701 52.9568 3
    endloop
  endfacet
  facet normal 0 0 1
    outer loop
      vertex 88.5874 55.5385 3
      vertex 87.2336 53.8394 3
      vertex 87.3807 53.4059 3
    endloop
  endfacet
  facet normal 0 0 1
    outer loop
      vertex 88 55.5 3
      vertex 87.0311 54.25 3
      vertex 87.2336 53.8394 3
    endloop
  endfacet
  facet normal 0 0 1
    outer loop
      vertex 86.7767 54.6307 3
      vertex 87.4126 55.5385 3
      vertex 86.8353 55.6533 3
    endloop
  endfacet
  facet normal 0 0 1
    outer loop
      vertex 87.4126 55.5385 3
      vertex 86.7767 54.6307 3
      vertex 87.0311 54.25 3
    endloop
  endfacet
  facet normal 0 0 1
    outer loop
      vertex 86.8353 55.6533 3
      vertex 86.4749 54.9749 3
      vertex 86.7767 54.6307 3
    endloop
  endfacet
  facet normal 0 0 1
    outer loop
      vertex 86.1307 55.2767 3
      vertex 86.8353 55.6533 3
      vertex 86.2779 55.8425 3
    endloop
  endfacet
  facet normal 0 0 1
    outer loop
      vertex 86.8353 55.6533 3
      vertex 86.1307 55.2767 3
      vertex 86.4749 54.9749 3
    endloop
  endfacet
  facet normal 0 0 1
    outer loop
      vertex 85.75 55.5311 3
      vertex 86.2779 55.8425 3
      vertex 85.75 56.1029 3
    endloop
  endfacet
  facet normal 0 0 1
    outer loop
      vertex 86.2779 55.8425 3
      vertex 85.75 55.5311 3
      vertex 86.1307 55.2767 3
    endloop
  endfacet
  facet normal 0 0 1
    outer loop
      vertex 85.75 56.1029 3
      vertex 85.3394 55.7336 3
      vertex 85.75 55.5311 3
    endloop
  endfacet
  facet normal 0 0 1
    outer loop
      vertex 85.2606 56.4299 3
      vertex 85.3394 55.7336 3
      vertex 85.75 56.1029 3
    endloop
  endfacet
  facet normal 0 0 1
    outer loop
      vertex 85.2606 56.4299 3
      vertex 84.9059 55.8807 3
      vertex 85.3394 55.7336 3
    endloop
  endfacet
  facet normal 0 0 1
    outer loop
      vertex 84.818 56.818 3
      vertex 84.9059 55.8807 3
      vertex 85.2606 56.4299 3
    endloop
  endfacet
  facet normal 0 0 1
    outer loop
      vertex 84.818 56.818 3
      vertex 84.4568 55.9701 3
      vertex 84.9059 55.8807 3
    endloop
  endfacet
  facet normal 0 0 1
    outer loop
      vertex 84 56 3
      vertex 84.818 56.818 3
      vertex 84.4299 57.2606 3
    endloop
  endfacet
  facet normal 0 0 1
    outer loop
      vertex 83.5432 55.9701 3
      vertex 84.4299 57.2606 3
      vertex 84.1029 57.75 3
    endloop
  endfacet
  facet normal 0 0 1
    outer loop
      vertex 84.818 56.818 3
      vertex 84 56 3
      vertex 84.4568 55.9701 3
    endloop
  endfacet
  facet normal 0 0 1
    outer loop
      vertex 83.0941 55.8807 3
      vertex 84.1029 57.75 3
      vertex 83.8425 58.2779 3
    endloop
  endfacet
  facet normal 0 0 1
    outer loop
      vertex 82.6606 55.7336 3
      vertex 83.8425 58.2779 3
      vertex 83.6533 58.8353 3
    endloop
  endfacet
  facet normal 0 0 1
    outer loop
      vertex 84.4299 57.2606 3
      vertex 83.5432 55.9701 3
      vertex 84 56 3
    endloop
  endfacet
  facet normal 0 0 1
    outer loop
      vertex 82.25 55.5311 3
      vertex 83.6533 58.8353 3
      vertex 83.5385 59.4126 3
    endloop
  endfacet
  facet normal 0 0 1
    outer loop
      vertex 81.5251 54.9749 3
      vertex 83.5385 59.4126 3
      vertex 83.5 60 3
    endloop
  endfacet
  facet normal 0 0 1
    outer loop
      vertex 84.1029 57.75 3
      vertex 83.0941 55.8807 3
      vertex 83.5432 55.9701 3
    endloop
  endfacet
  facet normal 0 0 1
    outer loop
      vertex 91.5701 62.7394 3
      vertex 93 63 3
      vertex 92.9829 63.2611 3
    endloop
  endfacet
  facet normal 0 0 1
    outer loop
      vertex 92.4615 59.4126 3
      vertex 93 63 3
      vertex 92.5 60 3
    endloop
  endfacet
  facet normal 0 0 1
    outer loop
      vertex 91.5701 62.7394 3
      vertex 92.9829 63.2611 3
      vertex 92.9319 63.5176 3
    endloop
  endfacet
  facet normal 0 0 1
    outer loop
      vertex 93 63 3
      vertex 92.4615 59.4126 3
      vertex 93 5 3
    endloop
  endfacet
  facet normal 0 0 1
    outer loop
      vertex 91.5701 62.7394 3
      vertex 92.9319 63.5176 3
      vertex 92.8478 63.7654 3
    endloop
  endfacet
  facet normal -0 0 1
    outer loop
      vertex 92.4615 7.41263 3
      vertex 93 5 3
      vertex 92.5 8 3
    endloop
  endfacet
  facet normal 0 0 1
    outer loop
      vertex 91.5701 62.7394 3
      vertex 92.8478 63.7654 3
      vertex 92.732 64 3
    endloop
  endfacet
  facet normal -0 0 1
    outer loop
      vertex 92.3467 6.83531 3
      vertex 93 5 3
      vertex 92.4615 7.41263 3
    endloop
  endfacet
  facet normal 0 0 1
    outer loop
      vertex 91.182 63.182 3
      vertex 92.732 64 3
      vertex 92.5867 64.2175 3
    endloop
  endfacet
  facet normal -0 0 1
    outer loop
      vertex 92.1575 6.27793 3
      vertex 93 5 3
      vertex 92.3467 6.83531 3
    endloop
  endfacet
  facet normal -0 0 1
    outer loop
      vertex 91.8971 5.75 3
      vertex 93 5 3
      vertex 92.1575 6.27793 3
    endloop
  endfacet
  facet normal 0 0 1
    outer loop
      vertex 93 63 3
      vertex 92.4615 60.5874 3
      vertex 92.5 60 3
    endloop
  endfacet
  facet normal 0 0 1
    outer loop
      vertex 91.182 63.182 3
      vertex 92.5867 64.2175 3
      vertex 92.4142 64.4142 3
    endloop
  endfacet
  facet normal 0 0 1
    outer loop
      vertex 93 63 3
      vertex 92.3467 61.1647 3
      vertex 92.4615 60.5874 3
    endloop
  endfacet
  facet normal 0 0 1
    outer loop
      vertex 91.182 63.182 3
      vertex 92.4142 64.4142 3
      vertex 92.2175 64.5867 3
    endloop
  endfacet
  facet normal 0 0 1
    outer loop
      vertex 93 63 3
      vertex 92.1575 61.7221 3
      vertex 92.3467 61.1647 3
    endloop
  endfacet
  facet normal 0 0 1
    outer loop
      vertex 91.182 63.182 3
      vertex 92.2175 64.5867 3
      vertex 92 64.732 3
    endloop
  endfacet
  facet normal 0 0 1
    outer loop
      vertex 93 63 3
      vertex 91.8971 62.25 3
      vertex 92.1575 61.7221 3
    endloop
  endfacet
  facet normal 0 0 1
    outer loop
      vertex 90.7394 63.5701 3
      vertex 92 64.732 3
      vertex 91.7654 64.8478 3
    endloop
  endfacet
  facet normal 0 0 1
    outer loop
      vertex 93 63 3
      vertex 91.5701 62.7394 3
      vertex 91.8971 62.25 3
    endloop
  endfacet
  facet normal 0 0 1
    outer loop
      vertex 90.7394 63.5701 3
      vertex 91.7654 64.8478 3
      vertex 91.5176 64.9319 3
    endloop
  endfacet
  facet normal 0 0 1
    outer loop
      vertex 90.7394 63.5701 3
      vertex 91.5176 64.9319 3
      vertex 91.2611 64.9829 3
    endloop
  endfacet
  facet normal 0 0 1
    outer loop
      vertex 92.732 64 3
      vertex 91.182 63.182 3
      vertex 91.5701 62.7394 3
    endloop
  endfacet
  facet normal 0 0 1
    outer loop
      vertex 90.7394 63.5701 3
      vertex 91.2611 64.9829 3
      vertex 91 65 3
    endloop
  endfacet
  facet normal 0 0 1
    outer loop
      vertex 92 64.732 3
      vertex 90.7394 63.5701 3
      vertex 91.182 63.182 3
    endloop
  endfacet
  facet normal 0 0 1
    outer loop
      vertex 91 65 3
      vertex 90.25 63.8971 3
      vertex 90.7394 63.5701 3
    endloop
  endfacet
  facet normal 0 0 1
    outer loop
      vertex 91 65 3
      vertex 89.7221 64.1575 3
      vertex 90.25 63.8971 3
    endloop
  endfacet
  facet normal 0 0 1
    outer loop
      vertex 91 65 3
      vertex 89.1647 64.3467 3
      vertex 89.7221 64.1575 3
    endloop
  endfacet
  facet normal 0 0 1
    outer loop
      vertex 91 65 3
      vertex 88.5874 64.4615 3
      vertex 89.1647 64.3467 3
    endloop
  endfacet
  facet normal 0 0 1
    outer loop
      vertex 91 65 3
      vertex 88 64.5 3
      vertex 88.5874 64.4615 3
    endloop
  endfacet
  facet normal 0 0 1
    outer loop
      vertex 91 65 3
      vertex 87.4126 64.4615 3
      vertex 88 64.5 3
    endloop
  endfacet
  facet normal 0 0 1
    outer loop
      vertex 81.2233 54.6307 3
      vertex 83.5 60 3
      vertex 83.5385 60.5874 3
    endloop
  endfacet
  facet normal 0 0 1
    outer loop
      vertex 83.8425 58.2779 3
      vertex 82.6606 55.7336 3
      vertex 83.0941 55.8807 3
    endloop
  endfacet
  facet normal 0 0 1
    outer loop
      vertex 83.6533 58.8353 3
      vertex 82.25 55.5311 3
      vertex 82.6606 55.7336 3
    endloop
  endfacet
  facet normal 0 0 1
    outer loop
      vertex 80.9689 54.25 3
      vertex 83.5385 60.5874 3
      vertex 83.6533 61.1647 3
    endloop
  endfacet
  facet normal 0 0 1
    outer loop
      vertex 83.5385 59.4126 3
      vertex 81.8693 55.2767 3
      vertex 82.25 55.5311 3
    endloop
  endfacet
  facet normal 0 0 1
    outer loop
      vertex 83.5385 59.4126 3
      vertex 81.5251 54.9749 3
      vertex 81.8693 55.2767 3
    endloop
  endfacet
  facet normal 0 0 1
    outer loop
      vertex 12.3467 61.1647 3
      vertex 83.6533 61.1647 3
      vertex 83.8425 61.7221 3
    endloop
  endfacet
  facet normal 0 0 1
    outer loop
      vertex 83.5 60 3
      vertex 81.2233 54.6307 3
      vertex 81.5251 54.9749 3
    endloop
  endfacet
  facet normal 0 0 1
    outer loop
      vertex 83.5385 60.5874 3
      vertex 80.9689 54.25 3
      vertex 81.2233 54.6307 3
    endloop
  endfacet
  facet normal 0 0 1
    outer loop
      vertex 83.6533 61.1647 3
      vertex 15.0311 54.25 3
      vertex 80.9689 54.25 3
    endloop
  endfacet
  facet normal 0 0 1
    outer loop
      vertex 80.6193 16.4059 3
      vertex 15.5 15.5 3
      vertex 80.5299 15.9568 3
    endloop
  endfacet
  facet normal 0 0 1
    outer loop
      vertex 80.5299 52.9568 3
      vertex 15.5 52.5 3
      vertex 80.5 52.5 3
    endloop
  endfacet
  facet normal 0 0 1
    outer loop
      vertex 15.4701 52.9568 3
      vertex 80.5299 52.9568 3
      vertex 80.6193 53.4059 3
    endloop
  endfacet
  facet normal 0 0 1
    outer loop
      vertex 15.3807 53.4059 3
      vertex 80.6193 53.4059 3
      vertex 80.7664 53.8394 3
    endloop
  endfacet
  facet normal 0 0 1
    outer loop
      vertex 80.9689 54.25 3
      vertex 15.0311 54.25 3
      vertex 80.7664 53.8394 3
    endloop
  endfacet
  facet normal 0 0 1
    outer loop
      vertex 12.1575 61.7221 3
      vertex 83.8425 61.7221 3
      vertex 84.1029 62.25 3
    endloop
  endfacet
  facet normal 0 0 1
    outer loop
      vertex 11.8971 62.25 3
      vertex 84.1029 62.25 3
      vertex 84.4299 62.7394 3
    endloop
  endfacet
  facet normal 0 0 1
    outer loop
      vertex 11.5701 62.7394 3
      vertex 84.4299 62.7394 3
      vertex 84.818 63.182 3
    endloop
  endfacet
  facet normal 0 0 1
    outer loop
      vertex 11.182 63.182 3
      vertex 84.818 63.182 3
      vertex 85.2606 63.5701 3
    endloop
  endfacet
  facet normal 0 0 1
    outer loop
      vertex 10.7394 63.5701 3
      vertex 85.2606 63.5701 3
      vertex 85.75 63.8971 3
    endloop
  endfacet
  facet normal 0 0 1
    outer loop
      vertex 10.25 63.8971 3
      vertex 85.75 63.8971 3
      vertex 86.2779 64.1575 3
    endloop
  endfacet
  facet normal 0 0 1
    outer loop
      vertex 9.72207 64.1575 3
      vertex 86.2779 64.1575 3
      vertex 86.8353 64.3467 3
    endloop
  endfacet
  facet normal 0 0 1
    outer loop
      vertex 9.16469 64.3467 3
      vertex 86.8353 64.3467 3
      vertex 87.4126 64.4615 3
    endloop
  endfacet
  facet normal 0 0 1
    outer loop
      vertex 80.5299 52.9568 3
      vertex 15.4701 52.9568 3
      vertex 15.5 52.5 3
    endloop
  endfacet
  facet normal 0 0 1
    outer loop
      vertex 80.6193 53.4059 3
      vertex 15.3807 53.4059 3
      vertex 15.4701 52.9568 3
    endloop
  endfacet
  facet normal 0 0 1
    outer loop
      vertex 80.7664 53.8394 3
      vertex 15.2336 53.8394 3
      vertex 15.3807 53.4059 3
    endloop
  endfacet
  facet normal 0 0 1
    outer loop
      vertex 8.58737 64.4615 3
      vertex 87.4126 64.4615 3
      vertex 91 65 3
    endloop
  endfacet
  facet normal 0 0 1
    outer loop
      vertex 80.7664 53.8394 3
      vertex 15.0311 54.25 3
      vertex 15.2336 53.8394 3
    endloop
  endfacet
  facet normal 0 0 1
    outer loop
      vertex 83.6533 61.1647 3
      vertex 12.3467 61.1647 3
      vertex 15.0311 54.25 3
    endloop
  endfacet
  facet normal -0 -0 1
    outer loop
      vertex 12.4615 60.5874 3
      vertex 15.0311 54.25 3
      vertex 12.3467 61.1647 3
    endloop
  endfacet
  facet normal 0 0 1
    outer loop
      vertex 15.0311 54.25 3
      vertex 12.4615 60.5874 3
      vertex 14.7767 54.6307 3
    endloop
  endfacet
  facet normal -0 -0 1
    outer loop
      vertex 12.5 60 3
      vertex 14.7767 54.6307 3
      vertex 12.4615 60.5874 3
    endloop
  endfacet
  facet normal -0 0 1
    outer loop
      vertex 12.4615 59.4126 3
      vertex 14.4749 54.9749 3
      vertex 12.5 60 3
    endloop
  endfacet
  facet normal 0 0 1
    outer loop
      vertex 14.4749 54.9749 3
      vertex 12.4615 59.4126 3
      vertex 14.1307 55.2767 3
    endloop
  endfacet
  facet normal -0 0 1
    outer loop
      vertex 12.3467 58.8353 3
      vertex 13.75 55.5311 3
      vertex 12.4615 59.4126 3
    endloop
  endfacet
  facet normal 0 0 1
    outer loop
      vertex 14.1307 55.2767 3
      vertex 12.4615 59.4126 3
      vertex 13.75 55.5311 3
    endloop
  endfacet
  facet normal 0 0 1
    outer loop
      vertex 14.7767 54.6307 3
      vertex 12.5 60 3
      vertex 14.4749 54.9749 3
    endloop
  endfacet
  facet normal 0 0 1
    outer loop
      vertex 83.8425 61.7221 3
      vertex 12.1575 61.7221 3
      vertex 12.3467 61.1647 3
    endloop
  endfacet
  facet normal 0 0 1
    outer loop
      vertex 84.1029 62.25 3
      vertex 11.8971 62.25 3
      vertex 12.1575 61.7221 3
    endloop
  endfacet
  facet normal 0 0 1
    outer loop
      vertex 84.4299 62.7394 3
      vertex 11.5701 62.7394 3
      vertex 11.8971 62.25 3
    endloop
  endfacet
  facet normal 0 0 1
    outer loop
      vertex 84.818 63.182 3
      vertex 11.182 63.182 3
      vertex 11.5701 62.7394 3
    endloop
  endfacet
  facet normal 0 0 1
    outer loop
      vertex 85.2606 63.5701 3
      vertex 10.7394 63.5701 3
      vertex 11.182 63.182 3
    endloop
  endfacet
  facet normal 0 0 1
    outer loop
      vertex 85.75 63.8971 3
      vertex 10.25 63.8971 3
      vertex 10.7394 63.5701 3
    endloop
  endfacet
  facet normal 0 0 1
    outer loop
      vertex 86.2779 64.1575 3
      vertex 9.72207 64.1575 3
      vertex 10.25 63.8971 3
    endloop
  endfacet
  facet normal 0 0 1
    outer loop
      vertex 86.8353 64.3467 3
      vertex 9.16469 64.3467 3
      vertex 9.72207 64.1575 3
    endloop
  endfacet
  facet normal 0 0 1
    outer loop
      vertex 87.4126 64.4615 3
      vertex 8.58737 64.4615 3
      vertex 9.16469 64.3467 3
    endloop
  endfacet
  facet normal -0 0 1
    outer loop
      vertex 5 65 3
      vertex 8.58737 64.4615 3
      vertex 91 65 3
    endloop
  endfacet
  facet normal 0 0 1
    outer loop
      vertex 8.58737 64.4615 3
      vertex 5 65 3
      vertex 8 64.5 3
    endloop
  endfacet
  facet normal 0 0 1
    outer loop
      vertex 5 65 3
      vertex 7.41263 64.4615 3
      vertex 8 64.5 3
    endloop
  endfacet
  facet normal 0 0 1
    outer loop
      vertex 5 65 3
      vertex 6.83531 64.3467 3
      vertex 7.41263 64.4615 3
    endloop
  endfacet
  facet normal 0 0 1
    outer loop
      vertex 5 65 3
      vertex 6.27793 64.1575 3
      vertex 6.83531 64.3467 3
    endloop
  endfacet
  facet normal 0 0 1
    outer loop
      vertex 5 65 3
      vertex 5.75 63.8971 3
      vertex 6.27793 64.1575 3
    endloop
  endfacet
  facet normal 0 0 1
    outer loop
      vertex 5 65 3
      vertex 5.26057 63.5701 3
      vertex 5.75 63.8971 3
    endloop
  endfacet
  facet normal -0 0 1
    outer loop
      vertex 4.73895 64.9829 3
      vertex 5.26057 63.5701 3
      vertex 5 65 3
    endloop
  endfacet
  facet normal -0 0 1
    outer loop
      vertex 4.48236 64.9319 3
      vertex 5.26057 63.5701 3
      vertex 4.73895 64.9829 3
    endloop
  endfacet
  facet normal -0 0 1
    outer loop
      vertex 4.23463 64.8478 3
      vertex 5.26057 63.5701 3
      vertex 4.48236 64.9319 3
    endloop
  endfacet
  facet normal -0 0 1
    outer loop
      vertex 4 64.732 3
      vertex 5.26057 63.5701 3
      vertex 4.23463 64.8478 3
    endloop
  endfacet
  facet normal 0 0 1
    outer loop
      vertex 5.26057 63.5701 3
      vertex 4 64.732 3
      vertex 4.81802 63.182 3
    endloop
  endfacet
  facet normal -0 0 1
    outer loop
      vertex 3.78248 64.5867 3
      vertex 4.81802 63.182 3
      vertex 4 64.732 3
    endloop
  endfacet
  facet normal -0 0 1
    outer loop
      vertex 3.58579 64.4142 3
      vertex 4.81802 63.182 3
      vertex 3.78248 64.5867 3
    endloop
  endfacet
  facet normal -0 0 1
    outer loop
      vertex 3.41329 64.2175 3
      vertex 4.81802 63.182 3
      vertex 3.58579 64.4142 3
    endloop
  endfacet
  facet normal -0 0 1
    outer loop
      vertex 3.26795 64 3
      vertex 4.81802 63.182 3
      vertex 3.41329 64.2175 3
    endloop
  endfacet
  facet normal 0 0 1
    outer loop
      vertex 4.81802 63.182 3
      vertex 3.26795 64 3
      vertex 4.42991 62.7394 3
    endloop
  endfacet
  facet normal -0 0 1
    outer loop
      vertex 3.15224 63.7654 3
      vertex 4.42991 62.7394 3
      vertex 3.26795 64 3
    endloop
  endfacet
  facet normal 0 0 1
    outer loop
      vertex 3.84254 61.7221 3
      vertex 3 63 3
      vertex 3.65333 61.1647 3
    endloop
  endfacet
  facet normal 0 0 1
    outer loop
      vertex 3.65333 61.1647 3
      vertex 3 63 3
      vertex 3.5385 60.5874 3
    endloop
  endfacet
  facet normal 0 0 1
    outer loop
      vertex 3.5385 60.5874 3
      vertex 3 63 3
      vertex 3.5 60 3
    endloop
  endfacet
  facet normal -0 0 1
    outer loop
      vertex 3.06815 63.5176 3
      vertex 4.42991 62.7394 3
      vertex 3.15224 63.7654 3
    endloop
  endfacet
  facet normal -0 0 1
    outer loop
      vertex 91.5701 5.26057 3
      vertex 93 5 3
      vertex 91.8971 5.75 3
    endloop
  endfacet
  facet normal 0 0 1
    outer loop
      vertex 93 5 3
      vertex 91.5701 5.26057 3
      vertex 92.9829 4.73895 3
    endloop
  endfacet
  facet normal 0 0 1
    outer loop
      vertex 92.9829 4.73895 3
      vertex 91.5701 5.26057 3
      vertex 92.9319 4.48236 3
    endloop
  endfacet
  facet normal 0 0 1
    outer loop
      vertex 92.9319 4.48236 3
      vertex 91.5701 5.26057 3
      vertex 92.8478 4.23463 3
    endloop
  endfacet
  facet normal 0 0 1
    outer loop
      vertex 92.8478 4.23463 3
      vertex 91.5701 5.26057 3
      vertex 92.732 4 3
    endloop
  endfacet
  facet normal -0 0 1
    outer loop
      vertex 91.182 4.81802 3
      vertex 92.732 4 3
      vertex 91.5701 5.26057 3
    endloop
  endfacet
  facet normal 0 0 1
    outer loop
      vertex 92.732 4 3
      vertex 91.182 4.81802 3
      vertex 92.5867 3.78248 3
    endloop
  endfacet
  facet normal 0 0 1
    outer loop
      vertex 92.5867 3.78248 3
      vertex 91.182 4.81802 3
      vertex 92.4142 3.58579 3
    endloop
  endfacet
  facet normal 0 0 1
    outer loop
      vertex 92.4142 3.58579 3
      vertex 91.182 4.81802 3
      vertex 92.2175 3.41329 3
    endloop
  endfacet
  facet normal 0 0 1
    outer loop
      vertex 92.2175 3.41329 3
      vertex 91.182 4.81802 3
      vertex 92 3.26795 3
    endloop
  endfacet
  facet normal -0 0 1
    outer loop
      vertex 90.7394 4.42991 3
      vertex 92 3.26795 3
      vertex 91.182 4.81802 3
    endloop
  endfacet
  facet normal 0 0 1
    outer loop
      vertex 92 3.26795 3
      vertex 90.7394 4.42991 3
      vertex 91.7654 3.15224 3
    endloop
  endfacet
  facet normal 0 0 1
    outer loop
      vertex 91.7654 3.15224 3
      vertex 90.7394 4.42991 3
      vertex 91.5176 3.06815 3
    endloop
  endfacet
  facet normal 0 0 1
    outer loop
      vertex 91.5176 3.06815 3
      vertex 90.7394 4.42991 3
      vertex 91.2611 3.01711 3
    endloop
  endfacet
  facet normal 0 0 1
    outer loop
      vertex 91.2611 3.01711 3
      vertex 90.7394 4.42991 3
      vertex 91 3 3
    endloop
  endfacet
  facet normal -0 0 1
    outer loop
      vertex 90.25 4.10289 3
      vertex 91 3 3
      vertex 90.7394 4.42991 3
    endloop
  endfacet
  facet normal -0 0 1
    outer loop
      vertex 89.7221 3.84254 3
      vertex 91 3 3
      vertex 90.25 4.10289 3
    endloop
  endfacet
  facet normal -0 0 1
    outer loop
      vertex 89.1647 3.65333 3
      vertex 91 3 3
      vertex 89.7221 3.84254 3
    endloop
  endfacet
  facet normal -0 0 1
    outer loop
      vertex 88.5874 3.5385 3
      vertex 91 3 3
      vertex 89.1647 3.65333 3
    endloop
  endfacet
  facet normal -0 0 1
    outer loop
      vertex 88 3.5 3
      vertex 91 3 3
      vertex 88.5874 3.5385 3
    endloop
  endfacet
  facet normal 0 0 1
    outer loop
      vertex 87.4126 3.5385 3
      vertex 91 3 3
      vertex 88 3.5 3
    endloop
  endfacet
  facet normal 0 0 1
    outer loop
      vertex 83.6533 9.16469 3
      vertex 82.25 12.4689 3
      vertex 83.5385 8.58737 3
    endloop
  endfacet
  facet normal 0 0 1
    outer loop
      vertex 81.8693 12.7233 3
      vertex 83.5385 8.58737 3
      vertex 82.25 12.4689 3
    endloop
  endfacet
  facet normal 0 0 1
    outer loop
      vertex 81.5251 13.0251 3
      vertex 83.5385 8.58737 3
      vertex 81.8693 12.7233 3
    endloop
  endfacet
  facet normal 0 0 1
    outer loop
      vertex 83.5385 8.58737 3
      vertex 81.5251 13.0251 3
      vertex 83.5 8 3
    endloop
  endfacet
  facet normal 0 0 1
    outer loop
      vertex 81.2233 13.3693 3
      vertex 83.5 8 3
      vertex 81.5251 13.0251 3
    endloop
  endfacet
  facet normal 0 0 1
    outer loop
      vertex 83.5 8 3
      vertex 81.2233 13.3693 3
      vertex 83.5385 7.41263 3
    endloop
  endfacet
  facet normal 0 0 1
    outer loop
      vertex 80.9689 13.75 3
      vertex 83.5385 7.41263 3
      vertex 81.2233 13.3693 3
    endloop
  endfacet
  facet normal 0 0 1
    outer loop
      vertex 83.5385 7.41263 3
      vertex 80.9689 13.75 3
      vertex 83.6533 6.83531 3
    endloop
  endfacet
  facet normal -0 0 1
    outer loop
      vertex 15.0311 13.75 3
      vertex 83.6533 6.83531 3
      vertex 80.9689 13.75 3
    endloop
  endfacet
  facet normal 0 0 1
    outer loop
      vertex 15.0311 13.75 3
      vertex 80.9689 13.75 3
      vertex 80.7664 14.1606 3
    endloop
  endfacet
  facet normal 0 0 1
    outer loop
      vertex 80.5299 15.9568 3
      vertex 15.5 15.5 3
      vertex 80.5 15.5 3
    endloop
  endfacet
  facet normal 0 0 1
    outer loop
      vertex 80.5 15.5 3
      vertex 15.5 15.5 3
      vertex 80.5299 15.0432 3
    endloop
  endfacet
  facet normal 0 0 1
    outer loop
      vertex 15.4701 15.0432 3
      vertex 80.5299 15.0432 3
      vertex 15.5 15.5 3
    endloop
  endfacet
  facet normal 0 0 1
    outer loop
      vertex 80.5299 15.0432 3
      vertex 15.4701 15.0432 3
      vertex 80.6193 14.5941 3
    endloop
  endfacet
  facet normal 0 0 1
    outer loop
      vertex 15.3807 14.5941 3
      vertex 80.6193 14.5941 3
      vertex 15.4701 15.0432 3
    endloop
  endfacet
  facet normal 0 0 1
    outer loop
      vertex 80.6193 14.5941 3
      vertex 15.3807 14.5941 3
      vertex 80.7664 14.1606 3
    endloop
  endfacet
  facet normal 0 0 1
    outer loop
      vertex 15.2336 14.1606 3
      vertex 80.7664 14.1606 3
      vertex 15.3807 14.5941 3
    endloop
  endfacet
  facet normal 0 0 1
    outer loop
      vertex 15.0311 13.75 3
      vertex 80.7664 14.1606 3
      vertex 15.2336 14.1606 3
    endloop
  endfacet
  facet normal 0 0 1
    outer loop
      vertex 12.3467 6.83531 3
      vertex 83.6533 6.83531 3
      vertex 15.0311 13.75 3
    endloop
  endfacet
  facet normal 0 0 1
    outer loop
      vertex 83.6533 6.83531 3
      vertex 12.3467 6.83531 3
      vertex 83.8425 6.27793 3
    endloop
  endfacet
  facet normal 0 0 1
    outer loop
      vertex 12.1575 6.27793 3
      vertex 83.8425 6.27793 3
      vertex 12.3467 6.83531 3
    endloop
  endfacet
  facet normal 0 0 1
    outer loop
      vertex 83.8425 6.27793 3
      vertex 12.1575 6.27793 3
      vertex 84.1029 5.75 3
    endloop
  endfacet
  facet normal 0 0 1
    outer loop
      vertex 11.8971 5.75 3
      vertex 84.1029 5.75 3
      vertex 12.1575 6.27793 3
    endloop
  endfacet
  facet normal 0 0 1
    outer loop
      vertex 84.1029 5.75 3
      vertex 11.8971 5.75 3
      vertex 84.4299 5.26057 3
    endloop
  endfacet
  facet normal 0 0 1
    outer loop
      vertex 11.5701 5.26057 3
      vertex 84.4299 5.26057 3
      vertex 11.8971 5.75 3
    endloop
  endfacet
  facet normal 0 0 1
    outer loop
      vertex 84.4299 5.26057 3
      vertex 11.5701 5.26057 3
      vertex 84.818 4.81802 3
    endloop
  endfacet
  facet normal 0 0 1
    outer loop
      vertex 11.182 4.81802 3
      vertex 84.818 4.81802 3
      vertex 11.5701 5.26057 3
    endloop
  endfacet
  facet normal 0 0 1
    outer loop
      vertex 84.818 4.81802 3
      vertex 11.182 4.81802 3
      vertex 85.2606 4.42991 3
    endloop
  endfacet
  facet normal 0 0 1
    outer loop
      vertex 12.4615 7.41263 3
      vertex 15.0311 13.75 3
      vertex 14.7767 13.3693 3
    endloop
  endfacet
  facet normal 0 0 1
    outer loop
      vertex 12.5 8 3
      vertex 14.7767 13.3693 3
      vertex 14.4749 13.0251 3
    endloop
  endfacet
  facet normal 0 0 1
    outer loop
      vertex 12.4615 8.58737 3
      vertex 14.4749 13.0251 3
      vertex 14.1307 12.7233 3
    endloop
  endfacet
  facet normal 0 0 1
    outer loop
      vertex 12.4615 8.58737 3
      vertex 14.1307 12.7233 3
      vertex 13.75 12.4689 3
    endloop
  endfacet
  facet normal 0 0 1
    outer loop
      vertex 12.4615 8.58737 3
      vertex 13.75 12.4689 3
      vertex 13.3394 12.2664 3
    endloop
  endfacet
  facet normal 0 0 1
    outer loop
      vertex 12.1575 9.72207 3
      vertex 13.3394 12.2664 3
      vertex 12.9059 12.1193 3
    endloop
  endfacet
  facet normal 0 0 1
    outer loop
      vertex 14.7767 13.3693 3
      vertex 12.5 8 3
      vertex 12.4615 7.41263 3
    endloop
  endfacet
  facet normal 0 0 1
    outer loop
      vertex 15.0311 13.75 3
      vertex 12.4615 7.41263 3
      vertex 12.3467 6.83531 3
    endloop
  endfacet
  facet normal 0 0 1
    outer loop
      vertex 10.7394 4.42991 3
      vertex 85.2606 4.42991 3
      vertex 11.182 4.81802 3
    endloop
  endfacet
  facet normal 0 0 1
    outer loop
      vertex 85.2606 4.42991 3
      vertex 10.7394 4.42991 3
      vertex 85.75 4.10289 3
    endloop
  endfacet
  facet normal 0 0 1
    outer loop
      vertex 10.25 4.10289 3
      vertex 85.75 4.10289 3
      vertex 10.7394 4.42991 3
    endloop
  endfacet
  facet normal 0 0 1
    outer loop
      vertex 85.75 4.10289 3
      vertex 10.25 4.10289 3
      vertex 86.2779 3.84254 3
    endloop
  endfacet
  facet normal 0 0 1
    outer loop
      vertex 9.72207 3.84254 3
      vertex 86.2779 3.84254 3
      vertex 10.25 4.10289 3
    endloop
  endfacet
  facet normal 0 0 1
    outer loop
      vertex 86.2779 3.84254 3
      vertex 9.72207 3.84254 3
      vertex 86.8353 3.65333 3
    endloop
  endfacet
  facet normal 0 0 1
    outer loop
      vertex 9.16469 3.65333 3
      vertex 86.8353 3.65333 3
      vertex 9.72207 3.84254 3
    endloop
  endfacet
  facet normal 0 0 1
    outer loop
      vertex 86.8353 3.65333 3
      vertex 9.16469 3.65333 3
      vertex 87.4126 3.5385 3
    endloop
  endfacet
  facet normal 0 0 1
    outer loop
      vertex 8.58737 3.5385 3
      vertex 87.4126 3.5385 3
      vertex 9.16469 3.65333 3
    endloop
  endfacet
  facet normal 0 0 1
    outer loop
      vertex 87.4126 3.5385 3
      vertex 8.58737 3.5385 3
      vertex 91 3 3
    endloop
  endfacet
  facet normal 0 0 1
    outer loop
      vertex 5 3 3
      vertex 8.58737 3.5385 3
      vertex 8 3.5 3
    endloop
  endfacet
  facet normal 0 0 1
    outer loop
      vertex 8.58737 3.5385 3
      vertex 5 3 3
      vertex 91 3 3
    endloop
  endfacet
  facet normal 0 0 1
    outer loop
      vertex 7.41263 3.5385 3
      vertex 5 3 3
      vertex 8 3.5 3
    endloop
  endfacet
  facet normal 0 0 1
    outer loop
      vertex 6.83531 3.65333 3
      vertex 5 3 3
      vertex 7.41263 3.5385 3
    endloop
  endfacet
  facet normal 0 0 1
    outer loop
      vertex 6.27793 3.84254 3
      vertex 5 3 3
      vertex 6.83531 3.65333 3
    endloop
  endfacet
  facet normal 0 0 1
    outer loop
      vertex 5.75 4.10289 3
      vertex 5 3 3
      vertex 6.27793 3.84254 3
    endloop
  endfacet
  facet normal 0 0 1
    outer loop
      vertex 5.26057 4.42991 3
      vertex 5 3 3
      vertex 5.75 4.10289 3
    endloop
  endfacet
  facet normal 0 0 1
    outer loop
      vertex 4 3.26795 3
      vertex 5.26057 4.42991 3
      vertex 4.81802 4.81802 3
    endloop
  endfacet
  facet normal 0 0 1
    outer loop
      vertex 5.26057 4.42991 3
      vertex 4.73895 3.01711 3
      vertex 5 3 3
    endloop
  endfacet
  facet normal 0 0 1
    outer loop
      vertex 5.26057 4.42991 3
      vertex 4.48236 3.06815 3
      vertex 4.73895 3.01711 3
    endloop
  endfacet
  facet normal 0 0 1
    outer loop
      vertex 3.26795 4 3
      vertex 4.81802 4.81802 3
      vertex 4.42991 5.26057 3
    endloop
  endfacet
  facet normal 0 0 1
    outer loop
      vertex 5.26057 4.42991 3
      vertex 4.23463 3.15224 3
      vertex 4.48236 3.06815 3
    endloop
  endfacet
  facet normal 0 0 1
    outer loop
      vertex 3 5 3
      vertex 4.42991 5.26057 3
      vertex 4.10289 5.75 3
    endloop
  endfacet
  facet normal 0 0 1
    outer loop
      vertex 5.26057 4.42991 3
      vertex 4 3.26795 3
      vertex 4.23463 3.15224 3
    endloop
  endfacet
  facet normal 0 0 1
    outer loop
      vertex 3 5 3
      vertex 4.10289 5.75 3
      vertex 3.84254 6.27793 3
    endloop
  endfacet
  facet normal 0 0 1
    outer loop
      vertex 4.81802 4.81802 3
      vertex 3.78248 3.41329 3
      vertex 4 3.26795 3
    endloop
  endfacet
  facet normal 0 0 1
    outer loop
      vertex 3 5 3
      vertex 3.84254 6.27793 3
      vertex 3.65333 6.83531 3
    endloop
  endfacet
  facet normal 0 0 1
    outer loop
      vertex 4.42991 5.26057 3
      vertex 3 5 3
      vertex 3.01711 4.73895 3
    endloop
  endfacet
  facet normal 0 0 1
    outer loop
      vertex 3 5 3
      vertex 3.65333 6.83531 3
      vertex 3.5385 7.41263 3
    endloop
  endfacet
  facet normal 0 0 1
    outer loop
      vertex 3 5 3
      vertex 3.5385 7.41263 3
      vertex 3.5 8 3
    endloop
  endfacet
  facet normal 0 0 1
    outer loop
      vertex 4.81802 4.81802 3
      vertex 3.58579 3.58579 3
      vertex 3.78248 3.41329 3
    endloop
  endfacet
  facet normal 0 0 1
    outer loop
      vertex 3 5 3
      vertex 3.5385 8.58737 3
      vertex 3 63 3
    endloop
  endfacet
  facet normal -0 0 1
    outer loop
      vertex 3.01711 63.2611 3
      vertex 4.42991 62.7394 3
      vertex 3.06815 63.5176 3
    endloop
  endfacet
  facet normal 0 0 1
    outer loop
      vertex 3.5385 8.58737 3
      vertex 3 5 3
      vertex 3.5 8 3
    endloop
  endfacet
  facet normal -0 0 1
    outer loop
      vertex 3 63 3
      vertex 4.42991 62.7394 3
      vertex 3.01711 63.2611 3
    endloop
  endfacet
  facet normal 0 0 1
    outer loop
      vertex 4.81802 4.81802 3
      vertex 3.41329 3.78248 3
      vertex 3.58579 3.58579 3
    endloop
  endfacet
  facet normal 0 0 1
    outer loop
      vertex 4.42991 62.7394 3
      vertex 3 63 3
      vertex 4.10289 62.25 3
    endloop
  endfacet
  facet normal 0 0 1
    outer loop
      vertex 4.81802 4.81802 3
      vertex 3.26795 4 3
      vertex 3.41329 3.78248 3
    endloop
  endfacet
  facet normal 0 0 1
    outer loop
      vertex 4.10289 62.25 3
      vertex 3 63 3
      vertex 3.84254 61.7221 3
    endloop
  endfacet
  facet normal 0 0 1
    outer loop
      vertex 4.42991 5.26057 3
      vertex 3.15224 4.23463 3
      vertex 3.26795 4 3
    endloop
  endfacet
  facet normal 0 0 1
    outer loop
      vertex 4.42991 5.26057 3
      vertex 3.06815 4.48236 3
      vertex 3.15224 4.23463 3
    endloop
  endfacet
  facet normal 0 0 1
    outer loop
      vertex 4.42991 5.26057 3
      vertex 3.01711 4.73895 3
      vertex 3.06815 4.48236 3
    endloop
  endfacet
  facet normal -0 0 1
    outer loop
      vertex 87.3807 14.5941 3
      vertex 89.1647 12.3467 3
      vertex 87.4701 15.0432 3
    endloop
  endfacet
  facet normal 0 0 1
    outer loop
      vertex 89.1647 12.3467 3
      vertex 87.3807 14.5941 3
      vertex 88.5874 12.4615 3
    endloop
  endfacet
  facet normal -0 0 1
    outer loop
      vertex 87.2336 14.1606 3
      vertex 88.5874 12.4615 3
      vertex 87.3807 14.5941 3
    endloop
  endfacet
  facet normal 0 0 1
    outer loop
      vertex 88.5874 12.4615 3
      vertex 87.2336 14.1606 3
      vertex 88 12.5 3
    endloop
  endfacet
  facet normal -0 0 1
    outer loop
      vertex 87.0311 13.75 3
      vertex 88 12.5 3
      vertex 87.2336 14.1606 3
    endloop
  endfacet
  facet normal 0 0 1
    outer loop
      vertex 88 12.5 3
      vertex 87.0311 13.75 3
      vertex 87.4126 12.4615 3
    endloop
  endfacet
  facet normal -0 0 1
    outer loop
      vertex 86.7767 13.3693 3
      vertex 87.4126 12.4615 3
      vertex 87.0311 13.75 3
    endloop
  endfacet
  facet normal 0 0 1
    outer loop
      vertex 87.4126 12.4615 3
      vertex 86.7767 13.3693 3
      vertex 86.8353 12.3467 3
    endloop
  endfacet
  facet normal -0 0 1
    outer loop
      vertex 86.4749 13.0251 3
      vertex 86.8353 12.3467 3
      vertex 86.7767 13.3693 3
    endloop
  endfacet
  facet normal -0 0 1
    outer loop
      vertex 86.1307 12.7233 3
      vertex 86.8353 12.3467 3
      vertex 86.4749 13.0251 3
    endloop
  endfacet
  facet normal 0 0 1
    outer loop
      vertex 86.8353 12.3467 3
      vertex 86.1307 12.7233 3
      vertex 86.2779 12.1575 3
    endloop
  endfacet
  facet normal -0 0 1
    outer loop
      vertex 85.75 12.4689 3
      vertex 86.2779 12.1575 3
      vertex 86.1307 12.7233 3
    endloop
  endfacet
  facet normal 0 0 1
    outer loop
      vertex 85.75 12.4689 3
      vertex 85.75 11.8971 3
      vertex 86.2779 12.1575 3
    endloop
  endfacet
  facet normal -0 0 1
    outer loop
      vertex 85.3394 12.2664 3
      vertex 85.75 11.8971 3
      vertex 85.75 12.4689 3
    endloop
  endfacet
  facet normal 0 0 1
    outer loop
      vertex 85.3394 12.2664 3
      vertex 85.2606 11.5701 3
      vertex 85.75 11.8971 3
    endloop
  endfacet
  facet normal -0 0 1
    outer loop
      vertex 84.9059 12.1193 3
      vertex 85.2606 11.5701 3
      vertex 85.3394 12.2664 3
    endloop
  endfacet
  facet normal 0 0 1
    outer loop
      vertex 84.9059 12.1193 3
      vertex 84.818 11.182 3
      vertex 85.2606 11.5701 3
    endloop
  endfacet
  facet normal -0 0 1
    outer loop
      vertex 84.4568 12.0299 3
      vertex 84.818 11.182 3
      vertex 84.9059 12.1193 3
    endloop
  endfacet
  facet normal -0 0 1
    outer loop
      vertex 84 12 3
      vertex 84.818 11.182 3
      vertex 84.4568 12.0299 3
    endloop
  endfacet
  facet normal 0 0 1
    outer loop
      vertex 84.818 11.182 3
      vertex 84 12 3
      vertex 84.4299 10.7394 3
    endloop
  endfacet
  facet normal 0 0 1
    outer loop
      vertex 83.5432 12.0299 3
      vertex 84.4299 10.7394 3
      vertex 84 12 3
    endloop
  endfacet
  facet normal 0 0 1
    outer loop
      vertex 84.4299 10.7394 3
      vertex 83.5432 12.0299 3
      vertex 84.1029 10.25 3
    endloop
  endfacet
  facet normal 0 0 1
    outer loop
      vertex 83.0941 12.1193 3
      vertex 84.1029 10.25 3
      vertex 83.5432 12.0299 3
    endloop
  endfacet
  facet normal 0 0 1
    outer loop
      vertex 84.1029 10.25 3
      vertex 83.0941 12.1193 3
      vertex 83.8425 9.72207 3
    endloop
  endfacet
  facet normal 0 0 1
    outer loop
      vertex 82.6606 12.2664 3
      vertex 83.8425 9.72207 3
      vertex 83.0941 12.1193 3
    endloop
  endfacet
  facet normal 0 0 1
    outer loop
      vertex 83.8425 9.72207 3
      vertex 82.6606 12.2664 3
      vertex 83.6533 9.16469 3
    endloop
  endfacet
  facet normal 0 0 1
    outer loop
      vertex 82.25 12.4689 3
      vertex 83.6533 9.16469 3
      vertex 82.6606 12.2664 3
    endloop
  endfacet
  facet normal 0 0 1
    outer loop
      vertex 13.3385 15.6762 3
      vertex 13.3385 15.3238 3
      vertex 13.35 15.5 3
    endloop
  endfacet
  facet normal 0 0 1
    outer loop
      vertex 13.304 15.8494 3
      vertex 13.3385 15.3238 3
      vertex 13.3385 15.6762 3
    endloop
  endfacet
  facet normal 0 0 1
    outer loop
      vertex 13.304 15.8494 3
      vertex 13.304 15.1506 3
      vertex 13.3385 15.3238 3
    endloop
  endfacet
  facet normal 0 0 1
    outer loop
      vertex 13.2472 16.0166 3
      vertex 13.304 15.1506 3
      vertex 13.304 15.8494 3
    endloop
  endfacet
  facet normal 0 0 1
    outer loop
      vertex 13.2472 16.0166 3
      vertex 13.2472 14.9834 3
      vertex 13.304 15.1506 3
    endloop
  endfacet
  facet normal 0 0 1
    outer loop
      vertex 13.1691 16.175 3
      vertex 13.2472 14.9834 3
      vertex 13.2472 16.0166 3
    endloop
  endfacet
  facet normal 0 0 1
    outer loop
      vertex 13.1691 16.175 3
      vertex 13.1691 14.825 3
      vertex 13.2472 14.9834 3
    endloop
  endfacet
  facet normal 0 0 1
    outer loop
      vertex 13.071 16.3218 3
      vertex 13.1691 14.825 3
      vertex 13.1691 16.175 3
    endloop
  endfacet
  facet normal 0 0 1
    outer loop
      vertex 13.071 16.3218 3
      vertex 13.071 14.6782 3
      vertex 13.1691 14.825 3
    endloop
  endfacet
  facet normal 0 0 1
    outer loop
      vertex 12.9546 16.4546 3
      vertex 13.071 14.6782 3
      vertex 13.071 16.3218 3
    endloop
  endfacet
  facet normal 0 0 1
    outer loop
      vertex 12.9546 16.4546 3
      vertex 12.9546 14.5454 3
      vertex 13.071 14.6782 3
    endloop
  endfacet
  facet normal 0 0 1
    outer loop
      vertex 12.8218 16.571 3
      vertex 12.9546 14.5454 3
      vertex 12.9546 16.4546 3
    endloop
  endfacet
  facet normal 0 0 1
    outer loop
      vertex 12.8218 16.571 3
      vertex 12.8218 14.429 3
      vertex 12.9546 14.5454 3
    endloop
  endfacet
  facet normal 0 0 1
    outer loop
      vertex 12.675 16.6691 3
      vertex 12.8218 14.429 3
      vertex 12.8218 16.571 3
    endloop
  endfacet
  facet normal 0 0 1
    outer loop
      vertex 12.675 16.6691 3
      vertex 12.675 14.3309 3
      vertex 12.8218 14.429 3
    endloop
  endfacet
  facet normal 0 0 1
    outer loop
      vertex 12.5166 16.7472 3
      vertex 12.675 14.3309 3
      vertex 12.675 16.6691 3
    endloop
  endfacet
  facet normal 0 0 1
    outer loop
      vertex 12.5166 16.7472 3
      vertex 12.5166 14.2528 3
      vertex 12.675 14.3309 3
    endloop
  endfacet
  facet normal 0 0 1
    outer loop
      vertex 12.3494 16.804 3
      vertex 12.5166 14.2528 3
      vertex 12.5166 16.7472 3
    endloop
  endfacet
  facet normal 0 0 1
    outer loop
      vertex 12.3494 16.804 3
      vertex 12.3494 14.196 3
      vertex 12.5166 14.2528 3
    endloop
  endfacet
  facet normal 0 0 1
    outer loop
      vertex 12.1762 16.8385 3
      vertex 12.3494 14.196 3
      vertex 12.3494 16.804 3
    endloop
  endfacet
  facet normal 0 0 1
    outer loop
      vertex 12.1762 16.8385 3
      vertex 12.1762 14.1615 3
      vertex 12.3494 14.196 3
    endloop
  endfacet
  facet normal 0 0 1
    outer loop
      vertex 12 16.85 3
      vertex 12.1762 14.1615 3
      vertex 12.1762 16.8385 3
    endloop
  endfacet
  facet normal 0 0 1
    outer loop
      vertex 12 16.85 3
      vertex 12 14.15 3
      vertex 12.1762 14.1615 3
    endloop
  endfacet
  facet normal -0 0 1
    outer loop
      vertex 11.8238 16.8385 3
      vertex 12 14.15 3
      vertex 12 16.85 3
    endloop
  endfacet
  facet normal 0 0 1
    outer loop
      vertex 11.8238 16.8385 3
      vertex 11.8238 14.1615 3
      vertex 12 14.15 3
    endloop
  endfacet
  facet normal -0 0 1
    outer loop
      vertex 11.6506 16.804 3
      vertex 11.8238 14.1615 3
      vertex 11.8238 16.8385 3
    endloop
  endfacet
  facet normal 0 0 1
    outer loop
      vertex 11.6506 16.804 3
      vertex 11.6506 14.196 3
      vertex 11.8238 14.1615 3
    endloop
  endfacet
  facet normal -0 0 1
    outer loop
      vertex 11.4834 16.7472 3
      vertex 11.6506 14.196 3
      vertex 11.6506 16.804 3
    endloop
  endfacet
  facet normal 0 0 1
    outer loop
      vertex 11.4834 16.7472 3
      vertex 11.4834 14.2528 3
      vertex 11.6506 14.196 3
    endloop
  endfacet
  facet normal -0 0 1
    outer loop
      vertex 11.325 16.6691 3
      vertex 11.4834 14.2528 3
      vertex 11.4834 16.7472 3
    endloop
  endfacet
  facet normal 0 0 1
    outer loop
      vertex 11.325 16.6691 3
      vertex 11.325 14.3309 3
      vertex 11.4834 14.2528 3
    endloop
  endfacet
  facet normal -0 0 1
    outer loop
      vertex 11.1782 16.571 3
      vertex 11.325 14.3309 3
      vertex 11.325 16.6691 3
    endloop
  endfacet
  facet normal 0 0 1
    outer loop
      vertex 11.1782 16.571 3
      vertex 11.1782 14.429 3
      vertex 11.325 14.3309 3
    endloop
  endfacet
  facet normal -0 0 1
    outer loop
      vertex 11.0454 16.4546 3
      vertex 11.1782 14.429 3
      vertex 11.1782 16.571 3
    endloop
  endfacet
  facet normal 0 0 1
    outer loop
      vertex 11.0454 16.4546 3
      vertex 11.0454 14.5454 3
      vertex 11.1782 14.429 3
    endloop
  endfacet
  facet normal -0 0 1
    outer loop
      vertex 10.929 16.3218 3
      vertex 11.0454 14.5454 3
      vertex 11.0454 16.4546 3
    endloop
  endfacet
  facet normal 0 0 1
    outer loop
      vertex 10.929 16.3218 3
      vertex 10.929 14.6782 3
      vertex 11.0454 14.5454 3
    endloop
  endfacet
  facet normal -0 0 1
    outer loop
      vertex 10.8309 16.175 3
      vertex 10.929 14.6782 3
      vertex 10.929 16.3218 3
    endloop
  endfacet
  facet normal 0 0 1
    outer loop
      vertex 10.8309 16.175 3
      vertex 10.8309 14.825 3
      vertex 10.929 14.6782 3
    endloop
  endfacet
  facet normal -0 0 1
    outer loop
      vertex 10.7528 16.0166 3
      vertex 10.8309 14.825 3
      vertex 10.8309 16.175 3
    endloop
  endfacet
  facet normal 0 0 1
    outer loop
      vertex 10.7528 16.0166 3
      vertex 10.7528 14.9834 3
      vertex 10.8309 14.825 3
    endloop
  endfacet
  facet normal -0 0 1
    outer loop
      vertex 10.696 15.8494 3
      vertex 10.7528 14.9834 3
      vertex 10.7528 16.0166 3
    endloop
  endfacet
  facet normal 0 0 1
    outer loop
      vertex 10.696 15.8494 3
      vertex 10.696 15.1506 3
      vertex 10.7528 14.9834 3
    endloop
  endfacet
  facet normal -0 0 1
    outer loop
      vertex 10.6615 15.6762 3
      vertex 10.696 15.1506 3
      vertex 10.696 15.8494 3
    endloop
  endfacet
  facet normal 0 0 1
    outer loop
      vertex 10.6615 15.6762 3
      vertex 10.6615 15.3238 3
      vertex 10.696 15.1506 3
    endloop
  endfacet
  facet normal 0 -0 1
    outer loop
      vertex 10.6615 15.3238 3
      vertex 10.6615 15.6762 3
      vertex 10.65 15.5 3
    endloop
  endfacet
  facet normal 0 0 1
    outer loop
      vertex 13.3385 52.6762 3
      vertex 13.3385 52.3238 3
      vertex 13.35 52.5 3
    endloop
  endfacet
  facet normal 0 0 1
    outer loop
      vertex 13.304 52.8494 3
      vertex 13.3385 52.3238 3
      vertex 13.3385 52.6762 3
    endloop
  endfacet
  facet normal 0 0 1
    outer loop
      vertex 13.304 52.8494 3
      vertex 13.304 52.1506 3
      vertex 13.3385 52.3238 3
    endloop
  endfacet
  facet normal 0 0 1
    outer loop
      vertex 13.2472 53.0166 3
      vertex 13.304 52.1506 3
      vertex 13.304 52.8494 3
    endloop
  endfacet
  facet normal 0 0 1
    outer loop
      vertex 13.2472 53.0166 3
      vertex 13.2472 51.9834 3
      vertex 13.304 52.1506 3
    endloop
  endfacet
  facet normal 0 0 1
    outer loop
      vertex 13.1691 53.175 3
      vertex 13.2472 51.9834 3
      vertex 13.2472 53.0166 3
    endloop
  endfacet
  facet normal 0 0 1
    outer loop
      vertex 13.1691 53.175 3
      vertex 13.1691 51.825 3
      vertex 13.2472 51.9834 3
    endloop
  endfacet
  facet normal 0 0 1
    outer loop
      vertex 13.071 53.3218 3
      vertex 13.1691 51.825 3
      vertex 13.1691 53.175 3
    endloop
  endfacet
  facet normal 0 0 1
    outer loop
      vertex 13.071 53.3218 3
      vertex 13.071 51.6782 3
      vertex 13.1691 51.825 3
    endloop
  endfacet
  facet normal 0 0 1
    outer loop
      vertex 12.9546 53.4546 3
      vertex 13.071 51.6782 3
      vertex 13.071 53.3218 3
    endloop
  endfacet
  facet normal 0 0 1
    outer loop
      vertex 12.9546 53.4546 3
      vertex 12.9546 51.5454 3
      vertex 13.071 51.6782 3
    endloop
  endfacet
  facet normal 0 0 1
    outer loop
      vertex 12.8218 53.571 3
      vertex 12.9546 51.5454 3
      vertex 12.9546 53.4546 3
    endloop
  endfacet
  facet normal 0 0 1
    outer loop
      vertex 12.8218 53.571 3
      vertex 12.8218 51.429 3
      vertex 12.9546 51.5454 3
    endloop
  endfacet
  facet normal 0 0 1
    outer loop
      vertex 12.675 53.6691 3
      vertex 12.8218 51.429 3
      vertex 12.8218 53.571 3
    endloop
  endfacet
  facet normal 0 0 1
    outer loop
      vertex 12.675 53.6691 3
      vertex 12.675 51.3309 3
      vertex 12.8218 51.429 3
    endloop
  endfacet
  facet normal 0 0 1
    outer loop
      vertex 12.5166 53.7472 3
      vertex 12.675 51.3309 3
      vertex 12.675 53.6691 3
    endloop
  endfacet
  facet normal 0 0 1
    outer loop
      vertex 12.5166 53.7472 3
      vertex 12.5166 51.2528 3
      vertex 12.675 51.3309 3
    endloop
  endfacet
  facet normal 0 0 1
    outer loop
      vertex 12.3494 53.804 3
      vertex 12.5166 51.2528 3
      vertex 12.5166 53.7472 3
    endloop
  endfacet
  facet normal 0 0 1
    outer loop
      vertex 12.3494 53.804 3
      vertex 12.3494 51.196 3
      vertex 12.5166 51.2528 3
    endloop
  endfacet
  facet normal 0 0 1
    outer loop
      vertex 12.1762 53.8385 3
      vertex 12.3494 51.196 3
      vertex 12.3494 53.804 3
    endloop
  endfacet
  facet normal 0 0 1
    outer loop
      vertex 12.1762 53.8385 3
      vertex 12.1762 51.1615 3
      vertex 12.3494 51.196 3
    endloop
  endfacet
  facet normal 0 0 1
    outer loop
      vertex 12 53.85 3
      vertex 12.1762 51.1615 3
      vertex 12.1762 53.8385 3
    endloop
  endfacet
  facet normal 0 0 1
    outer loop
      vertex 12 53.85 3
      vertex 12 51.15 3
      vertex 12.1762 51.1615 3
    endloop
  endfacet
  facet normal -0 0 1
    outer loop
      vertex 11.8238 53.8385 3
      vertex 12 51.15 3
      vertex 12 53.85 3
    endloop
  endfacet
  facet normal 0 0 1
    outer loop
      vertex 11.8238 53.8385 3
      vertex 11.8238 51.1615 3
      vertex 12 51.15 3
    endloop
  endfacet
  facet normal -0 0 1
    outer loop
      vertex 11.6506 53.804 3
      vertex 11.8238 51.1615 3
      vertex 11.8238 53.8385 3
    endloop
  endfacet
  facet normal 0 0 1
    outer loop
      vertex 11.6506 53.804 3
      vertex 11.6506 51.196 3
      vertex 11.8238 51.1615 3
    endloop
  endfacet
  facet normal -0 0 1
    outer loop
      vertex 11.4834 53.7472 3
      vertex 11.6506 51.196 3
      vertex 11.6506 53.804 3
    endloop
  endfacet
  facet normal 0 0 1
    outer loop
      vertex 11.4834 53.7472 3
      vertex 11.4834 51.2528 3
      vertex 11.6506 51.196 3
    endloop
  endfacet
  facet normal -0 0 1
    outer loop
      vertex 11.325 53.6691 3
      vertex 11.4834 51.2528 3
      vertex 11.4834 53.7472 3
    endloop
  endfacet
  facet normal 0 0 1
    outer loop
      vertex 11.325 53.6691 3
      vertex 11.325 51.3309 3
      vertex 11.4834 51.2528 3
    endloop
  endfacet
  facet normal -0 0 1
    outer loop
      vertex 11.1782 53.571 3
      vertex 11.325 51.3309 3
      vertex 11.325 53.6691 3
    endloop
  endfacet
  facet normal 0 0 1
    outer loop
      vertex 11.1782 53.571 3
      vertex 11.1782 51.429 3
      vertex 11.325 51.3309 3
    endloop
  endfacet
  facet normal -0 0 1
    outer loop
      vertex 11.0454 53.4546 3
      vertex 11.1782 51.429 3
      vertex 11.1782 53.571 3
    endloop
  endfacet
  facet normal 0 0 1
    outer loop
      vertex 11.0454 53.4546 3
      vertex 11.0454 51.5454 3
      vertex 11.1782 51.429 3
    endloop
  endfacet
  facet normal -0 0 1
    outer loop
      vertex 10.929 53.3218 3
      vertex 11.0454 51.5454 3
      vertex 11.0454 53.4546 3
    endloop
  endfacet
  facet normal 0 0 1
    outer loop
      vertex 10.929 53.3218 3
      vertex 10.929 51.6782 3
      vertex 11.0454 51.5454 3
    endloop
  endfacet
  facet normal -0 0 1
    outer loop
      vertex 10.8309 53.175 3
      vertex 10.929 51.6782 3
      vertex 10.929 53.3218 3
    endloop
  endfacet
  facet normal 0 0 1
    outer loop
      vertex 10.8309 53.175 3
      vertex 10.8309 51.825 3
      vertex 10.929 51.6782 3
    endloop
  endfacet
  facet normal -0 0 1
    outer loop
      vertex 10.7528 53.0166 3
      vertex 10.8309 51.825 3
      vertex 10.8309 53.175 3
    endloop
  endfacet
  facet normal 0 0 1
    outer loop
      vertex 10.7528 53.0166 3
      vertex 10.7528 51.9834 3
      vertex 10.8309 51.825 3
    endloop
  endfacet
  facet normal -0 0 1
    outer loop
      vertex 10.696 52.8494 3
      vertex 10.7528 51.9834 3
      vertex 10.7528 53.0166 3
    endloop
  endfacet
  facet normal 0 0 1
    outer loop
      vertex 10.696 52.8494 3
      vertex 10.696 52.1506 3
      vertex 10.7528 51.9834 3
    endloop
  endfacet
  facet normal -0 0 1
    outer loop
      vertex 10.6615 52.6762 3
      vertex 10.696 52.1506 3
      vertex 10.696 52.8494 3
    endloop
  endfacet
  facet normal 0 0 1
    outer loop
      vertex 10.6615 52.6762 3
      vertex 10.6615 52.3238 3
      vertex 10.696 52.1506 3
    endloop
  endfacet
  facet normal 0 -0 1
    outer loop
      vertex 10.6615 52.3238 3
      vertex 10.6615 52.6762 3
      vertex 10.65 52.5 3
    endloop
  endfacet
  facet normal 0 0 1
    outer loop
      vertex 85.3384 15.6762 3
      vertex 85.3384 15.3238 3
      vertex 85.35 15.5 3
    endloop
  endfacet
  facet normal 0 0 1
    outer loop
      vertex 85.304 15.8494 3
      vertex 85.3384 15.3238 3
      vertex 85.3384 15.6762 3
    endloop
  endfacet
  facet normal 0 0 1
    outer loop
      vertex 85.304 15.8494 3
      vertex 85.304 15.1506 3
      vertex 85.3384 15.3238 3
    endloop
  endfacet
  facet normal 0 0 1
    outer loop
      vertex 85.2472 16.0166 3
      vertex 85.304 15.1506 3
      vertex 85.304 15.8494 3
    endloop
  endfacet
  facet normal 0 0 1
    outer loop
      vertex 85.2472 16.0166 3
      vertex 85.2472 14.9834 3
      vertex 85.304 15.1506 3
    endloop
  endfacet
  facet normal 0 0 1
    outer loop
      vertex 85.1691 16.175 3
      vertex 85.2472 14.9834 3
      vertex 85.2472 16.0166 3
    endloop
  endfacet
  facet normal 0 0 1
    outer loop
      vertex 85.1691 16.175 3
      vertex 85.1691 14.825 3
      vertex 85.2472 14.9834 3
    endloop
  endfacet
  facet normal 0 0 1
    outer loop
      vertex 85.071 16.3218 3
      vertex 85.1691 14.825 3
      vertex 85.1691 16.175 3
    endloop
  endfacet
  facet normal 0 0 1
    outer loop
      vertex 85.071 16.3218 3
      vertex 85.071 14.6782 3
      vertex 85.1691 14.825 3
    endloop
  endfacet
  facet normal 0 0 1
    outer loop
      vertex 84.9546 16.4546 3
      vertex 85.071 14.6782 3
      vertex 85.071 16.3218 3
    endloop
  endfacet
  facet normal 0 0 1
    outer loop
      vertex 84.9546 16.4546 3
      vertex 84.9546 14.5454 3
      vertex 85.071 14.6782 3
    endloop
  endfacet
  facet normal 0 0 1
    outer loop
      vertex 84.8218 16.571 3
      vertex 84.9546 14.5454 3
      vertex 84.9546 16.4546 3
    endloop
  endfacet
  facet normal 0 0 1
    outer loop
      vertex 84.8218 16.571 3
      vertex 84.8218 14.429 3
      vertex 84.9546 14.5454 3
    endloop
  endfacet
  facet normal 0 0 1
    outer loop
      vertex 84.675 16.6691 3
      vertex 84.8218 14.429 3
      vertex 84.8218 16.571 3
    endloop
  endfacet
  facet normal 0 0 1
    outer loop
      vertex 84.675 16.6691 3
      vertex 84.675 14.3309 3
      vertex 84.8218 14.429 3
    endloop
  endfacet
  facet normal 0 0 1
    outer loop
      vertex 84.5166 16.7472 3
      vertex 84.675 14.3309 3
      vertex 84.675 16.6691 3
    endloop
  endfacet
  facet normal 0 0 1
    outer loop
      vertex 84.5166 16.7472 3
      vertex 84.5166 14.2528 3
      vertex 84.675 14.3309 3
    endloop
  endfacet
  facet normal 0 0 1
    outer loop
      vertex 84.3494 16.804 3
      vertex 84.5166 14.2528 3
      vertex 84.5166 16.7472 3
    endloop
  endfacet
  facet normal 0 0 1
    outer loop
      vertex 84.3494 16.804 3
      vertex 84.3494 14.196 3
      vertex 84.5166 14.2528 3
    endloop
  endfacet
  facet normal 0 0 1
    outer loop
      vertex 84.1762 16.8385 3
      vertex 84.3494 14.196 3
      vertex 84.3494 16.804 3
    endloop
  endfacet
  facet normal 0 0 1
    outer loop
      vertex 84.1762 16.8385 3
      vertex 84.1762 14.1615 3
      vertex 84.3494 14.196 3
    endloop
  endfacet
  facet normal 0 0 1
    outer loop
      vertex 84 16.85 3
      vertex 84.1762 14.1615 3
      vertex 84.1762 16.8385 3
    endloop
  endfacet
  facet normal 0 0 1
    outer loop
      vertex 84 16.85 3
      vertex 84 14.15 3
      vertex 84.1762 14.1615 3
    endloop
  endfacet
  facet normal -0 0 1
    outer loop
      vertex 83.8238 16.8385 3
      vertex 84 14.15 3
      vertex 84 16.85 3
    endloop
  endfacet
  facet normal 0 0 1
    outer loop
      vertex 83.8238 16.8385 3
      vertex 83.8238 14.1615 3
      vertex 84 14.15 3
    endloop
  endfacet
  facet normal -0 0 1
    outer loop
      vertex 83.6506 16.804 3
      vertex 83.8238 14.1615 3
      vertex 83.8238 16.8385 3
    endloop
  endfacet
  facet normal 0 0 1
    outer loop
      vertex 83.6506 16.804 3
      vertex 83.6506 14.196 3
      vertex 83.8238 14.1615 3
    endloop
  endfacet
  facet normal -0 0 1
    outer loop
      vertex 83.4834 16.7472 3
      vertex 83.6506 14.196 3
      vertex 83.6506 16.804 3
    endloop
  endfacet
  facet normal 0 0 1
    outer loop
      vertex 83.4834 16.7472 3
      vertex 83.4834 14.2528 3
      vertex 83.6506 14.196 3
    endloop
  endfacet
  facet normal -0 0 1
    outer loop
      vertex 83.325 16.6691 3
      vertex 83.4834 14.2528 3
      vertex 83.4834 16.7472 3
    endloop
  endfacet
  facet normal 0 0 1
    outer loop
      vertex 83.325 16.6691 3
      vertex 83.325 14.3309 3
      vertex 83.4834 14.2528 3
    endloop
  endfacet
  facet normal -0 0 1
    outer loop
      vertex 83.1782 16.571 3
      vertex 83.325 14.3309 3
      vertex 83.325 16.6691 3
    endloop
  endfacet
  facet normal 0 0 1
    outer loop
      vertex 83.1782 16.571 3
      vertex 83.1782 14.429 3
      vertex 83.325 14.3309 3
    endloop
  endfacet
  facet normal -0 0 1
    outer loop
      vertex 83.0454 16.4546 3
      vertex 83.1782 14.429 3
      vertex 83.1782 16.571 3
    endloop
  endfacet
  facet normal 0 0 1
    outer loop
      vertex 83.0454 16.4546 3
      vertex 83.0454 14.5454 3
      vertex 83.1782 14.429 3
    endloop
  endfacet
  facet normal -0 0 1
    outer loop
      vertex 82.929 16.3218 3
      vertex 83.0454 14.5454 3
      vertex 83.0454 16.4546 3
    endloop
  endfacet
  facet normal 0 0 1
    outer loop
      vertex 82.929 16.3218 3
      vertex 82.929 14.6782 3
      vertex 83.0454 14.5454 3
    endloop
  endfacet
  facet normal -0 0 1
    outer loop
      vertex 82.8309 16.175 3
      vertex 82.929 14.6782 3
      vertex 82.929 16.3218 3
    endloop
  endfacet
  facet normal 0 0 1
    outer loop
      vertex 82.8309 16.175 3
      vertex 82.8309 14.825 3
      vertex 82.929 14.6782 3
    endloop
  endfacet
  facet normal -0 0 1
    outer loop
      vertex 82.7528 16.0166 3
      vertex 82.8309 14.825 3
      vertex 82.8309 16.175 3
    endloop
  endfacet
  facet normal 0 0 1
    outer loop
      vertex 82.7528 16.0166 3
      vertex 82.7528 14.9834 3
      vertex 82.8309 14.825 3
    endloop
  endfacet
  facet normal -0 0 1
    outer loop
      vertex 82.696 15.8494 3
      vertex 82.7528 14.9834 3
      vertex 82.7528 16.0166 3
    endloop
  endfacet
  facet normal 0 0 1
    outer loop
      vertex 82.696 15.8494 3
      vertex 82.696 15.1506 3
      vertex 82.7528 14.9834 3
    endloop
  endfacet
  facet normal -0 0 1
    outer loop
      vertex 82.6616 15.6762 3
      vertex 82.696 15.1506 3
      vertex 82.696 15.8494 3
    endloop
  endfacet
  facet normal 0 0 1
    outer loop
      vertex 82.6616 15.6762 3
      vertex 82.6616 15.3238 3
      vertex 82.696 15.1506 3
    endloop
  endfacet
  facet normal 0 -0 1
    outer loop
      vertex 82.6616 15.3238 3
      vertex 82.6616 15.6762 3
      vertex 82.65 15.5 3
    endloop
  endfacet
  facet normal 0 0 1
    outer loop
      vertex 85.3384 52.6762 3
      vertex 85.3384 52.3238 3
      vertex 85.35 52.5 3
    endloop
  endfacet
  facet normal 0 0 1
    outer loop
      vertex 85.304 52.8494 3
      vertex 85.3384 52.3238 3
      vertex 85.3384 52.6762 3
    endloop
  endfacet
  facet normal 0 0 1
    outer loop
      vertex 85.304 52.8494 3
      vertex 85.304 52.1506 3
      vertex 85.3384 52.3238 3
    endloop
  endfacet
  facet normal 0 0 1
    outer loop
      vertex 85.2472 53.0166 3
      vertex 85.304 52.1506 3
      vertex 85.304 52.8494 3
    endloop
  endfacet
  facet normal 0 0 1
    outer loop
      vertex 85.2472 53.0166 3
      vertex 85.2472 51.9834 3
      vertex 85.304 52.1506 3
    endloop
  endfacet
  facet normal 0 0 1
    outer loop
      vertex 85.1691 53.175 3
      vertex 85.2472 51.9834 3
      vertex 85.2472 53.0166 3
    endloop
  endfacet
  facet normal 0 0 1
    outer loop
      vertex 85.1691 53.175 3
      vertex 85.1691 51.825 3
      vertex 85.2472 51.9834 3
    endloop
  endfacet
  facet normal 0 0 1
    outer loop
      vertex 85.071 53.3218 3
      vertex 85.1691 51.825 3
      vertex 85.1691 53.175 3
    endloop
  endfacet
  facet normal 0 0 1
    outer loop
      vertex 85.071 53.3218 3
      vertex 85.071 51.6782 3
      vertex 85.1691 51.825 3
    endloop
  endfacet
  facet normal 0 0 1
    outer loop
      vertex 84.9546 53.4546 3
      vertex 85.071 51.6782 3
      vertex 85.071 53.3218 3
    endloop
  endfacet
  facet normal 0 0 1
    outer loop
      vertex 84.9546 53.4546 3
      vertex 84.9546 51.5454 3
      vertex 85.071 51.6782 3
    endloop
  endfacet
  facet normal 0 0 1
    outer loop
      vertex 84.8218 53.571 3
      vertex 84.9546 51.5454 3
      vertex 84.9546 53.4546 3
    endloop
  endfacet
  facet normal 0 0 1
    outer loop
      vertex 84.8218 53.571 3
      vertex 84.8218 51.429 3
      vertex 84.9546 51.5454 3
    endloop
  endfacet
  facet normal 0 0 1
    outer loop
      vertex 84.675 53.6691 3
      vertex 84.8218 51.429 3
      vertex 84.8218 53.571 3
    endloop
  endfacet
  facet normal 0 0 1
    outer loop
      vertex 84.675 53.6691 3
      vertex 84.675 51.3309 3
      vertex 84.8218 51.429 3
    endloop
  endfacet
  facet normal 0 0 1
    outer loop
      vertex 84.5166 53.7472 3
      vertex 84.675 51.3309 3
      vertex 84.675 53.6691 3
    endloop
  endfacet
  facet normal 0 0 1
    outer loop
      vertex 84.5166 53.7472 3
      vertex 84.5166 51.2528 3
      vertex 84.675 51.3309 3
    endloop
  endfacet
  facet normal 0 0 1
    outer loop
      vertex 84.3494 53.804 3
      vertex 84.5166 51.2528 3
      vertex 84.5166 53.7472 3
    endloop
  endfacet
  facet normal 0 0 1
    outer loop
      vertex 84.3494 53.804 3
      vertex 84.3494 51.196 3
      vertex 84.5166 51.2528 3
    endloop
  endfacet
  facet normal 0 0 1
    outer loop
      vertex 84.1762 53.8385 3
      vertex 84.3494 51.196 3
      vertex 84.3494 53.804 3
    endloop
  endfacet
  facet normal 0 0 1
    outer loop
      vertex 84.1762 53.8385 3
      vertex 84.1762 51.1615 3
      vertex 84.3494 51.196 3
    endloop
  endfacet
  facet normal 0 0 1
    outer loop
      vertex 84 53.85 3
      vertex 84.1762 51.1615 3
      vertex 84.1762 53.8385 3
    endloop
  endfacet
  facet normal 0 0 1
    outer loop
      vertex 84 53.85 3
      vertex 84 51.15 3
      vertex 84.1762 51.1615 3
    endloop
  endfacet
  facet normal -0 0 1
    outer loop
      vertex 83.8238 53.8385 3
      vertex 84 51.15 3
      vertex 84 53.85 3
    endloop
  endfacet
  facet normal 0 0 1
    outer loop
      vertex 83.8238 53.8385 3
      vertex 83.8238 51.1615 3
      vertex 84 51.15 3
    endloop
  endfacet
  facet normal -0 0 1
    outer loop
      vertex 83.6506 53.804 3
      vertex 83.8238 51.1615 3
      vertex 83.8238 53.8385 3
    endloop
  endfacet
  facet normal 0 0 1
    outer loop
      vertex 83.6506 53.804 3
      vertex 83.6506 51.196 3
      vertex 83.8238 51.1615 3
    endloop
  endfacet
  facet normal -0 0 1
    outer loop
      vertex 83.4834 53.7472 3
      vertex 83.6506 51.196 3
      vertex 83.6506 53.804 3
    endloop
  endfacet
  facet normal 0 0 1
    outer loop
      vertex 83.4834 53.7472 3
      vertex 83.4834 51.2528 3
      vertex 83.6506 51.196 3
    endloop
  endfacet
  facet normal -0 0 1
    outer loop
      vertex 83.325 53.6691 3
      vertex 83.4834 51.2528 3
      vertex 83.4834 53.7472 3
    endloop
  endfacet
  facet normal 0 0 1
    outer loop
      vertex 83.325 53.6691 3
      vertex 83.325 51.3309 3
      vertex 83.4834 51.2528 3
    endloop
  endfacet
  facet normal -0 0 1
    outer loop
      vertex 83.1782 53.571 3
      vertex 83.325 51.3309 3
      vertex 83.325 53.6691 3
    endloop
  endfacet
  facet normal 0 0 1
    outer loop
      vertex 83.1782 53.571 3
      vertex 83.1782 51.429 3
      vertex 83.325 51.3309 3
    endloop
  endfacet
  facet normal -0 0 1
    outer loop
      vertex 83.0454 53.4546 3
      vertex 83.1782 51.429 3
      vertex 83.1782 53.571 3
    endloop
  endfacet
  facet normal 0 0 1
    outer loop
      vertex 83.0454 53.4546 3
      vertex 83.0454 51.5454 3
      vertex 83.1782 51.429 3
    endloop
  endfacet
  facet normal -0 0 1
    outer loop
      vertex 82.929 53.3218 3
      vertex 83.0454 51.5454 3
      vertex 83.0454 53.4546 3
    endloop
  endfacet
  facet normal 0 0 1
    outer loop
      vertex 82.929 53.3218 3
      vertex 82.929 51.6782 3
      vertex 83.0454 51.5454 3
    endloop
  endfacet
  facet normal -0 0 1
    outer loop
      vertex 82.8309 53.175 3
      vertex 82.929 51.6782 3
      vertex 82.929 53.3218 3
    endloop
  endfacet
  facet normal 0 0 1
    outer loop
      vertex 82.8309 53.175 3
      vertex 82.8309 51.825 3
      vertex 82.929 51.6782 3
    endloop
  endfacet
  facet normal -0 0 1
    outer loop
      vertex 82.7528 53.0166 3
      vertex 82.8309 51.825 3
      vertex 82.8309 53.175 3
    endloop
  endfacet
  facet normal 0 0 1
    outer loop
      vertex 82.7528 53.0166 3
      vertex 82.7528 51.9834 3
      vertex 82.8309 51.825 3
    endloop
  endfacet
  facet normal -0 0 1
    outer loop
      vertex 82.696 52.8494 3
      vertex 82.7528 51.9834 3
      vertex 82.7528 53.0166 3
    endloop
  endfacet
  facet normal 0 0 1
    outer loop
      vertex 82.696 52.8494 3
      vertex 82.696 52.1506 3
      vertex 82.7528 51.9834 3
    endloop
  endfacet
  facet normal -0 0 1
    outer loop
      vertex 82.6616 52.6762 3
      vertex 82.696 52.1506 3
      vertex 82.696 52.8494 3
    endloop
  endfacet
  facet normal 0 0 1
    outer loop
      vertex 82.6616 52.6762 3
      vertex 82.6616 52.3238 3
      vertex 82.696 52.1506 3
    endloop
  endfacet
  facet normal 0 -0 1
    outer loop
      vertex 82.6616 52.3238 3
      vertex 82.6616 52.6762 3
      vertex 82.65 52.5 3
    endloop
  endfacet
  facet normal 0.0653646 -0.997861 0
    outer loop
      vertex 4.73895 64.9829 3
      vertex 5 65 33
      vertex 4.73895 64.9829 33
    endloop
  endfacet
  facet normal 0.0653646 -0.997861 0
    outer loop
      vertex 5 65 33
      vertex 4.73895 64.9829 3
      vertex 5 65 3
    endloop
  endfacet
  facet normal 0.997859 0.0654027 0
    outer loop
      vertex 3.01711 4.73895 33
      vertex 3 5 3
      vertex 3 5 33
    endloop
  endfacet
  facet normal 0.997859 0.0654027 0
    outer loop
      vertex 3 5 3
      vertex 3.01711 4.73895 33
      vertex 3.01711 4.73895 3
    endloop
  endfacet
  facet normal 0.321429 0.946934 -0
    outer loop
      vertex 4.48236 3.06815 3
      vertex 4.23463 3.15224 33
      vertex 4.48236 3.06815 33
    endloop
  endfacet
  facet normal 0.321429 0.946934 0
    outer loop
      vertex 4.23463 3.15224 33
      vertex 4.48236 3.06815 3
      vertex 4.23463 3.15224 3
    endloop
  endfacet
  facet normal 0.99786 -0.0653902 0
    outer loop
      vertex 3 63 33
      vertex 3.01711 63.2611 3
      vertex 3.01711 63.2611 33
    endloop
  endfacet
  facet normal 0.99786 -0.0653902 0
    outer loop
      vertex 3.01711 63.2611 3
      vertex 3 63 33
      vertex 3 63 3
    endloop
  endfacet
  facet normal -0.0653521 -0.997862 0
    outer loop
      vertex 91 65 3
      vertex 91.2611 64.9829 33
      vertex 91 65 33
    endloop
  endfacet
  facet normal -0.0653521 -0.997862 -0
    outer loop
      vertex 91.2611 64.9829 33
      vertex 91 65 3
      vertex 91.2611 64.9829 3
    endloop
  endfacet
  facet normal -0.831521 -0.555494 0
    outer loop
      vertex 92.732 64 3
      vertex 92.5867 64.2175 33
      vertex 92.5867 64.2175 3
    endloop
  endfacet
  facet normal -0.831521 -0.555494 0
    outer loop
      vertex 92.5867 64.2175 33
      vertex 92.732 64 3
      vertex 92.732 64 33
    endloop
  endfacet
  facet normal 0.659362 0.751826 -0
    outer loop
      vertex 3.78248 3.41329 3
      vertex 3.58579 3.58579 33
      vertex 3.78248 3.41329 33
    endloop
  endfacet
  facet normal 0.659362 0.751826 0
    outer loop
      vertex 3.58579 3.58579 33
      vertex 3.78248 3.41329 3
      vertex 3.58579 3.58579 3
    endloop
  endfacet
  facet normal 0.751826 0.659362 0
    outer loop
      vertex 3.58579 3.58579 33
      vertex 3.41329 3.78248 3
      vertex 3.41329 3.78248 33
    endloop
  endfacet
  facet normal 0.751826 0.659362 0
    outer loop
      vertex 3.41329 3.78248 3
      vertex 3.58579 3.58579 33
      vertex 3.58579 3.58579 3
    endloop
  endfacet
  facet normal -0.555494 -0.831521 0
    outer loop
      vertex 92 64.732 3
      vertex 92.2175 64.5867 33
      vertex 92 64.732 33
    endloop
  endfacet
  facet normal -0.555494 -0.831521 -0
    outer loop
      vertex 92.2175 64.5867 33
      vertex 92 64.732 3
      vertex 92.2175 64.5867 3
    endloop
  endfacet
  facet normal -0.442621 -0.896709 0
    outer loop
      vertex 91.7654 64.8478 3
      vertex 92 64.732 33
      vertex 91.7654 64.8478 33
    endloop
  endfacet
  facet normal -0.442621 -0.896709 -0
    outer loop
      vertex 92 64.732 33
      vertex 91.7654 64.8478 3
      vertex 92 64.732 3
    endloop
  endfacet
  facet normal 0.195094 0.980784 -0
    outer loop
      vertex 4.73895 3.01711 3
      vertex 4.48236 3.06815 33
      vertex 4.73895 3.01711 33
    endloop
  endfacet
  facet normal 0.195094 0.980784 0
    outer loop
      vertex 4.48236 3.06815 33
      vertex 4.73895 3.01711 3
      vertex 4.48236 3.06815 3
    endloop
  endfacet
  facet normal -0.751826 0.659362 0
    outer loop
      vertex 92.4142 3.58579 3
      vertex 92.5867 3.78248 33
      vertex 92.5867 3.78248 3
    endloop
  endfacet
  facet normal -0.751826 0.659362 0
    outer loop
      vertex 92.5867 3.78248 33
      vertex 92.4142 3.58579 3
      vertex 92.4142 3.58579 33
    endloop
  endfacet
  facet normal -0.896731 0.442575 0
    outer loop
      vertex 92.732 4 3
      vertex 92.8478 4.23463 33
      vertex 92.8478 4.23463 3
    endloop
  endfacet
  facet normal -0.896731 0.442575 0
    outer loop
      vertex 92.8478 4.23463 33
      vertex 92.732 4 3
      vertex 92.732 4 33
    endloop
  endfacet
  facet normal -0.321348 0.946961 0
    outer loop
      vertex 91.7654 3.15224 3
      vertex 91.5176 3.06815 33
      vertex 91.7654 3.15224 33
    endloop
  endfacet
  facet normal -0.321348 0.946961 0
    outer loop
      vertex 91.5176 3.06815 33
      vertex 91.7654 3.15224 3
      vertex 91.5176 3.06815 3
    endloop
  endfacet
  facet normal -0.0653902 0.99786 0
    outer loop
      vertex 91.2611 3.01711 3
      vertex 91 3 33
      vertex 91.2611 3.01711 33
    endloop
  endfacet
  facet normal -0.0653902 0.99786 0
    outer loop
      vertex 91 3 33
      vertex 91.2611 3.01711 3
      vertex 91 3 3
    endloop
  endfacet
  facet normal -0.997862 -0.0653521 0
    outer loop
      vertex 93 63 3
      vertex 92.9829 63.2611 33
      vertex 92.9829 63.2611 3
    endloop
  endfacet
  facet normal -0.997862 -0.0653521 0
    outer loop
      vertex 92.9829 63.2611 33
      vertex 93 63 3
      vertex 93 63 33
    endloop
  endfacet
  facet normal 0.980784 0.195094 0
    outer loop
      vertex 3.06815 4.48236 33
      vertex 3.01711 4.73895 3
      vertex 3.01711 4.73895 33
    endloop
  endfacet
  facet normal 0.980784 0.195094 0
    outer loop
      vertex 3.01711 4.73895 3
      vertex 3.06815 4.48236 33
      vertex 3.06815 4.48236 3
    endloop
  endfacet
  facet normal -0.896709 -0.442621 0
    outer loop
      vertex 92.8478 63.7654 3
      vertex 92.732 64 33
      vertex 92.732 64 3
    endloop
  endfacet
  facet normal -0.896709 -0.442621 0
    outer loop
      vertex 92.732 64 33
      vertex 92.8478 63.7654 3
      vertex 92.8478 63.7654 33
    endloop
  endfacet
  facet normal 0.946934 0.321429 0
    outer loop
      vertex 3.15224 4.23463 33
      vertex 3.06815 4.48236 3
      vertex 3.06815 4.48236 33
    endloop
  endfacet
  facet normal 0.946934 0.321429 0
    outer loop
      vertex 3.06815 4.48236 3
      vertex 3.15224 4.23463 33
      vertex 3.15224 4.23463 3
    endloop
  endfacet
  facet normal -0.659343 0.751842 0
    outer loop
      vertex 92.4142 3.58579 3
      vertex 92.2175 3.41329 33
      vertex 92.4142 3.58579 33
    endloop
  endfacet
  facet normal -0.659343 0.751842 0
    outer loop
      vertex 92.2175 3.41329 33
      vertex 92.4142 3.58579 3
      vertex 92.2175 3.41329 3
    endloop
  endfacet
  facet normal 0.751842 -0.659343 0
    outer loop
      vertex 3.41329 64.2175 33
      vertex 3.58579 64.4142 3
      vertex 3.58579 64.4142 33
    endloop
  endfacet
  facet normal 0.751842 -0.659343 0
    outer loop
      vertex 3.58579 64.4142 3
      vertex 3.41329 64.2175 33
      vertex 3.41329 64.2175 3
    endloop
  endfacet
  facet normal -0.195013 -0.980801 0
    outer loop
      vertex 91.2611 64.9829 3
      vertex 91.5176 64.9319 33
      vertex 91.2611 64.9829 33
    endloop
  endfacet
  facet normal -0.195013 -0.980801 -0
    outer loop
      vertex 91.5176 64.9319 33
      vertex 91.2611 64.9829 3
      vertex 91.5176 64.9319 3
    endloop
  endfacet
  facet normal 0.83145 -0.5556 0
    outer loop
      vertex 3.26795 64 33
      vertex 3.41329 64.2175 3
      vertex 3.41329 64.2175 33
    endloop
  endfacet
  facet normal 0.83145 -0.5556 0
    outer loop
      vertex 3.41329 64.2175 3
      vertex 3.26795 64 33
      vertex 3.26795 64 3
    endloop
  endfacet
  facet normal 0.980771 -0.19516 0
    outer loop
      vertex 3.01711 63.2611 33
      vertex 3.06815 63.5176 3
      vertex 3.06815 63.5176 33
    endloop
  endfacet
  facet normal 0.980771 -0.19516 0
    outer loop
      vertex 3.06815 63.5176 3
      vertex 3.01711 63.2611 33
      vertex 3.01711 63.2611 3
    endloop
  endfacet
  facet normal -0.5556 0.83145 0
    outer loop
      vertex 92.2175 3.41329 3
      vertex 92 3.26795 33
      vertex 92.2175 3.41329 33
    endloop
  endfacet
  facet normal -0.5556 0.83145 0
    outer loop
      vertex 92 3.26795 33
      vertex 92.2175 3.41329 3
      vertex 92 3.26795 3
    endloop
  endfacet
  facet normal 0.555564 0.831474 -0
    outer loop
      vertex 4 3.26795 3
      vertex 3.78248 3.41329 33
      vertex 4 3.26795 33
    endloop
  endfacet
  facet normal 0.555564 0.831474 0
    outer loop
      vertex 3.78248 3.41329 33
      vertex 4 3.26795 3
      vertex 3.78248 3.41329 3
    endloop
  endfacet
  facet normal -0.19516 0.980771 0
    outer loop
      vertex 91.5176 3.06815 3
      vertex 91.2611 3.01711 33
      vertex 91.5176 3.06815 33
    endloop
  endfacet
  facet normal -0.19516 0.980771 0
    outer loop
      vertex 91.2611 3.01711 33
      vertex 91.5176 3.06815 3
      vertex 91.2611 3.01711 3
    endloop
  endfacet
  facet normal 0.831474 0.555564 0
    outer loop
      vertex 3.41329 3.78248 33
      vertex 3.26795 4 3
      vertex 3.26795 4 33
    endloop
  endfacet
  facet normal 0.831474 0.555564 0
    outer loop
      vertex 3.26795 4 3
      vertex 3.41329 3.78248 33
      vertex 3.41329 3.78248 3
    endloop
  endfacet
  facet normal -0.980814 0.194947 0
    outer loop
      vertex 92.9319 4.48236 3
      vertex 92.9829 4.73895 33
      vertex 92.9829 4.73895 3
    endloop
  endfacet
  facet normal -0.980814 0.194947 0
    outer loop
      vertex 92.9829 4.73895 33
      vertex 92.9319 4.48236 3
      vertex 92.9319 4.48236 33
    endloop
  endfacet
  facet normal -0.94695 -0.321382 0
    outer loop
      vertex 92.9319 63.5176 3
      vertex 92.8478 63.7654 33
      vertex 92.8478 63.7654 3
    endloop
  endfacet
  facet normal -0.94695 -0.321382 0
    outer loop
      vertex 92.8478 63.7654 33
      vertex 92.9319 63.5176 3
      vertex 92.9319 63.5176 33
    endloop
  endfacet
  facet normal 0.896868 0.442299 0
    outer loop
      vertex 3.26795 4 33
      vertex 3.15224 4.23463 3
      vertex 3.15224 4.23463 33
    endloop
  endfacet
  facet normal 0.896868 0.442299 0
    outer loop
      vertex 3.15224 4.23463 3
      vertex 3.26795 4 33
      vertex 3.26795 4 3
    endloop
  endfacet
  facet normal -0.659289 0.75189 0
    outer loop
      vertex -11.8701 40.3468 0
      vertex -12.6569 39.6569 3
      vertex -11.8701 40.3468 3
    endloop
  endfacet
  facet normal -0.659289 0.75189 0
    outer loop
      vertex -12.6569 39.6569 3
      vertex -11.8701 40.3468 0
      vertex -12.6569 39.6569 0
    endloop
  endfacet
  facet normal 0 1 -0
    outer loop
      vertex 0 42 0
      vertex -7 42 3
      vertex 0 42 3
    endloop
  endfacet
  facet normal 0 1 0
    outer loop
      vertex -7 42 3
      vertex 0 42 0
      vertex -7 42 0
    endloop
  endfacet
  facet normal -0.321455 0.946925 0
    outer loop
      vertex -9.07055 41.7274 0
      vertex -10.0615 41.391 3
      vertex -9.07055 41.7274 3
    endloop
  endfacet
  facet normal -0.321455 0.946925 0
    outer loop
      vertex -10.0615 41.391 3
      vertex -9.07055 41.7274 0
      vertex -10.0615 41.391 0
    endloop
  endfacet
  facet normal -0.980779 -0.195124 0
    outer loop
      vertex -14.7274 31.9294 0
      vertex -14.9316 32.9558 3
      vertex -14.9316 32.9558 0
    endloop
  endfacet
  facet normal -0.980779 -0.195124 0
    outer loop
      vertex -14.9316 32.9558 3
      vertex -14.7274 31.9294 0
      vertex -14.7274 31.9294 3
    endloop
  endfacet
  facet normal -0.94692 -0.321469 0
    outer loop
      vertex -14.391 30.9385 0
      vertex -14.7274 31.9294 3
      vertex -14.7274 31.9294 0
    endloop
  endfacet
  facet normal -0.94692 -0.321469 0
    outer loop
      vertex -14.7274 31.9294 3
      vertex -14.391 30.9385 0
      vertex -14.391 30.9385 3
    endloop
  endfacet
  facet normal -0.831462 0.555582 0
    outer loop
      vertex -13.9282 38 0
      vertex -13.3468 38.8701 3
      vertex -13.3468 38.8701 0
    endloop
  endfacet
  facet normal -0.831462 0.555582 0
    outer loop
      vertex -13.3468 38.8701 3
      vertex -13.9282 38 0
      vertex -13.9282 38 3
    endloop
  endfacet
  facet normal -0.065364 0.997861 0
    outer loop
      vertex -7 42 0
      vertex -8.04421 41.9316 3
      vertex -7 42 3
    endloop
  endfacet
  facet normal -0.065364 0.997861 0
    outer loop
      vertex -8.04421 41.9316 3
      vertex -7 42 0
      vertex -8.04421 41.9316 0
    endloop
  endfacet
  facet normal -0.442276 0.896879 0
    outer loop
      vertex -10.0615 41.391 0
      vertex -11 40.9282 3
      vertex -10.0615 41.391 3
    endloop
  endfacet
  facet normal -0.442276 0.896879 0
    outer loop
      vertex -11 40.9282 3
      vertex -10.0615 41.391 0
      vertex -11 40.9282 0
    endloop
  endfacet
  facet normal -0.555582 -0.831462 0
    outer loop
      vertex -11.8701 27.6532 0
      vertex -11 27.0718 3
      vertex -11.8701 27.6532 3
    endloop
  endfacet
  facet normal -0.555582 -0.831462 -0
    outer loop
      vertex -11 27.0718 3
      vertex -11.8701 27.6532 0
      vertex -11 27.0718 0
    endloop
  endfacet
  facet normal -0.555582 0.831462 0
    outer loop
      vertex -11 40.9282 0
      vertex -11.8701 40.3468 3
      vertex -11 40.9282 3
    endloop
  endfacet
  facet normal -0.555582 0.831462 0
    outer loop
      vertex -11.8701 40.3468 3
      vertex -11 40.9282 0
      vertex -11.8701 40.3468 0
    endloop
  endfacet
  facet normal -0.94692 0.321469 0
    outer loop
      vertex -14.7274 36.0706 0
      vertex -14.391 37.0615 3
      vertex -14.391 37.0615 0
    endloop
  endfacet
  facet normal -0.94692 0.321469 0
    outer loop
      vertex -14.391 37.0615 3
      vertex -14.7274 36.0706 0
      vertex -14.7274 36.0706 3
    endloop
  endfacet
  facet normal -0.997861 -0.0653646 0
    outer loop
      vertex -14.9316 32.9558 0
      vertex -15 34 3
      vertex -15 34 0
    endloop
  endfacet
  facet normal -0.997861 -0.0653646 0
    outer loop
      vertex -15 34 3
      vertex -14.9316 32.9558 0
      vertex -14.9316 32.9558 3
    endloop
  endfacet
  facet normal -0.195135 0.980776 0
    outer loop
      vertex -8.04421 41.9316 0
      vertex -9.07055 41.7274 3
      vertex -8.04421 41.9316 3
    endloop
  endfacet
  facet normal -0.195135 0.980776 0
    outer loop
      vertex -9.07055 41.7274 3
      vertex -8.04421 41.9316 0
      vertex -9.07055 41.7274 0
    endloop
  endfacet
  facet normal -0.195135 -0.980776 0
    outer loop
      vertex -9.07055 26.2726 0
      vertex -8.04421 26.0684 3
      vertex -9.07055 26.2726 3
    endloop
  endfacet
  facet normal -0.195135 -0.980776 -0
    outer loop
      vertex -8.04421 26.0684 3
      vertex -9.07055 26.2726 0
      vertex -8.04421 26.0684 0
    endloop
  endfacet
  facet normal -0.065364 -0.997861 0
    outer loop
      vertex -8.04421 26.0684 0
      vertex -7 26 3
      vertex -8.04421 26.0684 3
    endloop
  endfacet
  facet normal -0.065364 -0.997861 -0
    outer loop
      vertex -7 26 3
      vertex -8.04421 26.0684 0
      vertex -7 26 0
    endloop
  endfacet
  facet normal -0.442276 -0.896879 0
    outer loop
      vertex -11 27.0718 0
      vertex -10.0615 26.609 3
      vertex -11 27.0718 3
    endloop
  endfacet
  facet normal -0.442276 -0.896879 -0
    outer loop
      vertex -10.0615 26.609 3
      vertex -11 27.0718 0
      vertex -10.0615 26.609 0
    endloop
  endfacet
  facet normal -0.75189 0.659289 0
    outer loop
      vertex -13.3468 38.8701 0
      vertex -12.6569 39.6569 3
      vertex -12.6569 39.6569 0
    endloop
  endfacet
  facet normal -0.75189 0.659289 0
    outer loop
      vertex -12.6569 39.6569 3
      vertex -13.3468 38.8701 0
      vertex -13.3468 38.8701 3
    endloop
  endfacet
  facet normal -0.896879 0.442276 0
    outer loop
      vertex -14.391 37.0615 0
      vertex -13.9282 38 3
      vertex -13.9282 38 0
    endloop
  endfacet
  facet normal -0.896879 0.442276 0
    outer loop
      vertex -13.9282 38 3
      vertex -14.391 37.0615 0
      vertex -14.391 37.0615 3
    endloop
  endfacet
  facet normal 0 -1 0
    outer loop
      vertex -7 26 0
      vertex 0 26 3
      vertex -7 26 3
    endloop
  endfacet
  facet normal 0 -1 -0
    outer loop
      vertex 0 26 3
      vertex -7 26 0
      vertex 0 26 0
    endloop
  endfacet
  facet normal -0.321455 -0.946925 0
    outer loop
      vertex -10.0615 26.609 0
      vertex -9.07055 26.2726 3
      vertex -10.0615 26.609 3
    endloop
  endfacet
  facet normal -0.321455 -0.946925 -0
    outer loop
      vertex -9.07055 26.2726 3
      vertex -10.0615 26.609 0
      vertex -9.07055 26.2726 0
    endloop
  endfacet
  facet normal -0.75189 -0.659289 0
    outer loop
      vertex -12.6569 28.3431 0
      vertex -13.3468 29.1299 3
      vertex -13.3468 29.1299 0
    endloop
  endfacet
  facet normal -0.75189 -0.659289 0
    outer loop
      vertex -13.3468 29.1299 3
      vertex -12.6569 28.3431 0
      vertex -12.6569 28.3431 3
    endloop
  endfacet
  facet normal -0.997861 0.0653646 0
    outer loop
      vertex -15 34 0
      vertex -14.9316 35.0442 3
      vertex -14.9316 35.0442 0
    endloop
  endfacet
  facet normal -0.997861 0.0653646 0
    outer loop
      vertex -14.9316 35.0442 3
      vertex -15 34 0
      vertex -15 34 3
    endloop
  endfacet
  facet normal -0.980779 0.195124 0
    outer loop
      vertex -14.9316 35.0442 0
      vertex -14.7274 36.0706 3
      vertex -14.7274 36.0706 0
    endloop
  endfacet
  facet normal -0.980779 0.195124 0
    outer loop
      vertex -14.7274 36.0706 3
      vertex -14.9316 35.0442 0
      vertex -14.9316 35.0442 3
    endloop
  endfacet
  facet normal -0.896879 -0.442276 0
    outer loop
      vertex -13.9282 30 0
      vertex -14.391 30.9385 3
      vertex -14.391 30.9385 0
    endloop
  endfacet
  facet normal -0.896879 -0.442276 0
    outer loop
      vertex -14.391 30.9385 3
      vertex -13.9282 30 0
      vertex -13.9282 30 3
    endloop
  endfacet
  facet normal -0.831462 -0.555582 0
    outer loop
      vertex -13.3468 29.1299 0
      vertex -13.9282 30 3
      vertex -13.9282 30 0
    endloop
  endfacet
  facet normal -0.831462 -0.555582 0
    outer loop
      vertex -13.9282 30 3
      vertex -13.3468 29.1299 0
      vertex -13.3468 29.1299 3
    endloop
  endfacet
  facet normal -0.659289 -0.75189 0
    outer loop
      vertex -12.6569 28.3431 0
      vertex -11.8701 27.6532 3
      vertex -12.6569 28.3431 3
    endloop
  endfacet
  facet normal -0.659289 -0.75189 -0
    outer loop
      vertex -11.8701 27.6532 3
      vertex -12.6569 28.3431 0
      vertex -11.8701 27.6532 0
    endloop
  endfacet
  facet normal 0 0 1
    outer loop
      vertex 0 42 3
      vertex -3.75 34 3
      vertex 0 26 3
    endloop
  endfacet
  facet normal 0 0 1
    outer loop
      vertex 0 42 3
      vertex -3.7778 34.4242 3
      vertex -3.75 34 3
    endloop
  endfacet
  facet normal 0 0 1
    outer loop
      vertex 0 42 3
      vertex -3.86074 34.8412 3
      vertex -3.7778 34.4242 3
    endloop
  endfacet
  facet normal 0 0 1
    outer loop
      vertex 0 42 3
      vertex -3.99739 35.2437 3
      vertex -3.86074 34.8412 3
    endloop
  endfacet
  facet normal 0 0 1
    outer loop
      vertex 0 42 3
      vertex -4.18542 35.625 3
      vertex -3.99739 35.2437 3
    endloop
  endfacet
  facet normal 0 0 1
    outer loop
      vertex 0 42 3
      vertex -4.4216 35.9785 3
      vertex -4.18542 35.625 3
    endloop
  endfacet
  facet normal 0 0 1
    outer loop
      vertex 0 42 3
      vertex -4.7019 36.2981 3
      vertex -4.4216 35.9785 3
    endloop
  endfacet
  facet normal 0 0 1
    outer loop
      vertex 0 42 3
      vertex -5.02153 36.5784 3
      vertex -4.7019 36.2981 3
    endloop
  endfacet
  facet normal 0 0 1
    outer loop
      vertex 0 42 3
      vertex -5.375 36.8146 3
      vertex -5.02153 36.5784 3
    endloop
  endfacet
  facet normal -0 0 1
    outer loop
      vertex -7 42 3
      vertex -5.375 36.8146 3
      vertex 0 42 3
    endloop
  endfacet
  facet normal 0 0 1
    outer loop
      vertex -5.375 36.8146 3
      vertex -7 42 3
      vertex -5.75628 37.0026 3
    endloop
  endfacet
  facet normal 0 0 1
    outer loop
      vertex -5.75628 37.0026 3
      vertex -7 42 3
      vertex -6.15884 37.1393 3
    endloop
  endfacet
  facet normal 0 0 1
    outer loop
      vertex -6.15884 37.1393 3
      vertex -7 42 3
      vertex -6.57579 37.2222 3
    endloop
  endfacet
  facet normal 0 0 1
    outer loop
      vertex -7 42 3
      vertex -7 37.25 3
      vertex -6.57579 37.2222 3
    endloop
  endfacet
  facet normal 0 0 1
    outer loop
      vertex -7 42 3
      vertex -7.42421 37.2222 3
      vertex -7 37.25 3
    endloop
  endfacet
  facet normal -0 0 1
    outer loop
      vertex -8.04421 41.9316 3
      vertex -7.42421 37.2222 3
      vertex -7 42 3
    endloop
  endfacet
  facet normal 0 0 1
    outer loop
      vertex -7.42421 37.2222 3
      vertex -8.04421 41.9316 3
      vertex -7.84116 37.1393 3
    endloop
  endfacet
  facet normal -0 0 1
    outer loop
      vertex -9.07055 41.7274 3
      vertex -7.84116 37.1393 3
      vertex -8.04421 41.9316 3
    endloop
  endfacet
  facet normal 0 0 1
    outer loop
      vertex -7.84116 37.1393 3
      vertex -9.07055 41.7274 3
      vertex -8.24372 37.0026 3
    endloop
  endfacet
  facet normal -0 0 1
    outer loop
      vertex -10.0615 41.391 3
      vertex -8.24372 37.0026 3
      vertex -9.07055 41.7274 3
    endloop
  endfacet
  facet normal 0 0 1
    outer loop
      vertex -8.24372 37.0026 3
      vertex -10.0615 41.391 3
      vertex -8.625 36.8146 3
    endloop
  endfacet
  facet normal -0 0 1
    outer loop
      vertex -11 40.9282 3
      vertex -8.625 36.8146 3
      vertex -10.0615 41.391 3
    endloop
  endfacet
  facet normal 0 0 1
    outer loop
      vertex -8.625 36.8146 3
      vertex -11 40.9282 3
      vertex -8.97848 36.5784 3
    endloop
  endfacet
  facet normal -0 0 1
    outer loop
      vertex -11.8701 40.3468 3
      vertex -8.97848 36.5784 3
      vertex -11 40.9282 3
    endloop
  endfacet
  facet normal 0 0 1
    outer loop
      vertex -8.97848 36.5784 3
      vertex -11.8701 40.3468 3
      vertex -9.2981 36.2981 3
    endloop
  endfacet
  facet normal -0 0 1
    outer loop
      vertex -12.6569 39.6569 3
      vertex -9.2981 36.2981 3
      vertex -11.8701 40.3468 3
    endloop
  endfacet
  facet normal 0 0 1
    outer loop
      vertex -9.2981 36.2981 3
      vertex -12.6569 39.6569 3
      vertex -9.5784 35.9785 3
    endloop
  endfacet
  facet normal -0 0 1
    outer loop
      vertex -13.3468 38.8701 3
      vertex -9.5784 35.9785 3
      vertex -12.6569 39.6569 3
    endloop
  endfacet
  facet normal 0 0 1
    outer loop
      vertex -9.5784 35.9785 3
      vertex -13.3468 38.8701 3
      vertex -9.81458 35.625 3
    endloop
  endfacet
  facet normal -0 0 1
    outer loop
      vertex -13.9282 38 3
      vertex -9.81458 35.625 3
      vertex -13.3468 38.8701 3
    endloop
  endfacet
  facet normal -0 0 1
    outer loop
      vertex -3.7778 33.5758 3
      vertex 0 26 3
      vertex -3.75 34 3
    endloop
  endfacet
  facet normal -0 0 1
    outer loop
      vertex -3.86074 33.1588 3
      vertex 0 26 3
      vertex -3.7778 33.5758 3
    endloop
  endfacet
  facet normal -0 0 1
    outer loop
      vertex -3.99739 32.7563 3
      vertex 0 26 3
      vertex -3.86074 33.1588 3
    endloop
  endfacet
  facet normal -0 0 1
    outer loop
      vertex -4.18542 32.375 3
      vertex 0 26 3
      vertex -3.99739 32.7563 3
    endloop
  endfacet
  facet normal -0 0 1
    outer loop
      vertex -4.4216 32.0215 3
      vertex 0 26 3
      vertex -4.18542 32.375 3
    endloop
  endfacet
  facet normal -0 0 1
    outer loop
      vertex -4.7019 31.7019 3
      vertex 0 26 3
      vertex -4.4216 32.0215 3
    endloop
  endfacet
  facet normal -0 0 1
    outer loop
      vertex -5.02153 31.4216 3
      vertex 0 26 3
      vertex -4.7019 31.7019 3
    endloop
  endfacet
  facet normal -0 0 1
    outer loop
      vertex -5.375 31.1854 3
      vertex 0 26 3
      vertex -5.02153 31.4216 3
    endloop
  endfacet
  facet normal 0 0 1
    outer loop
      vertex -7 26 3
      vertex -5.375 31.1854 3
      vertex -5.75628 30.9974 3
    endloop
  endfacet
  facet normal 0 0 1
    outer loop
      vertex -7 26 3
      vertex -5.75628 30.9974 3
      vertex -6.15884 30.8607 3
    endloop
  endfacet
  facet normal 0 0 1
    outer loop
      vertex -7 26 3
      vertex -6.15884 30.8607 3
      vertex -6.57579 30.7778 3
    endloop
  endfacet
  facet normal 0 0 1
    outer loop
      vertex -7 26 3
      vertex -6.57579 30.7778 3
      vertex -7 30.75 3
    endloop
  endfacet
  facet normal 0 0 1
    outer loop
      vertex -5.375 31.1854 3
      vertex -7 26 3
      vertex 0 26 3
    endloop
  endfacet
  facet normal 0 0 1
    outer loop
      vertex -7.42421 30.7778 3
      vertex -7 26 3
      vertex -7 30.75 3
    endloop
  endfacet
  facet normal 0 0 1
    outer loop
      vertex -8.04421 26.0684 3
      vertex -7.42421 30.7778 3
      vertex -7.84116 30.8607 3
    endloop
  endfacet
  facet normal 0 0 1
    outer loop
      vertex -7.42421 30.7778 3
      vertex -8.04421 26.0684 3
      vertex -7 26 3
    endloop
  endfacet
  facet normal 0 0 1
    outer loop
      vertex -9.07055 26.2726 3
      vertex -7.84116 30.8607 3
      vertex -8.24372 30.9974 3
    endloop
  endfacet
  facet normal 0 0 1
    outer loop
      vertex -10.0615 26.609 3
      vertex -8.24372 30.9974 3
      vertex -8.625 31.1854 3
    endloop
  endfacet
  facet normal 0 0 1
    outer loop
      vertex -11 27.0718 3
      vertex -8.625 31.1854 3
      vertex -8.97848 31.4216 3
    endloop
  endfacet
  facet normal 0 0 1
    outer loop
      vertex -7.84116 30.8607 3
      vertex -9.07055 26.2726 3
      vertex -8.04421 26.0684 3
    endloop
  endfacet
  facet normal 0 0 1
    outer loop
      vertex -11.8701 27.6532 3
      vertex -8.97848 31.4216 3
      vertex -9.2981 31.7019 3
    endloop
  endfacet
  facet normal 0 0 1
    outer loop
      vertex -12.6569 28.3431 3
      vertex -9.2981 31.7019 3
      vertex -9.5784 32.0215 3
    endloop
  endfacet
  facet normal 0 0 1
    outer loop
      vertex -13.3468 29.1299 3
      vertex -9.5784 32.0215 3
      vertex -9.81458 32.375 3
    endloop
  endfacet
  facet normal 0 0 1
    outer loop
      vertex -13.9282 30 3
      vertex -9.81458 32.375 3
      vertex -10.0026 32.7563 3
    endloop
  endfacet
  facet normal 0 0 1
    outer loop
      vertex -8.24372 30.9974 3
      vertex -10.0615 26.609 3
      vertex -9.07055 26.2726 3
    endloop
  endfacet
  facet normal 0 0 1
    outer loop
      vertex -14.391 30.9385 3
      vertex -10.0026 32.7563 3
      vertex -10.1393 33.1588 3
    endloop
  endfacet
  facet normal 0 0 1
    outer loop
      vertex -14.7274 31.9294 3
      vertex -10.1393 33.1588 3
      vertex -10.2222 33.5758 3
    endloop
  endfacet
  facet normal 0 0 1
    outer loop
      vertex -14.9316 32.9558 3
      vertex -10.2222 33.5758 3
      vertex -10.25 34 3
    endloop
  endfacet
  facet normal 0 0 1
    outer loop
      vertex -9.81458 35.625 3
      vertex -13.9282 38 3
      vertex -10.0026 35.2437 3
    endloop
  endfacet
  facet normal 0 0 1
    outer loop
      vertex -8.625 31.1854 3
      vertex -11 27.0718 3
      vertex -10.0615 26.609 3
    endloop
  endfacet
  facet normal -0 0 1
    outer loop
      vertex -14.391 37.0615 3
      vertex -10.0026 35.2437 3
      vertex -13.9282 38 3
    endloop
  endfacet
  facet normal 0 0 1
    outer loop
      vertex -8.97848 31.4216 3
      vertex -11.8701 27.6532 3
      vertex -11 27.0718 3
    endloop
  endfacet
  facet normal 0 0 1
    outer loop
      vertex -10.0026 35.2437 3
      vertex -14.391 37.0615 3
      vertex -10.1393 34.8412 3
    endloop
  endfacet
  facet normal 0 0 1
    outer loop
      vertex -9.2981 31.7019 3
      vertex -12.6569 28.3431 3
      vertex -11.8701 27.6532 3
    endloop
  endfacet
  facet normal -0 0 1
    outer loop
      vertex -14.7274 36.0706 3
      vertex -10.1393 34.8412 3
      vertex -14.391 37.0615 3
    endloop
  endfacet
  facet normal 0 0 1
    outer loop
      vertex -9.5784 32.0215 3
      vertex -13.3468 29.1299 3
      vertex -12.6569 28.3431 3
    endloop
  endfacet
  facet normal 0 0 1
    outer loop
      vertex -10.1393 34.8412 3
      vertex -14.7274 36.0706 3
      vertex -10.2222 34.4242 3
    endloop
  endfacet
  facet normal 0 0 1
    outer loop
      vertex -9.81458 32.375 3
      vertex -13.9282 30 3
      vertex -13.3468 29.1299 3
    endloop
  endfacet
  facet normal -0 0 1
    outer loop
      vertex -14.9316 35.0442 3
      vertex -10.2222 34.4242 3
      vertex -14.7274 36.0706 3
    endloop
  endfacet
  facet normal 0 0 1
    outer loop
      vertex -10.0026 32.7563 3
      vertex -14.391 30.9385 3
      vertex -13.9282 30 3
    endloop
  endfacet
  facet normal 0 0 1
    outer loop
      vertex -10.2222 34.4242 3
      vertex -14.9316 35.0442 3
      vertex -10.25 34 3
    endloop
  endfacet
  facet normal 0 0 1
    outer loop
      vertex -10.1393 33.1588 3
      vertex -14.7274 31.9294 3
      vertex -14.391 30.9385 3
    endloop
  endfacet
  facet normal 0 0 1
    outer loop
      vertex -15 34 3
      vertex -10.25 34 3
      vertex -14.9316 35.0442 3
    endloop
  endfacet
  facet normal 0 0 1
    outer loop
      vertex -10.2222 33.5758 3
      vertex -14.9316 32.9558 3
      vertex -14.7274 31.9294 3
    endloop
  endfacet
  facet normal 0 0 1
    outer loop
      vertex -10.25 34 3
      vertex -15 34 3
      vertex -14.9316 32.9558 3
    endloop
  endfacet
  facet normal 0.659347 -0.751839 0
    outer loop
      vertex -9.2981 36.2981 0
      vertex -8.97848 36.5784 3
      vertex -9.2981 36.2981 3
    endloop
  endfacet
  facet normal 0.659347 -0.751839 0
    outer loop
      vertex -8.97848 36.5784 3
      vertex -9.2981 36.2981 0
      vertex -8.97848 36.5784 0
    endloop
  endfacet
  facet normal -0.980788 -0.195076 0
    outer loop
      vertex -3.7778 34.4242 0
      vertex -3.86074 34.8412 3
      vertex -3.86074 34.8412 0
    endloop
  endfacet
  facet normal -0.980788 -0.195076 0
    outer loop
      vertex -3.86074 34.8412 3
      vertex -3.7778 34.4242 0
      vertex -3.7778 34.4242 3
    endloop
  endfacet
  facet normal -0.997859 -0.0653948 0
    outer loop
      vertex -3.75 34 0
      vertex -3.7778 34.4242 3
      vertex -3.7778 34.4242 0
    endloop
  endfacet
  facet normal -0.997859 -0.0653948 0
    outer loop
      vertex -3.7778 34.4242 3
      vertex -3.75 34 0
      vertex -3.75 34 3
    endloop
  endfacet
  facet normal -0.946916 -0.321481 0
    outer loop
      vertex -3.86074 34.8412 0
      vertex -3.99739 35.2437 3
      vertex -3.99739 35.2437 0
    endloop
  endfacet
  facet normal -0.946916 -0.321481 0
    outer loop
      vertex -3.99739 35.2437 3
      vertex -3.86074 34.8412 0
      vertex -3.86074 34.8412 3
    endloop
  endfacet
  facet normal 0.751818 -0.65937 0
    outer loop
      vertex -9.5784 35.9785 3
      vertex -9.2981 36.2981 0
      vertex -9.2981 36.2981 3
    endloop
  endfacet
  facet normal 0.751818 -0.65937 0
    outer loop
      vertex -9.2981 36.2981 0
      vertex -9.5784 35.9785 3
      vertex -9.5784 35.9785 0
    endloop
  endfacet
  facet normal -0.321543 -0.946895 0
    outer loop
      vertex -6.15884 37.1393 0
      vertex -5.75628 37.0026 3
      vertex -6.15884 37.1393 3
    endloop
  endfacet
  facet normal -0.321543 -0.946895 -0
    outer loop
      vertex -5.75628 37.0026 3
      vertex -6.15884 37.1393 0
      vertex -5.75628 37.0026 0
    endloop
  endfacet
  facet normal 0.321543 -0.946895 0
    outer loop
      vertex -8.24372 37.0026 0
      vertex -7.84116 37.1393 3
      vertex -8.24372 37.0026 3
    endloop
  endfacet
  facet normal 0.321543 -0.946895 0
    outer loop
      vertex -7.84116 37.1393 3
      vertex -8.24372 37.0026 0
      vertex -7.84116 37.1393 0
    endloop
  endfacet
  facet normal -0.896879 -0.442277 0
    outer loop
      vertex -3.99739 35.2437 0
      vertex -4.18542 35.625 3
      vertex -4.18542 35.625 0
    endloop
  endfacet
  facet normal -0.896879 -0.442277 0
    outer loop
      vertex -4.18542 35.625 3
      vertex -3.99739 35.2437 0
      vertex -3.99739 35.2437 3
    endloop
  endfacet
  facet normal -0.831493 -0.555536 0
    outer loop
      vertex -4.18542 35.625 0
      vertex -4.4216 35.9785 3
      vertex -4.4216 35.9785 0
    endloop
  endfacet
  facet normal -0.831493 -0.555536 0
    outer loop
      vertex -4.4216 35.9785 3
      vertex -4.18542 35.625 0
      vertex -4.18542 35.625 3
    endloop
  endfacet
  facet normal -0.946916 0.321481 0
    outer loop
      vertex -3.99739 32.7563 0
      vertex -3.86074 33.1588 3
      vertex -3.86074 33.1588 0
    endloop
  endfacet
  facet normal -0.946916 0.321481 0
    outer loop
      vertex -3.86074 33.1588 3
      vertex -3.99739 32.7563 0
      vertex -3.99739 32.7563 3
    endloop
  endfacet
  facet normal -0.659335 0.751849 0
    outer loop
      vertex -4.7019 31.7019 0
      vertex -5.02153 31.4216 3
      vertex -4.7019 31.7019 3
    endloop
  endfacet
  facet normal -0.659335 0.751849 0
    outer loop
      vertex -5.02153 31.4216 3
      vertex -4.7019 31.7019 0
      vertex -5.02153 31.4216 0
    endloop
  endfacet
  facet normal 0.0653933 -0.99786 0
    outer loop
      vertex -7.42421 37.2222 0
      vertex -7 37.25 3
      vertex -7.42421 37.2222 3
    endloop
  endfacet
  facet normal 0.0653933 -0.99786 0
    outer loop
      vertex -7 37.25 3
      vertex -7.42421 37.2222 0
      vertex -7 37.25 0
    endloop
  endfacet
  facet normal 0.195008 0.980802 -0
    outer loop
      vertex -7.42421 30.7778 0
      vertex -7.84116 30.8607 3
      vertex -7.42421 30.7778 3
    endloop
  endfacet
  facet normal 0.195008 0.980802 0
    outer loop
      vertex -7.84116 30.8607 3
      vertex -7.42421 30.7778 0
      vertex -7.84116 30.8607 0
    endloop
  endfacet
  facet normal -0.0653933 -0.99786 0
    outer loop
      vertex -7 37.25 0
      vertex -6.57579 37.2222 3
      vertex -7 37.25 3
    endloop
  endfacet
  facet normal -0.0653933 -0.99786 -0
    outer loop
      vertex -6.57579 37.2222 3
      vertex -7 37.25 0
      vertex -6.57579 37.2222 0
    endloop
  endfacet
  facet normal -0.751818 -0.65937 0
    outer loop
      vertex -4.4216 35.9785 0
      vertex -4.7019 36.2981 3
      vertex -4.7019 36.2981 0
    endloop
  endfacet
  facet normal -0.751818 -0.65937 0
    outer loop
      vertex -4.7019 36.2981 3
      vertex -4.4216 35.9785 0
      vertex -4.4216 35.9785 3
    endloop
  endfacet
  facet normal 0.997859 -0.0653948 0
    outer loop
      vertex -10.25 34 3
      vertex -10.2222 34.4242 0
      vertex -10.2222 34.4242 3
    endloop
  endfacet
  facet normal 0.997859 -0.0653948 0
    outer loop
      vertex -10.2222 34.4242 0
      vertex -10.25 34 3
      vertex -10.25 34 0
    endloop
  endfacet
  facet normal 0.980806 -0.194985 0
    outer loop
      vertex -10.2222 34.4242 3
      vertex -10.1393 34.8412 0
      vertex -10.1393 34.8412 3
    endloop
  endfacet
  facet normal 0.980806 -0.194985 0
    outer loop
      vertex -10.1393 34.8412 0
      vertex -10.2222 34.4242 3
      vertex -10.2222 34.4242 0
    endloop
  endfacet
  facet normal 0.896888 0.442258 0
    outer loop
      vertex -9.81458 32.375 3
      vertex -10.0026 32.7563 0
      vertex -10.0026 32.7563 3
    endloop
  endfacet
  facet normal 0.896888 0.442258 0
    outer loop
      vertex -10.0026 32.7563 0
      vertex -9.81458 32.375 3
      vertex -9.81458 32.375 0
    endloop
  endfacet
  facet normal 0.94688 -0.321586 0
    outer loop
      vertex -10.1393 34.8412 3
      vertex -10.0026 35.2437 0
      vertex -10.0026 35.2437 3
    endloop
  endfacet
  facet normal 0.94688 -0.321586 0
    outer loop
      vertex -10.0026 35.2437 0
      vertex -10.1393 34.8412 3
      vertex -10.1393 34.8412 0
    endloop
  endfacet
  facet normal 0.195008 -0.980802 0
    outer loop
      vertex -7.84116 37.1393 0
      vertex -7.42421 37.2222 3
      vertex -7.84116 37.1393 3
    endloop
  endfacet
  facet normal 0.195008 -0.980802 0
    outer loop
      vertex -7.42421 37.2222 3
      vertex -7.84116 37.1393 0
      vertex -7.42421 37.2222 0
    endloop
  endfacet
  facet normal -0.442239 0.896897 0
    outer loop
      vertex -5.375 31.1854 0
      vertex -5.75628 30.9974 3
      vertex -5.375 31.1854 3
    endloop
  endfacet
  facet normal -0.442239 0.896897 0
    outer loop
      vertex -5.75628 30.9974 3
      vertex -5.375 31.1854 0
      vertex -5.75628 30.9974 0
    endloop
  endfacet
  facet normal -0.659335 -0.751849 0
    outer loop
      vertex -5.02153 36.5784 0
      vertex -4.7019 36.2981 3
      vertex -5.02153 36.5784 3
    endloop
  endfacet
  facet normal -0.659335 -0.751849 -0
    outer loop
      vertex -4.7019 36.2981 3
      vertex -5.02153 36.5784 0
      vertex -4.7019 36.2981 0
    endloop
  endfacet
  facet normal -0.321543 0.946895 0
    outer loop
      vertex -5.75628 30.9974 0
      vertex -6.15884 30.8607 3
      vertex -5.75628 30.9974 3
    endloop
  endfacet
  facet normal -0.321543 0.946895 0
    outer loop
      vertex -6.15884 30.8607 3
      vertex -5.75628 30.9974 0
      vertex -6.15884 30.8607 0
    endloop
  endfacet
  facet normal -0.831493 0.555536 0
    outer loop
      vertex -4.4216 32.0215 0
      vertex -4.18542 32.375 3
      vertex -4.18542 32.375 0
    endloop
  endfacet
  facet normal -0.831493 0.555536 0
    outer loop
      vertex -4.18542 32.375 3
      vertex -4.4216 32.0215 0
      vertex -4.4216 32.0215 3
    endloop
  endfacet
  facet normal 0.896888 -0.442258 0
    outer loop
      vertex -10.0026 35.2437 3
      vertex -9.81458 35.625 0
      vertex -9.81458 35.625 3
    endloop
  endfacet
  facet normal 0.896888 -0.442258 0
    outer loop
      vertex -9.81458 35.625 0
      vertex -10.0026 35.2437 3
      vertex -10.0026 35.2437 0
    endloop
  endfacet
  facet normal 0.55559 -0.831456 0
    outer loop
      vertex -8.97848 36.5784 0
      vertex -8.625 36.8146 3
      vertex -8.97848 36.5784 3
    endloop
  endfacet
  facet normal 0.55559 -0.831456 0
    outer loop
      vertex -8.625 36.8146 3
      vertex -8.97848 36.5784 0
      vertex -8.625 36.8146 0
    endloop
  endfacet
  facet normal 0.980806 0.194985 0
    outer loop
      vertex -10.1393 33.1588 3
      vertex -10.2222 33.5758 0
      vertex -10.2222 33.5758 3
    endloop
  endfacet
  facet normal 0.980806 0.194985 0
    outer loop
      vertex -10.2222 33.5758 0
      vertex -10.1393 33.1588 3
      vertex -10.1393 33.1588 0
    endloop
  endfacet
  facet normal -0.555601 -0.831449 0
    outer loop
      vertex -5.375 36.8146 0
      vertex -5.02153 36.5784 3
      vertex -5.375 36.8146 3
    endloop
  endfacet
  facet normal -0.555601 -0.831449 -0
    outer loop
      vertex -5.02153 36.5784 3
      vertex -5.375 36.8146 0
      vertex -5.02153 36.5784 0
    endloop
  endfacet
  facet normal 0.997859 0.0653948 0
    outer loop
      vertex -10.2222 33.5758 3
      vertex -10.25 34 0
      vertex -10.25 34 3
    endloop
  endfacet
  facet normal 0.997859 0.0653948 0
    outer loop
      vertex -10.25 34 0
      vertex -10.2222 33.5758 3
      vertex -10.2222 33.5758 0
    endloop
  endfacet
  facet normal 0.94688 0.321586 0
    outer loop
      vertex -10.0026 32.7563 3
      vertex -10.1393 33.1588 0
      vertex -10.1393 33.1588 3
    endloop
  endfacet
  facet normal 0.94688 0.321586 0
    outer loop
      vertex -10.1393 33.1588 0
      vertex -10.0026 32.7563 3
      vertex -10.0026 32.7563 0
    endloop
  endfacet
  facet normal 0.831493 -0.555536 0
    outer loop
      vertex -9.81458 35.625 3
      vertex -9.5784 35.9785 0
      vertex -9.5784 35.9785 3
    endloop
  endfacet
  facet normal 0.831493 -0.555536 0
    outer loop
      vertex -9.5784 35.9785 0
      vertex -9.81458 35.625 3
      vertex -9.81458 35.625 0
    endloop
  endfacet
  facet normal 0.442239 -0.896897 0
    outer loop
      vertex -8.625 36.8146 0
      vertex -8.24372 37.0026 3
      vertex -8.625 36.8146 3
    endloop
  endfacet
  facet normal 0.442239 -0.896897 0
    outer loop
      vertex -8.24372 37.0026 3
      vertex -8.625 36.8146 0
      vertex -8.24372 37.0026 0
    endloop
  endfacet
  facet normal -0.195008 0.980802 0
    outer loop
      vertex -6.15884 30.8607 0
      vertex -6.57579 30.7778 3
      vertex -6.15884 30.8607 3
    endloop
  endfacet
  facet normal -0.195008 0.980802 0
    outer loop
      vertex -6.57579 30.7778 3
      vertex -6.15884 30.8607 0
      vertex -6.57579 30.7778 0
    endloop
  endfacet
  facet normal -0.751818 0.65937 0
    outer loop
      vertex -4.7019 31.7019 0
      vertex -4.4216 32.0215 3
      vertex -4.4216 32.0215 0
    endloop
  endfacet
  facet normal -0.751818 0.65937 0
    outer loop
      vertex -4.4216 32.0215 3
      vertex -4.7019 31.7019 0
      vertex -4.7019 31.7019 3
    endloop
  endfacet
  facet normal 0.831493 0.555536 0
    outer loop
      vertex -9.5784 32.0215 3
      vertex -9.81458 32.375 0
      vertex -9.81458 32.375 3
    endloop
  endfacet
  facet normal 0.831493 0.555536 0
    outer loop
      vertex -9.81458 32.375 0
      vertex -9.5784 32.0215 3
      vertex -9.5784 32.0215 0
    endloop
  endfacet
  facet normal 0.442239 0.896897 -0
    outer loop
      vertex -8.24372 30.9974 0
      vertex -8.625 31.1854 3
      vertex -8.24372 30.9974 3
    endloop
  endfacet
  facet normal 0.442239 0.896897 0
    outer loop
      vertex -8.625 31.1854 3
      vertex -8.24372 30.9974 0
      vertex -8.625 31.1854 0
    endloop
  endfacet
  facet normal -0.980788 0.195076 0
    outer loop
      vertex -3.86074 33.1588 0
      vertex -3.7778 33.5758 3
      vertex -3.7778 33.5758 0
    endloop
  endfacet
  facet normal -0.980788 0.195076 0
    outer loop
      vertex -3.7778 33.5758 3
      vertex -3.86074 33.1588 0
      vertex -3.86074 33.1588 3
    endloop
  endfacet
  facet normal 0.659347 0.751839 -0
    outer loop
      vertex -8.97848 31.4216 0
      vertex -9.2981 31.7019 3
      vertex -8.97848 31.4216 3
    endloop
  endfacet
  facet normal 0.659347 0.751839 0
    outer loop
      vertex -9.2981 31.7019 3
      vertex -8.97848 31.4216 0
      vertex -9.2981 31.7019 0
    endloop
  endfacet
  facet normal -0.896879 0.442277 0
    outer loop
      vertex -4.18542 32.375 0
      vertex -3.99739 32.7563 3
      vertex -3.99739 32.7563 0
    endloop
  endfacet
  facet normal -0.896879 0.442277 0
    outer loop
      vertex -3.99739 32.7563 3
      vertex -4.18542 32.375 0
      vertex -4.18542 32.375 3
    endloop
  endfacet
  facet normal -0.555601 0.831449 0
    outer loop
      vertex -5.02153 31.4216 0
      vertex -5.375 31.1854 3
      vertex -5.02153 31.4216 3
    endloop
  endfacet
  facet normal -0.555601 0.831449 0
    outer loop
      vertex -5.375 31.1854 3
      vertex -5.02153 31.4216 0
      vertex -5.375 31.1854 0
    endloop
  endfacet
  facet normal -0.442239 -0.896897 0
    outer loop
      vertex -5.75628 37.0026 0
      vertex -5.375 36.8146 3
      vertex -5.75628 37.0026 3
    endloop
  endfacet
  facet normal -0.442239 -0.896897 -0
    outer loop
      vertex -5.375 36.8146 3
      vertex -5.75628 37.0026 0
      vertex -5.375 36.8146 0
    endloop
  endfacet
  facet normal 0.751818 0.65937 0
    outer loop
      vertex -9.2981 31.7019 3
      vertex -9.5784 32.0215 0
      vertex -9.5784 32.0215 3
    endloop
  endfacet
  facet normal 0.751818 0.65937 0
    outer loop
      vertex -9.5784 32.0215 0
      vertex -9.2981 31.7019 3
      vertex -9.2981 31.7019 0
    endloop
  endfacet
  facet normal -0.997859 0.0653948 0
    outer loop
      vertex -3.7778 33.5758 0
      vertex -3.75 34 3
      vertex -3.75 34 0
    endloop
  endfacet
  facet normal -0.997859 0.0653948 0
    outer loop
      vertex -3.75 34 3
      vertex -3.7778 33.5758 0
      vertex -3.7778 33.5758 3
    endloop
  endfacet
  facet normal -0.0653933 0.99786 0
    outer loop
      vertex -6.57579 30.7778 0
      vertex -7 30.75 3
      vertex -6.57579 30.7778 3
    endloop
  endfacet
  facet normal -0.0653933 0.99786 0
    outer loop
      vertex -7 30.75 3
      vertex -6.57579 30.7778 0
      vertex -7 30.75 0
    endloop
  endfacet
  facet normal 0.0653933 0.99786 -0
    outer loop
      vertex -7 30.75 0
      vertex -7.42421 30.7778 3
      vertex -7 30.75 3
    endloop
  endfacet
  facet normal 0.0653933 0.99786 0
    outer loop
      vertex -7.42421 30.7778 3
      vertex -7 30.75 0
      vertex -7.42421 30.7778 0
    endloop
  endfacet
  facet normal 0.321543 0.946895 -0
    outer loop
      vertex -7.84116 30.8607 0
      vertex -8.24372 30.9974 3
      vertex -7.84116 30.8607 3
    endloop
  endfacet
  facet normal 0.321543 0.946895 0
    outer loop
      vertex -8.24372 30.9974 3
      vertex -7.84116 30.8607 0
      vertex -8.24372 30.9974 0
    endloop
  endfacet
  facet normal -0.195008 -0.980802 0
    outer loop
      vertex -6.57579 37.2222 0
      vertex -6.15884 37.1393 3
      vertex -6.57579 37.2222 3
    endloop
  endfacet
  facet normal -0.195008 -0.980802 -0
    outer loop
      vertex -6.15884 37.1393 3
      vertex -6.57579 37.2222 0
      vertex -6.15884 37.1393 0
    endloop
  endfacet
  facet normal 0.55559 0.831456 -0
    outer loop
      vertex -8.625 31.1854 0
      vertex -8.97848 31.4216 3
      vertex -8.625 31.1854 3
    endloop
  endfacet
  facet normal 0.55559 0.831456 0
    outer loop
      vertex -8.97848 31.4216 3
      vertex -8.625 31.1854 0
      vertex -8.97848 31.4216 0
    endloop
  endfacet
  facet normal 0.659194 -0.751973 0
    outer loop
      vertex 107.87 27.6532 0
      vertex 108.657 28.3431 3
      vertex 107.87 27.6532 3
    endloop
  endfacet
  facet normal 0.659194 -0.751973 0
    outer loop
      vertex 108.657 28.3431 3
      vertex 107.87 27.6532 0
      vertex 108.657 28.3431 0
    endloop
  endfacet
  facet normal 0 -1 0
    outer loop
      vertex 96 26 0
      vertex 103 26 3
      vertex 96 26 3
    endloop
  endfacet
  facet normal 0 -1 -0
    outer loop
      vertex 103 26 3
      vertex 96 26 0
      vertex 103 26 0
    endloop
  endfacet
  facet normal 0.321731 -0.946831 0
    outer loop
      vertex 105.071 26.2726 0
      vertex 106.061 26.609 3
      vertex 105.071 26.2726 3
    endloop
  endfacet
  facet normal 0.321731 -0.946831 0
    outer loop
      vertex 106.061 26.609 3
      vertex 105.071 26.2726 0
      vertex 106.061 26.609 0
    endloop
  endfacet
  facet normal 0.980632 0.195859 0
    outer loop
      vertex 110.932 35.0442 3
      vertex 110.727 36.0706 0
      vertex 110.727 36.0706 3
    endloop
  endfacet
  facet normal 0.980632 0.195859 0
    outer loop
      vertex 110.727 36.0706 0
      vertex 110.932 35.0442 3
      vertex 110.932 35.0442 0
    endloop
  endfacet
  facet normal 0.947036 0.321126 0
    outer loop
      vertex 110.727 36.0706 3
      vertex 110.391 37.0615 0
      vertex 110.391 37.0615 3
    endloop
  endfacet
  facet normal 0.947036 0.321126 0
    outer loop
      vertex 110.391 37.0615 0
      vertex 110.727 36.0706 3
      vertex 110.727 36.0706 0
    endloop
  endfacet
  facet normal 0.831638 -0.555318 0
    outer loop
      vertex 109.347 29.1299 3
      vertex 109.928 30 0
      vertex 109.928 30 3
    endloop
  endfacet
  facet normal 0.831638 -0.555318 0
    outer loop
      vertex 109.928 30 0
      vertex 109.347 29.1299 3
      vertex 109.347 29.1299 0
    endloop
  endfacet
  facet normal 0.0653771 -0.997861 0
    outer loop
      vertex 103 26 0
      vertex 104.044 26.0684 3
      vertex 103 26 3
    endloop
  endfacet
  facet normal 0.0653771 -0.997861 0
    outer loop
      vertex 104.044 26.0684 3
      vertex 103 26 0
      vertex 104.044 26.0684 0
    endloop
  endfacet
  facet normal 0.442086 -0.896973 0
    outer loop
      vertex 106.061 26.609 0
      vertex 107 27.0718 3
      vertex 106.061 26.609 3
    endloop
  endfacet
  facet normal 0.442086 -0.896973 0
    outer loop
      vertex 107 27.0718 3
      vertex 106.061 26.609 0
      vertex 107 27.0718 0
    endloop
  endfacet
  facet normal 0.555626 0.831432 -0
    outer loop
      vertex 107.87 40.3468 0
      vertex 107 40.9282 3
      vertex 107.87 40.3468 3
    endloop
  endfacet
  facet normal 0.555626 0.831432 0
    outer loop
      vertex 107 40.9282 3
      vertex 107.87 40.3468 0
      vertex 107 40.9282 0
    endloop
  endfacet
  facet normal 0.555626 -0.831432 0
    outer loop
      vertex 107 27.0718 0
      vertex 107.87 27.6532 3
      vertex 107 27.0718 3
    endloop
  endfacet
  facet normal 0.555626 -0.831432 0
    outer loop
      vertex 107.87 27.6532 3
      vertex 107 27.0718 0
      vertex 107.87 27.6532 0
    endloop
  endfacet
  facet normal 0.947036 -0.321126 0
    outer loop
      vertex 110.391 30.9385 3
      vertex 110.727 31.9294 0
      vertex 110.727 31.9294 3
    endloop
  endfacet
  facet normal 0.947036 -0.321126 0
    outer loop
      vertex 110.727 31.9294 0
      vertex 110.391 30.9385 3
      vertex 110.391 30.9385 0
    endloop
  endfacet
  facet normal 0.997886 0.064984 0
    outer loop
      vertex 111 34 3
      vertex 110.932 35.0442 0
      vertex 110.932 35.0442 3
    endloop
  endfacet
  facet normal 0.997886 0.064984 0
    outer loop
      vertex 110.932 35.0442 0
      vertex 111 34 3
      vertex 111 34 0
    endloop
  endfacet
  facet normal 0.195014 -0.9808 0
    outer loop
      vertex 104.044 26.0684 0
      vertex 105.071 26.2726 3
      vertex 104.044 26.0684 3
    endloop
  endfacet
  facet normal 0.195014 -0.9808 0
    outer loop
      vertex 105.071 26.2726 3
      vertex 104.044 26.0684 0
      vertex 105.071 26.2726 0
    endloop
  endfacet
  facet normal 0.195014 0.9808 -0
    outer loop
      vertex 105.071 41.7274 0
      vertex 104.044 41.9316 3
      vertex 105.071 41.7274 3
    endloop
  endfacet
  facet normal 0.195014 0.9808 0
    outer loop
      vertex 104.044 41.9316 3
      vertex 105.071 41.7274 0
      vertex 104.044 41.9316 0
    endloop
  endfacet
  facet normal 0.0653771 0.997861 -0
    outer loop
      vertex 104.044 41.9316 0
      vertex 103 42 3
      vertex 104.044 41.9316 3
    endloop
  endfacet
  facet normal 0.0653771 0.997861 0
    outer loop
      vertex 103 42 3
      vertex 104.044 41.9316 0
      vertex 103 42 0
    endloop
  endfacet
  facet normal 0.442086 0.896973 -0
    outer loop
      vertex 107 40.9282 0
      vertex 106.061 41.391 3
      vertex 107 40.9282 3
    endloop
  endfacet
  facet normal 0.442086 0.896973 0
    outer loop
      vertex 106.061 41.391 3
      vertex 107 40.9282 0
      vertex 106.061 41.391 0
    endloop
  endfacet
  facet normal 0.751842 -0.659343 0
    outer loop
      vertex 108.657 28.3431 3
      vertex 109.347 29.1299 0
      vertex 109.347 29.1299 3
    endloop
  endfacet
  facet normal 0.751842 -0.659343 0
    outer loop
      vertex 109.347 29.1299 0
      vertex 108.657 28.3431 3
      vertex 108.657 28.3431 0
    endloop
  endfacet
  facet normal 0.896803 -0.442429 0
    outer loop
      vertex 109.928 30 3
      vertex 110.391 30.9385 0
      vertex 110.391 30.9385 3
    endloop
  endfacet
  facet normal 0.896803 -0.442429 0
    outer loop
      vertex 110.391 30.9385 0
      vertex 109.928 30 3
      vertex 109.928 30 0
    endloop
  endfacet
  facet normal 0 1 -0
    outer loop
      vertex 103 42 0
      vertex 96 42 3
      vertex 103 42 3
    endloop
  endfacet
  facet normal 0 1 0
    outer loop
      vertex 96 42 3
      vertex 103 42 0
      vertex 96 42 0
    endloop
  endfacet
  facet normal 0.321731 0.946831 -0
    outer loop
      vertex 106.061 41.391 0
      vertex 105.071 41.7274 3
      vertex 106.061 41.391 3
    endloop
  endfacet
  facet normal 0.321731 0.946831 0
    outer loop
      vertex 105.071 41.7274 3
      vertex 106.061 41.391 0
      vertex 105.071 41.7274 0
    endloop
  endfacet
  facet normal 0.751842 0.659343 0
    outer loop
      vertex 109.347 38.8701 3
      vertex 108.657 39.6569 0
      vertex 108.657 39.6569 3
    endloop
  endfacet
  facet normal 0.751842 0.659343 0
    outer loop
      vertex 108.657 39.6569 0
      vertex 109.347 38.8701 3
      vertex 109.347 38.8701 0
    endloop
  endfacet
  facet normal 0.997886 -0.064984 0
    outer loop
      vertex 110.932 32.9558 3
      vertex 111 34 0
      vertex 111 34 3
    endloop
  endfacet
  facet normal 0.997886 -0.064984 0
    outer loop
      vertex 111 34 0
      vertex 110.932 32.9558 3
      vertex 110.932 32.9558 0
    endloop
  endfacet
  facet normal 0.980632 -0.195859 0
    outer loop
      vertex 110.727 31.9294 3
      vertex 110.932 32.9558 0
      vertex 110.932 32.9558 3
    endloop
  endfacet
  facet normal 0.980632 -0.195859 0
    outer loop
      vertex 110.932 32.9558 0
      vertex 110.727 31.9294 3
      vertex 110.727 31.9294 0
    endloop
  endfacet
  facet normal 0.896803 0.442429 0
    outer loop
      vertex 110.391 37.0615 3
      vertex 109.928 38 0
      vertex 109.928 38 3
    endloop
  endfacet
  facet normal 0.896803 0.442429 0
    outer loop
      vertex 109.928 38 0
      vertex 110.391 37.0615 3
      vertex 110.391 37.0615 0
    endloop
  endfacet
  facet normal 0.831638 0.555318 0
    outer loop
      vertex 109.928 38 3
      vertex 109.347 38.8701 0
      vertex 109.347 38.8701 3
    endloop
  endfacet
  facet normal 0.831638 0.555318 0
    outer loop
      vertex 109.347 38.8701 0
      vertex 109.928 38 3
      vertex 109.928 38 0
    endloop
  endfacet
  facet normal 0.659194 0.751973 -0
    outer loop
      vertex 108.657 39.6569 0
      vertex 107.87 40.3468 3
      vertex 108.657 39.6569 3
    endloop
  endfacet
  facet normal 0.659194 0.751973 0
    outer loop
      vertex 107.87 40.3468 3
      vertex 108.657 39.6569 0
      vertex 107.87 40.3468 0
    endloop
  endfacet
  facet normal 0 0 1
    outer loop
      vertex 106.25 34 3
      vertex 111 34 3
      vertex 110.932 35.0442 3
    endloop
  endfacet
  facet normal 0 0 1
    outer loop
      vertex 106.222 34.4242 3
      vertex 110.932 35.0442 3
      vertex 110.727 36.0706 3
    endloop
  endfacet
  facet normal 0 0 1
    outer loop
      vertex 111 34 3
      vertex 106.25 34 3
      vertex 110.932 32.9558 3
    endloop
  endfacet
  facet normal 0 0 1
    outer loop
      vertex 106.139 34.8412 3
      vertex 110.727 36.0706 3
      vertex 110.391 37.0615 3
    endloop
  endfacet
  facet normal -0 0 1
    outer loop
      vertex 106.222 33.5758 3
      vertex 110.932 32.9558 3
      vertex 106.25 34 3
    endloop
  endfacet
  facet normal 0 0 1
    outer loop
      vertex 106.003 35.2437 3
      vertex 110.391 37.0615 3
      vertex 109.928 38 3
    endloop
  endfacet
  facet normal 0 0 1
    outer loop
      vertex 110.932 32.9558 3
      vertex 106.222 33.5758 3
      vertex 110.727 31.9294 3
    endloop
  endfacet
  facet normal 0 0 1
    outer loop
      vertex 105.815 35.625 3
      vertex 109.928 38 3
      vertex 109.347 38.8701 3
    endloop
  endfacet
  facet normal -0 0 1
    outer loop
      vertex 106.139 33.1588 3
      vertex 110.727 31.9294 3
      vertex 106.222 33.5758 3
    endloop
  endfacet
  facet normal 0 0 1
    outer loop
      vertex 105.578 35.9785 3
      vertex 109.347 38.8701 3
      vertex 108.657 39.6569 3
    endloop
  endfacet
  facet normal 0 0 1
    outer loop
      vertex 110.727 31.9294 3
      vertex 106.139 33.1588 3
      vertex 110.391 30.9385 3
    endloop
  endfacet
  facet normal 0 0 1
    outer loop
      vertex 105.298 36.2981 3
      vertex 108.657 39.6569 3
      vertex 107.87 40.3468 3
    endloop
  endfacet
  facet normal -0 0 1
    outer loop
      vertex 106.003 32.7563 3
      vertex 110.391 30.9385 3
      vertex 106.139 33.1588 3
    endloop
  endfacet
  facet normal 0 0 1
    outer loop
      vertex 104.978 36.5784 3
      vertex 107.87 40.3468 3
      vertex 107 40.9282 3
    endloop
  endfacet
  facet normal 0 0 1
    outer loop
      vertex 110.391 30.9385 3
      vertex 106.003 32.7563 3
      vertex 109.928 30 3
    endloop
  endfacet
  facet normal -0 0 1
    outer loop
      vertex 105.815 32.375 3
      vertex 109.928 30 3
      vertex 106.003 32.7563 3
    endloop
  endfacet
  facet normal 0 0 1
    outer loop
      vertex 110.932 35.0442 3
      vertex 106.222 34.4242 3
      vertex 106.25 34 3
    endloop
  endfacet
  facet normal 0 0 1
    outer loop
      vertex 110.727 36.0706 3
      vertex 106.139 34.8412 3
      vertex 106.222 34.4242 3
    endloop
  endfacet
  facet normal 0 0 1
    outer loop
      vertex 104.625 36.8146 3
      vertex 107 40.9282 3
      vertex 106.061 41.391 3
    endloop
  endfacet
  facet normal 0 0 1
    outer loop
      vertex 110.391 37.0615 3
      vertex 106.003 35.2437 3
      vertex 106.139 34.8412 3
    endloop
  endfacet
  facet normal 0 0 1
    outer loop
      vertex 109.928 38 3
      vertex 105.815 35.625 3
      vertex 106.003 35.2437 3
    endloop
  endfacet
  facet normal 0 0 1
    outer loop
      vertex 109.347 38.8701 3
      vertex 105.578 35.9785 3
      vertex 105.815 35.625 3
    endloop
  endfacet
  facet normal 0 0 1
    outer loop
      vertex 108.657 39.6569 3
      vertex 105.298 36.2981 3
      vertex 105.578 35.9785 3
    endloop
  endfacet
  facet normal 0 0 1
    outer loop
      vertex 104.244 37.0026 3
      vertex 106.061 41.391 3
      vertex 105.071 41.7274 3
    endloop
  endfacet
  facet normal 0 0 1
    outer loop
      vertex 107.87 40.3468 3
      vertex 104.978 36.5784 3
      vertex 105.298 36.2981 3
    endloop
  endfacet
  facet normal 0 0 1
    outer loop
      vertex 107 40.9282 3
      vertex 104.625 36.8146 3
      vertex 104.978 36.5784 3
    endloop
  endfacet
  facet normal 0 0 1
    outer loop
      vertex 106.061 41.391 3
      vertex 104.244 37.0026 3
      vertex 104.625 36.8146 3
    endloop
  endfacet
  facet normal 0 0 1
    outer loop
      vertex 103.841 37.1393 3
      vertex 105.071 41.7274 3
      vertex 104.044 41.9316 3
    endloop
  endfacet
  facet normal 0 0 1
    outer loop
      vertex 105.071 41.7274 3
      vertex 103.841 37.1393 3
      vertex 104.244 37.0026 3
    endloop
  endfacet
  facet normal 0 0 1
    outer loop
      vertex 104.044 41.9316 3
      vertex 103.424 37.2222 3
      vertex 103.841 37.1393 3
    endloop
  endfacet
  facet normal 0 0 1
    outer loop
      vertex 103 42 3
      vertex 103.424 37.2222 3
      vertex 104.044 41.9316 3
    endloop
  endfacet
  facet normal 0 0 1
    outer loop
      vertex 103 42 3
      vertex 103 37.25 3
      vertex 103.424 37.2222 3
    endloop
  endfacet
  facet normal 0 0 1
    outer loop
      vertex 103 42 3
      vertex 102.576 37.2222 3
      vertex 103 37.25 3
    endloop
  endfacet
  facet normal 0 0 1
    outer loop
      vertex 103 42 3
      vertex 102.159 37.1393 3
      vertex 102.576 37.2222 3
    endloop
  endfacet
  facet normal 0 0 1
    outer loop
      vertex 103 42 3
      vertex 101.756 37.0026 3
      vertex 102.159 37.1393 3
    endloop
  endfacet
  facet normal 0 0 1
    outer loop
      vertex 103 42 3
      vertex 101.375 36.8146 3
      vertex 101.756 37.0026 3
    endloop
  endfacet
  facet normal -0 0 1
    outer loop
      vertex 96 42 3
      vertex 101.375 36.8146 3
      vertex 103 42 3
    endloop
  endfacet
  facet normal 0 0 1
    outer loop
      vertex 101.375 36.8146 3
      vertex 96 42 3
      vertex 101.022 36.5784 3
    endloop
  endfacet
  facet normal 0 0 1
    outer loop
      vertex 101.022 36.5784 3
      vertex 96 42 3
      vertex 100.702 36.2981 3
    endloop
  endfacet
  facet normal 0 0 1
    outer loop
      vertex 100.702 36.2981 3
      vertex 96 42 3
      vertex 100.422 35.9785 3
    endloop
  endfacet
  facet normal 0 0 1
    outer loop
      vertex 100.422 35.9785 3
      vertex 96 42 3
      vertex 100.185 35.625 3
    endloop
  endfacet
  facet normal 0 0 1
    outer loop
      vertex 99.7778 34.4242 3
      vertex 96 42 3
      vertex 99.75 34 3
    endloop
  endfacet
  facet normal 0 0 1
    outer loop
      vertex 99.8607 34.8412 3
      vertex 96 42 3
      vertex 99.7778 34.4242 3
    endloop
  endfacet
  facet normal 0 0 1
    outer loop
      vertex 99.9974 35.2437 3
      vertex 96 42 3
      vertex 99.8607 34.8412 3
    endloop
  endfacet
  facet normal 0 0 1
    outer loop
      vertex 100.185 35.625 3
      vertex 96 42 3
      vertex 99.9974 35.2437 3
    endloop
  endfacet
  facet normal 0 0 1
    outer loop
      vertex 109.928 30 3
      vertex 105.815 32.375 3
      vertex 109.347 29.1299 3
    endloop
  endfacet
  facet normal -0 0 1
    outer loop
      vertex 105.578 32.0215 3
      vertex 109.347 29.1299 3
      vertex 105.815 32.375 3
    endloop
  endfacet
  facet normal 0 0 1
    outer loop
      vertex 109.347 29.1299 3
      vertex 105.578 32.0215 3
      vertex 108.657 28.3431 3
    endloop
  endfacet
  facet normal -0 0 1
    outer loop
      vertex 105.298 31.7019 3
      vertex 108.657 28.3431 3
      vertex 105.578 32.0215 3
    endloop
  endfacet
  facet normal 0 0 1
    outer loop
      vertex 108.657 28.3431 3
      vertex 105.298 31.7019 3
      vertex 107.87 27.6532 3
    endloop
  endfacet
  facet normal -0 0 1
    outer loop
      vertex 104.978 31.4216 3
      vertex 107.87 27.6532 3
      vertex 105.298 31.7019 3
    endloop
  endfacet
  facet normal 0 0 1
    outer loop
      vertex 107.87 27.6532 3
      vertex 104.978 31.4216 3
      vertex 107 27.0718 3
    endloop
  endfacet
  facet normal -0 0 1
    outer loop
      vertex 104.625 31.1854 3
      vertex 107 27.0718 3
      vertex 104.978 31.4216 3
    endloop
  endfacet
  facet normal 0 0 1
    outer loop
      vertex 107 27.0718 3
      vertex 104.625 31.1854 3
      vertex 106.061 26.609 3
    endloop
  endfacet
  facet normal -0 0 1
    outer loop
      vertex 104.244 30.9974 3
      vertex 106.061 26.609 3
      vertex 104.625 31.1854 3
    endloop
  endfacet
  facet normal 0 0 1
    outer loop
      vertex 106.061 26.609 3
      vertex 104.244 30.9974 3
      vertex 105.071 26.2726 3
    endloop
  endfacet
  facet normal -0 0 1
    outer loop
      vertex 103.841 30.8607 3
      vertex 105.071 26.2726 3
      vertex 104.244 30.9974 3
    endloop
  endfacet
  facet normal 0 0 1
    outer loop
      vertex 105.071 26.2726 3
      vertex 103.841 30.8607 3
      vertex 104.044 26.0684 3
    endloop
  endfacet
  facet normal -0 0 1
    outer loop
      vertex 103.424 30.7778 3
      vertex 104.044 26.0684 3
      vertex 103.841 30.8607 3
    endloop
  endfacet
  facet normal -0 0 1
    outer loop
      vertex 103 30.75 3
      vertex 104.044 26.0684 3
      vertex 103.424 30.7778 3
    endloop
  endfacet
  facet normal 0 0 1
    outer loop
      vertex 103 30.75 3
      vertex 103 26 3
      vertex 104.044 26.0684 3
    endloop
  endfacet
  facet normal 0 0 1
    outer loop
      vertex 102.576 30.7778 3
      vertex 103 26 3
      vertex 103 30.75 3
    endloop
  endfacet
  facet normal 0 0 1
    outer loop
      vertex 102.159 30.8607 3
      vertex 103 26 3
      vertex 102.576 30.7778 3
    endloop
  endfacet
  facet normal 0 0 1
    outer loop
      vertex 101.756 30.9974 3
      vertex 103 26 3
      vertex 102.159 30.8607 3
    endloop
  endfacet
  facet normal 0 0 1
    outer loop
      vertex 101.375 31.1854 3
      vertex 103 26 3
      vertex 101.756 30.9974 3
    endloop
  endfacet
  facet normal 0 0 1
    outer loop
      vertex 96 26 3
      vertex 101.375 31.1854 3
      vertex 101.022 31.4216 3
    endloop
  endfacet
  facet normal 0 0 1
    outer loop
      vertex 96 26 3
      vertex 101.022 31.4216 3
      vertex 100.702 31.7019 3
    endloop
  endfacet
  facet normal 0 0 1
    outer loop
      vertex 96 26 3
      vertex 100.702 31.7019 3
      vertex 100.422 32.0215 3
    endloop
  endfacet
  facet normal 0 0 1
    outer loop
      vertex 96 26 3
      vertex 100.422 32.0215 3
      vertex 100.185 32.375 3
    endloop
  endfacet
  facet normal 0 0 1
    outer loop
      vertex 96 26 3
      vertex 100.185 32.375 3
      vertex 99.9974 32.7563 3
    endloop
  endfacet
  facet normal 0 0 1
    outer loop
      vertex 96 26 3
      vertex 99.75 34 3
      vertex 96 42 3
    endloop
  endfacet
  facet normal 0 0 1
    outer loop
      vertex 99.75 34 3
      vertex 96 26 3
      vertex 99.7778 33.5758 3
    endloop
  endfacet
  facet normal 0 0 1
    outer loop
      vertex 99.7778 33.5758 3
      vertex 96 26 3
      vertex 99.8607 33.1588 3
    endloop
  endfacet
  facet normal 0 0 1
    outer loop
      vertex 101.375 31.1854 3
      vertex 96 26 3
      vertex 103 26 3
    endloop
  endfacet
  facet normal 0 0 1
    outer loop
      vertex 99.8607 33.1588 3
      vertex 96 26 3
      vertex 99.9974 32.7563 3
    endloop
  endfacet
  facet normal -0.658904 0.752227 0
    outer loop
      vertex 105.298 31.7019 0
      vertex 104.978 31.4216 3
      vertex 105.298 31.7019 3
    endloop
  endfacet
  facet normal -0.658904 0.752227 0
    outer loop
      vertex 104.978 31.4216 3
      vertex 105.298 31.7019 0
      vertex 104.978 31.4216 0
    endloop
  endfacet
  facet normal 0.980806 0.194985 0
    outer loop
      vertex 99.8607 33.1588 3
      vertex 99.7778 33.5758 0
      vertex 99.7778 33.5758 3
    endloop
  endfacet
  facet normal 0.980806 0.194985 0
    outer loop
      vertex 99.7778 33.5758 0
      vertex 99.8607 33.1588 3
      vertex 99.8607 33.1588 0
    endloop
  endfacet
  facet normal 0.997859 0.0653948 0
    outer loop
      vertex 99.7778 33.5758 3
      vertex 99.75 34 0
      vertex 99.75 34 3
    endloop
  endfacet
  facet normal 0.997859 0.0653948 0
    outer loop
      vertex 99.75 34 0
      vertex 99.7778 33.5758 3
      vertex 99.7778 33.5758 0
    endloop
  endfacet
  facet normal 0.94688 0.321586 0
    outer loop
      vertex 99.9974 32.7563 3
      vertex 99.8607 33.1588 0
      vertex 99.8607 33.1588 3
    endloop
  endfacet
  facet normal 0.94688 0.321586 0
    outer loop
      vertex 99.8607 33.1588 0
      vertex 99.9974 32.7563 3
      vertex 99.9974 32.7563 0
    endloop
  endfacet
  facet normal -0.752168 0.658971 0
    outer loop
      vertex 105.298 31.7019 0
      vertex 105.578 32.0215 3
      vertex 105.578 32.0215 0
    endloop
  endfacet
  facet normal -0.752168 0.658971 0
    outer loop
      vertex 105.578 32.0215 3
      vertex 105.298 31.7019 0
      vertex 105.298 31.7019 3
    endloop
  endfacet
  facet normal 0.321229 0.947002 -0
    outer loop
      vertex 102.159 30.8607 0
      vertex 101.756 30.9974 3
      vertex 102.159 30.8607 3
    endloop
  endfacet
  facet normal 0.321229 0.947002 0
    outer loop
      vertex 101.756 30.9974 3
      vertex 102.159 30.8607 0
      vertex 101.756 30.9974 0
    endloop
  endfacet
  facet normal -0.321229 0.947002 0
    outer loop
      vertex 104.244 30.9974 0
      vertex 103.841 30.8607 3
      vertex 104.244 30.9974 3
    endloop
  endfacet
  facet normal -0.321229 0.947002 0
    outer loop
      vertex 103.841 30.8607 3
      vertex 104.244 30.9974 0
      vertex 103.841 30.8607 0
    endloop
  endfacet
  facet normal 0.89728 0.441463 0
    outer loop
      vertex 100.185 32.375 3
      vertex 99.9974 32.7563 0
      vertex 99.9974 32.7563 3
    endloop
  endfacet
  facet normal 0.89728 0.441463 0
    outer loop
      vertex 99.9974 32.7563 0
      vertex 100.185 32.375 3
      vertex 100.185 32.375 0
    endloop
  endfacet
  facet normal 0.830602 0.556867 0
    outer loop
      vertex 100.422 32.0215 3
      vertex 100.185 32.375 0
      vertex 100.185 32.375 3
    endloop
  endfacet
  facet normal 0.830602 0.556867 0
    outer loop
      vertex 100.185 32.375 0
      vertex 100.422 32.0215 3
      vertex 100.422 32.0215 0
    endloop
  endfacet
  facet normal 0.94688 -0.321586 0
    outer loop
      vertex 99.8607 34.8412 3
      vertex 99.9974 35.2437 0
      vertex 99.9974 35.2437 3
    endloop
  endfacet
  facet normal 0.94688 -0.321586 0
    outer loop
      vertex 99.9974 35.2437 0
      vertex 99.8607 34.8412 3
      vertex 99.8607 34.8412 0
    endloop
  endfacet
  facet normal 0.658904 -0.752227 0
    outer loop
      vertex 100.702 36.2981 0
      vertex 101.022 36.5784 3
      vertex 100.702 36.2981 3
    endloop
  endfacet
  facet normal 0.658904 -0.752227 0
    outer loop
      vertex 101.022 36.5784 3
      vertex 100.702 36.2981 0
      vertex 101.022 36.5784 0
    endloop
  endfacet
  facet normal -0.0654256 0.997857 0
    outer loop
      vertex 103.424 30.7778 0
      vertex 103 30.75 3
      vertex 103.424 30.7778 3
    endloop
  endfacet
  facet normal -0.0654256 0.997857 0
    outer loop
      vertex 103 30.75 3
      vertex 103.424 30.7778 0
      vertex 103 30.75 0
    endloop
  endfacet
  facet normal -0.194985 -0.980806 0
    outer loop
      vertex 103.424 37.2222 0
      vertex 103.841 37.1393 3
      vertex 103.424 37.2222 3
    endloop
  endfacet
  facet normal -0.194985 -0.980806 -0
    outer loop
      vertex 103.841 37.1393 3
      vertex 103.424 37.2222 0
      vertex 103.841 37.1393 0
    endloop
  endfacet
  facet normal 0.0654256 0.997857 -0
    outer loop
      vertex 103 30.75 0
      vertex 102.576 30.7778 3
      vertex 103 30.75 3
    endloop
  endfacet
  facet normal 0.0654256 0.997857 0
    outer loop
      vertex 102.576 30.7778 3
      vertex 103 30.75 0
      vertex 102.576 30.7778 0
    endloop
  endfacet
  facet normal 0.752168 0.658971 0
    outer loop
      vertex 100.702 31.7019 3
      vertex 100.422 32.0215 0
      vertex 100.422 32.0215 3
    endloop
  endfacet
  facet normal 0.752168 0.658971 0
    outer loop
      vertex 100.422 32.0215 0
      vertex 100.702 31.7019 3
      vertex 100.702 31.7019 0
    endloop
  endfacet
  facet normal -0.997829 0.0658633 0
    outer loop
      vertex 106.222 33.5758 0
      vertex 106.25 34 3
      vertex 106.25 34 0
    endloop
  endfacet
  facet normal -0.997829 0.0658633 0
    outer loop
      vertex 106.25 34 3
      vertex 106.222 33.5758 0
      vertex 106.222 33.5758 3
    endloop
  endfacet
  facet normal -0.980761 0.195211 0
    outer loop
      vertex 106.139 33.1588 0
      vertex 106.222 33.5758 3
      vertex 106.222 33.5758 0
    endloop
  endfacet
  facet normal -0.980761 0.195211 0
    outer loop
      vertex 106.222 33.5758 3
      vertex 106.139 33.1588 0
      vertex 106.139 33.1588 3
    endloop
  endfacet
  facet normal -0.896907 -0.44222 0
    outer loop
      vertex 106.003 35.2437 0
      vertex 105.815 35.625 3
      vertex 105.815 35.625 0
    endloop
  endfacet
  facet normal -0.896907 -0.44222 0
    outer loop
      vertex 105.815 35.625 3
      vertex 106.003 35.2437 0
      vertex 106.003 35.2437 3
    endloop
  endfacet
  facet normal -0.947381 0.320109 0
    outer loop
      vertex 106.003 32.7563 0
      vertex 106.139 33.1588 3
      vertex 106.139 33.1588 0
    endloop
  endfacet
  facet normal -0.947381 0.320109 0
    outer loop
      vertex 106.139 33.1588 3
      vertex 106.003 32.7563 0
      vertex 106.003 32.7563 3
    endloop
  endfacet
  facet normal -0.194985 0.980806 0
    outer loop
      vertex 103.841 30.8607 0
      vertex 103.424 30.7778 3
      vertex 103.841 30.8607 3
    endloop
  endfacet
  facet normal -0.194985 0.980806 0
    outer loop
      vertex 103.424 30.7778 3
      vertex 103.841 30.8607 0
      vertex 103.424 30.7778 0
    endloop
  endfacet
  facet normal 0.4425 -0.896769 0
    outer loop
      vertex 101.375 36.8146 0
      vertex 101.756 37.0026 3
      vertex 101.375 36.8146 3
    endloop
  endfacet
  facet normal 0.4425 -0.896769 0
    outer loop
      vertex 101.756 37.0026 3
      vertex 101.375 36.8146 0
      vertex 101.756 37.0026 0
    endloop
  endfacet
  facet normal 0.658904 0.752227 -0
    outer loop
      vertex 101.022 31.4216 0
      vertex 100.702 31.7019 3
      vertex 101.022 31.4216 3
    endloop
  endfacet
  facet normal 0.658904 0.752227 0
    outer loop
      vertex 100.702 31.7019 3
      vertex 101.022 31.4216 0
      vertex 100.702 31.7019 0
    endloop
  endfacet
  facet normal 0.321229 -0.947002 0
    outer loop
      vertex 101.756 37.0026 0
      vertex 102.159 37.1393 3
      vertex 101.756 37.0026 3
    endloop
  endfacet
  facet normal 0.321229 -0.947002 0
    outer loop
      vertex 102.159 37.1393 3
      vertex 101.756 37.0026 0
      vertex 102.159 37.1393 0
    endloop
  endfacet
  facet normal 0.830602 -0.556867 0
    outer loop
      vertex 100.185 35.625 3
      vertex 100.422 35.9785 0
      vertex 100.422 35.9785 3
    endloop
  endfacet
  facet normal 0.830602 -0.556867 0
    outer loop
      vertex 100.422 35.9785 0
      vertex 100.185 35.625 3
      vertex 100.185 35.625 0
    endloop
  endfacet
  facet normal -0.896907 0.44222 0
    outer loop
      vertex 105.815 32.375 0
      vertex 106.003 32.7563 3
      vertex 106.003 32.7563 0
    endloop
  endfacet
  facet normal -0.896907 0.44222 0
    outer loop
      vertex 106.003 32.7563 3
      vertex 105.815 32.375 0
      vertex 105.815 32.375 3
    endloop
  endfacet
  facet normal -0.556112 0.831107 0
    outer loop
      vertex 104.978 31.4216 0
      vertex 104.625 31.1854 3
      vertex 104.978 31.4216 3
    endloop
  endfacet
  facet normal -0.556112 0.831107 0
    outer loop
      vertex 104.625 31.1854 3
      vertex 104.978 31.4216 0
      vertex 104.625 31.1854 0
    endloop
  endfacet
  facet normal -0.980761 -0.195211 0
    outer loop
      vertex 106.222 34.4242 0
      vertex 106.139 34.8412 3
      vertex 106.139 34.8412 0
    endloop
  endfacet
  facet normal -0.980761 -0.195211 0
    outer loop
      vertex 106.139 34.8412 3
      vertex 106.222 34.4242 0
      vertex 106.222 34.4242 3
    endloop
  endfacet
  facet normal 0.556112 0.831107 -0
    outer loop
      vertex 101.375 31.1854 0
      vertex 101.022 31.4216 3
      vertex 101.375 31.1854 3
    endloop
  endfacet
  facet normal 0.556112 0.831107 0
    outer loop
      vertex 101.022 31.4216 3
      vertex 101.375 31.1854 0
      vertex 101.022 31.4216 0
    endloop
  endfacet
  facet normal -0.997829 -0.0658633 0
    outer loop
      vertex 106.25 34 0
      vertex 106.222 34.4242 3
      vertex 106.222 34.4242 0
    endloop
  endfacet
  facet normal -0.997829 -0.0658633 0
    outer loop
      vertex 106.222 34.4242 3
      vertex 106.25 34 0
      vertex 106.25 34 3
    endloop
  endfacet
  facet normal -0.947381 -0.320109 0
    outer loop
      vertex 106.139 34.8412 0
      vertex 106.003 35.2437 3
      vertex 106.003 35.2437 0
    endloop
  endfacet
  facet normal -0.947381 -0.320109 0
    outer loop
      vertex 106.003 35.2437 3
      vertex 106.139 34.8412 0
      vertex 106.139 34.8412 3
    endloop
  endfacet
  facet normal -0.830602 0.556867 0
    outer loop
      vertex 105.578 32.0215 0
      vertex 105.815 32.375 3
      vertex 105.815 32.375 0
    endloop
  endfacet
  facet normal -0.830602 0.556867 0
    outer loop
      vertex 105.815 32.375 3
      vertex 105.578 32.0215 0
      vertex 105.578 32.0215 3
    endloop
  endfacet
  facet normal -0.4425 0.896769 0
    outer loop
      vertex 104.625 31.1854 0
      vertex 104.244 30.9974 3
      vertex 104.625 31.1854 3
    endloop
  endfacet
  facet normal -0.4425 0.896769 0
    outer loop
      vertex 104.244 30.9974 3
      vertex 104.625 31.1854 0
      vertex 104.244 30.9974 0
    endloop
  endfacet
  facet normal 0.194985 -0.980806 0
    outer loop
      vertex 102.159 37.1393 0
      vertex 102.576 37.2222 3
      vertex 102.159 37.1393 3
    endloop
  endfacet
  facet normal 0.194985 -0.980806 0
    outer loop
      vertex 102.576 37.2222 3
      vertex 102.159 37.1393 0
      vertex 102.576 37.2222 0
    endloop
  endfacet
  facet normal 0.752168 -0.658971 0
    outer loop
      vertex 100.422 35.9785 3
      vertex 100.702 36.2981 0
      vertex 100.702 36.2981 3
    endloop
  endfacet
  facet normal 0.752168 -0.658971 0
    outer loop
      vertex 100.702 36.2981 0
      vertex 100.422 35.9785 3
      vertex 100.422 35.9785 0
    endloop
  endfacet
  facet normal -0.830602 -0.556867 0
    outer loop
      vertex 105.815 35.625 0
      vertex 105.578 35.9785 3
      vertex 105.578 35.9785 0
    endloop
  endfacet
  facet normal -0.830602 -0.556867 0
    outer loop
      vertex 105.578 35.9785 3
      vertex 105.815 35.625 0
      vertex 105.815 35.625 3
    endloop
  endfacet
  facet normal -0.4425 -0.896769 0
    outer loop
      vertex 104.244 37.0026 0
      vertex 104.625 36.8146 3
      vertex 104.244 37.0026 3
    endloop
  endfacet
  facet normal -0.4425 -0.896769 -0
    outer loop
      vertex 104.625 36.8146 3
      vertex 104.244 37.0026 0
      vertex 104.625 36.8146 0
    endloop
  endfacet
  facet normal 0.980806 -0.194985 0
    outer loop
      vertex 99.7778 34.4242 3
      vertex 99.8607 34.8412 0
      vertex 99.8607 34.8412 3
    endloop
  endfacet
  facet normal 0.980806 -0.194985 0
    outer loop
      vertex 99.8607 34.8412 0
      vertex 99.7778 34.4242 3
      vertex 99.7778 34.4242 0
    endloop
  endfacet
  facet normal -0.658904 -0.752227 0
    outer loop
      vertex 104.978 36.5784 0
      vertex 105.298 36.2981 3
      vertex 104.978 36.5784 3
    endloop
  endfacet
  facet normal -0.658904 -0.752227 -0
    outer loop
      vertex 105.298 36.2981 3
      vertex 104.978 36.5784 0
      vertex 105.298 36.2981 0
    endloop
  endfacet
  facet normal 0.89728 -0.441463 0
    outer loop
      vertex 99.9974 35.2437 3
      vertex 100.185 35.625 0
      vertex 100.185 35.625 3
    endloop
  endfacet
  facet normal 0.89728 -0.441463 0
    outer loop
      vertex 100.185 35.625 0
      vertex 99.9974 35.2437 3
      vertex 99.9974 35.2437 0
    endloop
  endfacet
  facet normal 0.556112 -0.831107 0
    outer loop
      vertex 101.022 36.5784 0
      vertex 101.375 36.8146 3
      vertex 101.022 36.5784 3
    endloop
  endfacet
  facet normal 0.556112 -0.831107 0
    outer loop
      vertex 101.375 36.8146 3
      vertex 101.022 36.5784 0
      vertex 101.375 36.8146 0
    endloop
  endfacet
  facet normal 0.4425 0.896769 -0
    outer loop
      vertex 101.756 30.9974 0
      vertex 101.375 31.1854 3
      vertex 101.756 30.9974 3
    endloop
  endfacet
  facet normal 0.4425 0.896769 0
    outer loop
      vertex 101.375 31.1854 3
      vertex 101.756 30.9974 0
      vertex 101.375 31.1854 0
    endloop
  endfacet
  facet normal -0.752168 -0.658971 0
    outer loop
      vertex 105.578 35.9785 0
      vertex 105.298 36.2981 3
      vertex 105.298 36.2981 0
    endloop
  endfacet
  facet normal -0.752168 -0.658971 0
    outer loop
      vertex 105.298 36.2981 3
      vertex 105.578 35.9785 0
      vertex 105.578 35.9785 3
    endloop
  endfacet
  facet normal 0.997859 -0.0653948 0
    outer loop
      vertex 99.75 34 3
      vertex 99.7778 34.4242 0
      vertex 99.7778 34.4242 3
    endloop
  endfacet
  facet normal 0.997859 -0.0653948 0
    outer loop
      vertex 99.7778 34.4242 0
      vertex 99.75 34 3
      vertex 99.75 34 0
    endloop
  endfacet
  facet normal 0.0654256 -0.997857 0
    outer loop
      vertex 102.576 37.2222 0
      vertex 103 37.25 3
      vertex 102.576 37.2222 3
    endloop
  endfacet
  facet normal 0.0654256 -0.997857 0
    outer loop
      vertex 103 37.25 3
      vertex 102.576 37.2222 0
      vertex 103 37.25 0
    endloop
  endfacet
  facet normal -0.0654256 -0.997857 0
    outer loop
      vertex 103 37.25 0
      vertex 103.424 37.2222 3
      vertex 103 37.25 3
    endloop
  endfacet
  facet normal -0.0654256 -0.997857 -0
    outer loop
      vertex 103.424 37.2222 3
      vertex 103 37.25 0
      vertex 103.424 37.2222 0
    endloop
  endfacet
  facet normal -0.321229 -0.947002 0
    outer loop
      vertex 103.841 37.1393 0
      vertex 104.244 37.0026 3
      vertex 103.841 37.1393 3
    endloop
  endfacet
  facet normal -0.321229 -0.947002 -0
    outer loop
      vertex 104.244 37.0026 3
      vertex 103.841 37.1393 0
      vertex 104.244 37.0026 0
    endloop
  endfacet
  facet normal 0.194985 0.980806 -0
    outer loop
      vertex 102.576 30.7778 0
      vertex 102.159 30.8607 3
      vertex 102.576 30.7778 3
    endloop
  endfacet
  facet normal 0.194985 0.980806 0
    outer loop
      vertex 102.159 30.8607 3
      vertex 102.576 30.7778 0
      vertex 102.159 30.8607 0
    endloop
  endfacet
  facet normal -0.556112 -0.831107 0
    outer loop
      vertex 104.625 36.8146 0
      vertex 104.978 36.5784 3
      vertex 104.625 36.8146 3
    endloop
  endfacet
  facet normal -0.556112 -0.831107 -0
    outer loop
      vertex 104.978 36.5784 3
      vertex 104.625 36.8146 0
      vertex 104.978 36.5784 0
    endloop
  endfacet
  facet normal 0.980797 0.195031 0
    outer loop
      vertex 12.4615 8.58737 33
      vertex 12.3467 9.16469 3
      vertex 12.3467 9.16469 33
    endloop
  endfacet
  facet normal 0.980797 0.195031 0
    outer loop
      vertex 12.3467 9.16469 3
      vertex 12.4615 8.58737 33
      vertex 12.4615 8.58737 3
    endloop
  endfacet
  facet normal 0.997859 0.0654061 0
    outer loop
      vertex 12.5 8 33
      vertex 12.4615 8.58737 3
      vertex 12.4615 8.58737 33
    endloop
  endfacet
  facet normal 0.997859 0.0654061 0
    outer loop
      vertex 12.4615 8.58737 3
      vertex 12.5 8 33
      vertex 12.5 8 3
    endloop
  endfacet
  facet normal 0.980797 -0.195031 0
    outer loop
      vertex 12.3467 6.83531 33
      vertex 12.4615 7.41263 3
      vertex 12.4615 7.41263 33
    endloop
  endfacet
  facet normal 0.980797 -0.195031 0
    outer loop
      vertex 12.4615 7.41263 3
      vertex 12.3467 6.83531 33
      vertex 12.3467 6.83531 3
    endloop
  endfacet
  facet normal 0 0 1
    outer loop
      vertex 10.1 8 33
      vertex 12.5 8 33
      vertex 12.4615 8.58737 33
    endloop
  endfacet
  facet normal 0 0 1
    outer loop
      vertex 10.082 8.2741 33
      vertex 12.4615 8.58737 33
      vertex 12.3467 9.16469 33
    endloop
  endfacet
  facet normal 0 0 1
    outer loop
      vertex 12.5 8 33
      vertex 10.1 8 33
      vertex 12.4615 7.41263 33
    endloop
  endfacet
  facet normal 0 0 1
    outer loop
      vertex 10.0284 8.54352 33
      vertex 12.3467 9.16469 33
      vertex 12.1575 9.72207 33
    endloop
  endfacet
  facet normal -0 0 1
    outer loop
      vertex 10.082 7.7259 33
      vertex 12.4615 7.41263 33
      vertex 10.1 8 33
    endloop
  endfacet
  facet normal 0 0 1
    outer loop
      vertex 9.94015 8.80363 33
      vertex 12.1575 9.72207 33
      vertex 11.8971 10.25 33
    endloop
  endfacet
  facet normal 0 0 1
    outer loop
      vertex 12.4615 7.41263 33
      vertex 10.082 7.7259 33
      vertex 12.3467 6.83531 33
    endloop
  endfacet
  facet normal 0 0 1
    outer loop
      vertex 9.81865 9.05 33
      vertex 11.8971 10.25 33
      vertex 11.5701 10.7394 33
    endloop
  endfacet
  facet normal -0 0 1
    outer loop
      vertex 10.0284 7.45648 33
      vertex 12.3467 6.83531 33
      vertex 10.082 7.7259 33
    endloop
  endfacet
  facet normal 0 0 1
    outer loop
      vertex 9.66604 9.2784 33
      vertex 11.5701 10.7394 33
      vertex 11.182 11.182 33
    endloop
  endfacet
  facet normal 0 0 1
    outer loop
      vertex 12.3467 6.83531 33
      vertex 10.0284 7.45648 33
      vertex 12.1575 6.27793 33
    endloop
  endfacet
  facet normal 0 0 1
    outer loop
      vertex 9.48492 9.48492 33
      vertex 11.182 11.182 33
      vertex 10.7394 11.5701 33
    endloop
  endfacet
  facet normal -0 0 1
    outer loop
      vertex 9.94015 7.19637 33
      vertex 12.1575 6.27793 33
      vertex 10.0284 7.45648 33
    endloop
  endfacet
  facet normal 0 0 1
    outer loop
      vertex 9.2784 9.66604 33
      vertex 10.7394 11.5701 33
      vertex 10.25 11.8971 33
    endloop
  endfacet
  facet normal 0 0 1
    outer loop
      vertex 12.1575 6.27793 33
      vertex 9.94015 7.19637 33
      vertex 11.8971 5.75 33
    endloop
  endfacet
  facet normal -0 0 1
    outer loop
      vertex 9.81865 6.95 33
      vertex 11.8971 5.75 33
      vertex 9.94015 7.19637 33
    endloop
  endfacet
  facet normal 0 0 1
    outer loop
      vertex 12.4615 8.58737 33
      vertex 10.082 8.2741 33
      vertex 10.1 8 33
    endloop
  endfacet
  facet normal 0 0 1
    outer loop
      vertex 12.3467 9.16469 33
      vertex 10.0284 8.54352 33
      vertex 10.082 8.2741 33
    endloop
  endfacet
  facet normal 0 0 1
    outer loop
      vertex 12.1575 9.72207 33
      vertex 9.94015 8.80363 33
      vertex 10.0284 8.54352 33
    endloop
  endfacet
  facet normal 0 0 1
    outer loop
      vertex 11.8971 10.25 33
      vertex 9.81865 9.05 33
      vertex 9.94015 8.80363 33
    endloop
  endfacet
  facet normal 0 0 1
    outer loop
      vertex 9.05 9.81865 33
      vertex 10.25 11.8971 33
      vertex 9.72207 12.1575 33
    endloop
  endfacet
  facet normal 0 0 1
    outer loop
      vertex 11.5701 10.7394 33
      vertex 9.66604 9.2784 33
      vertex 9.81865 9.05 33
    endloop
  endfacet
  facet normal 0 0 1
    outer loop
      vertex 11.182 11.182 33
      vertex 9.48492 9.48492 33
      vertex 9.66604 9.2784 33
    endloop
  endfacet
  facet normal 0 0 1
    outer loop
      vertex 10.7394 11.5701 33
      vertex 9.2784 9.66604 33
      vertex 9.48492 9.48492 33
    endloop
  endfacet
  facet normal 0 0 1
    outer loop
      vertex 8.80363 9.94015 33
      vertex 9.72207 12.1575 33
      vertex 9.16469 12.3467 33
    endloop
  endfacet
  facet normal 0 0 1
    outer loop
      vertex 10.25 11.8971 33
      vertex 9.05 9.81865 33
      vertex 9.2784 9.66604 33
    endloop
  endfacet
  facet normal 0 0 1
    outer loop
      vertex 9.72207 12.1575 33
      vertex 8.80363 9.94015 33
      vertex 9.05 9.81865 33
    endloop
  endfacet
  facet normal 0 0 1
    outer loop
      vertex 8.54352 10.0284 33
      vertex 9.16469 12.3467 33
      vertex 8.58737 12.4615 33
    endloop
  endfacet
  facet normal 0 0 1
    outer loop
      vertex 9.16469 12.3467 33
      vertex 8.54352 10.0284 33
      vertex 8.80363 9.94015 33
    endloop
  endfacet
  facet normal 0 0 1
    outer loop
      vertex 8.58737 12.4615 33
      vertex 8.2741 10.082 33
      vertex 8.54352 10.0284 33
    endloop
  endfacet
  facet normal 0 0 1
    outer loop
      vertex 8 12.5 33
      vertex 8.2741 10.082 33
      vertex 8.58737 12.4615 33
    endloop
  endfacet
  facet normal 0 0 1
    outer loop
      vertex 8 12.5 33
      vertex 8 10.1 33
      vertex 8.2741 10.082 33
    endloop
  endfacet
  facet normal 0 0 1
    outer loop
      vertex 8 12.5 33
      vertex 7.7259 10.082 33
      vertex 8 10.1 33
    endloop
  endfacet
  facet normal -0 0 1
    outer loop
      vertex 7.41263 12.4615 33
      vertex 7.7259 10.082 33
      vertex 8 12.5 33
    endloop
  endfacet
  facet normal 0 0 1
    outer loop
      vertex 7.7259 10.082 33
      vertex 7.41263 12.4615 33
      vertex 7.45648 10.0284 33
    endloop
  endfacet
  facet normal -0 0 1
    outer loop
      vertex 6.83531 12.3467 33
      vertex 7.45648 10.0284 33
      vertex 7.41263 12.4615 33
    endloop
  endfacet
  facet normal 0 0 1
    outer loop
      vertex 7.45648 10.0284 33
      vertex 6.83531 12.3467 33
      vertex 7.19637 9.94015 33
    endloop
  endfacet
  facet normal -0 0 1
    outer loop
      vertex 6.27793 12.1575 33
      vertex 7.19637 9.94015 33
      vertex 6.83531 12.3467 33
    endloop
  endfacet
  facet normal 0 0 1
    outer loop
      vertex 7.19637 9.94015 33
      vertex 6.27793 12.1575 33
      vertex 6.95 9.81865 33
    endloop
  endfacet
  facet normal -0 0 1
    outer loop
      vertex 5.75 11.8971 33
      vertex 6.95 9.81865 33
      vertex 6.27793 12.1575 33
    endloop
  endfacet
  facet normal 0 0 1
    outer loop
      vertex 6.95 9.81865 33
      vertex 5.75 11.8971 33
      vertex 6.7216 9.66604 33
    endloop
  endfacet
  facet normal -0 0 1
    outer loop
      vertex 5.26057 11.5701 33
      vertex 6.7216 9.66604 33
      vertex 5.75 11.8971 33
    endloop
  endfacet
  facet normal 0 0 1
    outer loop
      vertex 6.7216 9.66604 33
      vertex 5.26057 11.5701 33
      vertex 6.51508 9.48492 33
    endloop
  endfacet
  facet normal -0 0 1
    outer loop
      vertex 4.81802 11.182 33
      vertex 6.51508 9.48492 33
      vertex 5.26057 11.5701 33
    endloop
  endfacet
  facet normal 0 0 1
    outer loop
      vertex 6.51508 9.48492 33
      vertex 4.81802 11.182 33
      vertex 6.33396 9.2784 33
    endloop
  endfacet
  facet normal -0 0 1
    outer loop
      vertex 4.42991 10.7394 33
      vertex 6.33396 9.2784 33
      vertex 4.81802 11.182 33
    endloop
  endfacet
  facet normal -0 0 1
    outer loop
      vertex 4.10289 10.25 33
      vertex 6.18135 9.05 33
      vertex 4.42991 10.7394 33
    endloop
  endfacet
  facet normal 0 0 1
    outer loop
      vertex 6.33396 9.2784 33
      vertex 4.42991 10.7394 33
      vertex 6.18135 9.05 33
    endloop
  endfacet
  facet normal 0 0 1
    outer loop
      vertex 11.8971 5.75 33
      vertex 9.81865 6.95 33
      vertex 11.5701 5.26057 33
    endloop
  endfacet
  facet normal -0 0 1
    outer loop
      vertex 9.66604 6.7216 33
      vertex 11.5701 5.26057 33
      vertex 9.81865 6.95 33
    endloop
  endfacet
  facet normal 0 0 1
    outer loop
      vertex 11.5701 5.26057 33
      vertex 9.66604 6.7216 33
      vertex 11.182 4.81802 33
    endloop
  endfacet
  facet normal -0 0 1
    outer loop
      vertex 9.48492 6.51508 33
      vertex 11.182 4.81802 33
      vertex 9.66604 6.7216 33
    endloop
  endfacet
  facet normal 0 0 1
    outer loop
      vertex 11.182 4.81802 33
      vertex 9.48492 6.51508 33
      vertex 10.7394 4.42991 33
    endloop
  endfacet
  facet normal -0 0 1
    outer loop
      vertex 9.2784 6.33396 33
      vertex 10.7394 4.42991 33
      vertex 9.48492 6.51508 33
    endloop
  endfacet
  facet normal 0 0 1
    outer loop
      vertex 10.7394 4.42991 33
      vertex 9.2784 6.33396 33
      vertex 10.25 4.10289 33
    endloop
  endfacet
  facet normal -0 0 1
    outer loop
      vertex 9.05 6.18135 33
      vertex 10.25 4.10289 33
      vertex 9.2784 6.33396 33
    endloop
  endfacet
  facet normal 0 0 1
    outer loop
      vertex 10.25 4.10289 33
      vertex 9.05 6.18135 33
      vertex 9.72207 3.84254 33
    endloop
  endfacet
  facet normal -0 0 1
    outer loop
      vertex 8.80363 6.05985 33
      vertex 9.72207 3.84254 33
      vertex 9.05 6.18135 33
    endloop
  endfacet
  facet normal 0 0 1
    outer loop
      vertex 9.72207 3.84254 33
      vertex 8.80363 6.05985 33
      vertex 9.16469 3.65333 33
    endloop
  endfacet
  facet normal -0 0 1
    outer loop
      vertex 8.54352 5.97156 33
      vertex 9.16469 3.65333 33
      vertex 8.80363 6.05985 33
    endloop
  endfacet
  facet normal 0 0 1
    outer loop
      vertex 9.16469 3.65333 33
      vertex 8.54352 5.97156 33
      vertex 8.58737 3.5385 33
    endloop
  endfacet
  facet normal -0 0 1
    outer loop
      vertex 8.2741 5.91797 33
      vertex 8.58737 3.5385 33
      vertex 8.54352 5.97156 33
    endloop
  endfacet
  facet normal -0 0 1
    outer loop
      vertex 8 5.9 33
      vertex 8.58737 3.5385 33
      vertex 8.2741 5.91797 33
    endloop
  endfacet
  facet normal 0 0 1
    outer loop
      vertex 8 5.9 33
      vertex 8 3.5 33
      vertex 8.58737 3.5385 33
    endloop
  endfacet
  facet normal 0 0 1
    outer loop
      vertex 7.7259 5.91797 33
      vertex 8 3.5 33
      vertex 8 5.9 33
    endloop
  endfacet
  facet normal 0 0 1
    outer loop
      vertex 7.41263 3.5385 33
      vertex 7.7259 5.91797 33
      vertex 7.45648 5.97156 33
    endloop
  endfacet
  facet normal 0 0 1
    outer loop
      vertex 7.7259 5.91797 33
      vertex 7.41263 3.5385 33
      vertex 8 3.5 33
    endloop
  endfacet
  facet normal 0 0 1
    outer loop
      vertex 6.83531 3.65333 33
      vertex 7.45648 5.97156 33
      vertex 7.19637 6.05985 33
    endloop
  endfacet
  facet normal 0 0 1
    outer loop
      vertex 6.27793 3.84254 33
      vertex 7.19637 6.05985 33
      vertex 6.95 6.18135 33
    endloop
  endfacet
  facet normal 0 0 1
    outer loop
      vertex 7.45648 5.97156 33
      vertex 6.83531 3.65333 33
      vertex 7.41263 3.5385 33
    endloop
  endfacet
  facet normal 0 0 1
    outer loop
      vertex 5.75 4.10289 33
      vertex 6.95 6.18135 33
      vertex 6.7216 6.33396 33
    endloop
  endfacet
  facet normal 0 0 1
    outer loop
      vertex 5.26057 4.42991 33
      vertex 6.7216 6.33396 33
      vertex 6.51508 6.51508 33
    endloop
  endfacet
  facet normal 0 0 1
    outer loop
      vertex 4.81802 4.81802 33
      vertex 6.51508 6.51508 33
      vertex 6.33396 6.7216 33
    endloop
  endfacet
  facet normal 0 0 1
    outer loop
      vertex 7.19637 6.05985 33
      vertex 6.27793 3.84254 33
      vertex 6.83531 3.65333 33
    endloop
  endfacet
  facet normal 0 0 1
    outer loop
      vertex 4.42991 5.26057 33
      vertex 6.33396 6.7216 33
      vertex 6.18135 6.95 33
    endloop
  endfacet
  facet normal 0 0 1
    outer loop
      vertex 4.10289 5.75 33
      vertex 6.18135 6.95 33
      vertex 6.05985 7.19637 33
    endloop
  endfacet
  facet normal 0 0 1
    outer loop
      vertex 3.84254 6.27793 33
      vertex 6.05985 7.19637 33
      vertex 5.97156 7.45648 33
    endloop
  endfacet
  facet normal 0 0 1
    outer loop
      vertex 3.65333 6.83531 33
      vertex 5.97156 7.45648 33
      vertex 5.91797 7.7259 33
    endloop
  endfacet
  facet normal 0 0 1
    outer loop
      vertex 6.95 6.18135 33
      vertex 5.75 4.10289 33
      vertex 6.27793 3.84254 33
    endloop
  endfacet
  facet normal 0 0 1
    outer loop
      vertex 3.5385 7.41263 33
      vertex 5.91797 7.7259 33
      vertex 5.9 8 33
    endloop
  endfacet
  facet normal 0 0 1
    outer loop
      vertex 6.18135 9.05 33
      vertex 4.10289 10.25 33
      vertex 6.05985 8.80363 33
    endloop
  endfacet
  facet normal -0 0 1
    outer loop
      vertex 3.84254 9.72207 33
      vertex 6.05985 8.80363 33
      vertex 4.10289 10.25 33
    endloop
  endfacet
  facet normal 0 0 1
    outer loop
      vertex 6.7216 6.33396 33
      vertex 5.26057 4.42991 33
      vertex 5.75 4.10289 33
    endloop
  endfacet
  facet normal 0 0 1
    outer loop
      vertex 6.05985 8.80363 33
      vertex 3.84254 9.72207 33
      vertex 5.97156 8.54352 33
    endloop
  endfacet
  facet normal 0 0 1
    outer loop
      vertex 6.51508 6.51508 33
      vertex 4.81802 4.81802 33
      vertex 5.26057 4.42991 33
    endloop
  endfacet
  facet normal -0 0 1
    outer loop
      vertex 3.65333 9.16469 33
      vertex 5.97156 8.54352 33
      vertex 3.84254 9.72207 33
    endloop
  endfacet
  facet normal 0 0 1
    outer loop
      vertex 6.33396 6.7216 33
      vertex 4.42991 5.26057 33
      vertex 4.81802 4.81802 33
    endloop
  endfacet
  facet normal 0 0 1
    outer loop
      vertex 5.97156 8.54352 33
      vertex 3.65333 9.16469 33
      vertex 5.91797 8.2741 33
    endloop
  endfacet
  facet normal 0 0 1
    outer loop
      vertex 6.18135 6.95 33
      vertex 4.10289 5.75 33
      vertex 4.42991 5.26057 33
    endloop
  endfacet
  facet normal -0 0 1
    outer loop
      vertex 3.5385 8.58737 33
      vertex 5.91797 8.2741 33
      vertex 3.65333 9.16469 33
    endloop
  endfacet
  facet normal 0 0 1
    outer loop
      vertex 6.05985 7.19637 33
      vertex 3.84254 6.27793 33
      vertex 4.10289 5.75 33
    endloop
  endfacet
  facet normal 0 0 1
    outer loop
      vertex 5.91797 8.2741 33
      vertex 3.5385 8.58737 33
      vertex 5.9 8 33
    endloop
  endfacet
  facet normal 0 0 1
    outer loop
      vertex 5.97156 7.45648 33
      vertex 3.65333 6.83531 33
      vertex 3.84254 6.27793 33
    endloop
  endfacet
  facet normal 0 0 1
    outer loop
      vertex 3.5 8 33
      vertex 5.9 8 33
      vertex 3.5385 8.58737 33
    endloop
  endfacet
  facet normal 0 0 1
    outer loop
      vertex 5.91797 7.7259 33
      vertex 3.5385 7.41263 33
      vertex 3.65333 6.83531 33
    endloop
  endfacet
  facet normal 0 0 1
    outer loop
      vertex 5.9 8 33
      vertex 3.5 8 33
      vertex 3.5385 7.41263 33
    endloop
  endfacet
  facet normal 0.831475 0.555562 0
    outer loop
      vertex 11.8971 10.25 33
      vertex 11.5701 10.7394 3
      vertex 11.5701 10.7394 33
    endloop
  endfacet
  facet normal 0.831475 0.555562 0
    outer loop
      vertex 11.5701 10.7394 3
      vertex 11.8971 10.25 33
      vertex 11.8971 10.25 3
    endloop
  endfacet
  facet normal 0.555562 0.831475 -0
    outer loop
      vertex 10.7394 11.5701 3
      vertex 10.25 11.8971 33
      vertex 10.7394 11.5701 33
    endloop
  endfacet
  facet normal 0.555562 0.831475 0
    outer loop
      vertex 10.25 11.8971 33
      vertex 10.7394 11.5701 3
      vertex 10.25 11.8971 3
    endloop
  endfacet
  facet normal 0.896837 -0.442362 0
    outer loop
      vertex 11.8971 5.75 33
      vertex 12.1575 6.27793 3
      vertex 12.1575 6.27793 33
    endloop
  endfacet
  facet normal 0.896837 -0.442362 0
    outer loop
      vertex 12.1575 6.27793 3
      vertex 11.8971 5.75 33
      vertex 11.8971 5.75 3
    endloop
  endfacet
  facet normal 0.997859 -0.0654061 0
    outer loop
      vertex 12.4615 7.41263 33
      vertex 12.5 8 3
      vertex 12.5 8 33
    endloop
  endfacet
  facet normal 0.997859 -0.0654061 0
    outer loop
      vertex 12.5 8 3
      vertex 12.4615 7.41263 33
      vertex 12.4615 7.41263 3
    endloop
  endfacet
  facet normal 0.321432 0.946933 -0
    outer loop
      vertex 9.72207 12.1575 3
      vertex 9.16469 12.3467 33
      vertex 9.72207 12.1575 33
    endloop
  endfacet
  facet normal 0.321432 0.946933 0
    outer loop
      vertex 9.16469 12.3467 33
      vertex 9.72207 12.1575 3
      vertex 9.16469 12.3467 3
    endloop
  endfacet
  facet normal -0.89687 0.442294 0
    outer loop
      vertex 3.84254 9.72207 3
      vertex 4.10289 10.25 33
      vertex 4.10289 10.25 3
    endloop
  endfacet
  facet normal -0.89687 0.442294 0
    outer loop
      vertex 4.10289 10.25 33
      vertex 3.84254 9.72207 3
      vertex 3.84254 9.72207 33
    endloop
  endfacet
  facet normal -0.65934 0.751845 0
    outer loop
      vertex 5.26057 11.5701 3
      vertex 4.81802 11.182 33
      vertex 5.26057 11.5701 33
    endloop
  endfacet
  facet normal -0.65934 0.751845 0
    outer loop
      vertex 4.81802 11.182 33
      vertex 5.26057 11.5701 3
      vertex 4.81802 11.182 3
    endloop
  endfacet
  facet normal 0.321447 -0.946928 0
    outer loop
      vertex 9.16469 3.65333 3
      vertex 9.72207 3.84254 33
      vertex 9.16469 3.65333 33
    endloop
  endfacet
  facet normal 0.321447 -0.946928 0
    outer loop
      vertex 9.72207 3.84254 33
      vertex 9.16469 3.65333 3
      vertex 9.72207 3.84254 3
    endloop
  endfacet
  facet normal -0.997859 -0.0654061 0
    outer loop
      vertex 3.5385 7.41263 3
      vertex 3.5 8 33
      vertex 3.5 8 3
    endloop
  endfacet
  facet normal -0.997859 -0.0654061 0
    outer loop
      vertex 3.5 8 33
      vertex 3.5385 7.41263 3
      vertex 3.5385 7.41263 33
    endloop
  endfacet
  facet normal -0.65935 -0.751836 0
    outer loop
      vertex 4.81802 4.81802 3
      vertex 5.26057 4.42991 33
      vertex 4.81802 4.81802 33
    endloop
  endfacet
  facet normal -0.65935 -0.751836 -0
    outer loop
      vertex 5.26057 4.42991 33
      vertex 4.81802 4.81802 3
      vertex 5.26057 4.42991 3
    endloop
  endfacet
  facet normal -0.321432 0.946933 0
    outer loop
      vertex 6.83531 12.3467 3
      vertex 6.27793 12.1575 33
      vertex 6.83531 12.3467 33
    endloop
  endfacet
  facet normal -0.321432 0.946933 0
    outer loop
      vertex 6.27793 12.1575 33
      vertex 6.83531 12.3467 3
      vertex 6.27793 12.1575 3
    endloop
  endfacet
  facet normal -0.831475 -0.555562 0
    outer loop
      vertex 4.42991 5.26057 3
      vertex 4.10289 5.75 33
      vertex 4.10289 5.75 3
    endloop
  endfacet
  facet normal -0.831475 -0.555562 0
    outer loop
      vertex 4.10289 5.75 33
      vertex 4.42991 5.26057 3
      vertex 4.42991 5.26057 33
    endloop
  endfacet
  facet normal -0.555539 0.831491 0
    outer loop
      vertex 5.75 11.8971 3
      vertex 5.26057 11.5701 33
      vertex 5.75 11.8971 33
    endloop
  endfacet
  facet normal -0.555539 0.831491 0
    outer loop
      vertex 5.26057 11.5701 33
      vertex 5.75 11.8971 3
      vertex 5.26057 11.5701 3
    endloop
  endfacet
  facet normal -0.997859 0.0654061 0
    outer loop
      vertex 3.5 8 3
      vertex 3.5385 8.58737 33
      vertex 3.5385 8.58737 3
    endloop
  endfacet
  facet normal -0.997859 0.0654061 0
    outer loop
      vertex 3.5385 8.58737 33
      vertex 3.5 8 3
      vertex 3.5 8 33
    endloop
  endfacet
  facet normal 0.195031 0.980797 -0
    outer loop
      vertex 9.16469 12.3467 3
      vertex 8.58737 12.4615 33
      vertex 9.16469 12.3467 33
    endloop
  endfacet
  facet normal 0.195031 0.980797 0
    outer loop
      vertex 8.58737 12.4615 33
      vertex 9.16469 12.3467 3
      vertex 8.58737 12.4615 3
    endloop
  endfacet
  facet normal -0.442362 0.896837 0
    outer loop
      vertex 6.27793 12.1575 3
      vertex 5.75 11.8971 33
      vertex 6.27793 12.1575 33
    endloop
  endfacet
  facet normal -0.442362 0.896837 0
    outer loop
      vertex 5.75 11.8971 33
      vertex 6.27793 12.1575 3
      vertex 5.75 11.8971 3
    endloop
  endfacet
  facet normal 0.0654061 -0.997859 0
    outer loop
      vertex 8 3.5 3
      vertex 8.58737 3.5385 33
      vertex 8 3.5 33
    endloop
  endfacet
  facet normal 0.0654061 -0.997859 0
    outer loop
      vertex 8.58737 3.5385 33
      vertex 8 3.5 3
      vertex 8.58737 3.5385 3
    endloop
  endfacet
  facet normal 0.659308 -0.751873 0
    outer loop
      vertex 10.7394 4.42991 3
      vertex 11.182 4.81802 33
      vertex 10.7394 4.42991 33
    endloop
  endfacet
  facet normal 0.659308 -0.751873 0
    outer loop
      vertex 11.182 4.81802 33
      vertex 10.7394 4.42991 3
      vertex 11.182 4.81802 3
    endloop
  endfacet
  facet normal -0.946928 -0.321447 0
    outer loop
      vertex 3.84254 6.27793 3
      vertex 3.65333 6.83531 33
      vertex 3.65333 6.83531 3
    endloop
  endfacet
  facet normal -0.946928 -0.321447 0
    outer loop
      vertex 3.65333 6.83531 33
      vertex 3.84254 6.27793 3
      vertex 3.84254 6.27793 33
    endloop
  endfacet
  facet normal 0.946933 -0.321432 0
    outer loop
      vertex 12.1575 6.27793 33
      vertex 12.3467 6.83531 3
      vertex 12.3467 6.83531 33
    endloop
  endfacet
  facet normal 0.946933 -0.321432 0
    outer loop
      vertex 12.3467 6.83531 3
      vertex 12.1575 6.27793 33
      vertex 12.1575 6.27793 3
    endloop
  endfacet
  facet normal 0.442362 0.896837 -0
    outer loop
      vertex 10.25 11.8971 3
      vertex 9.72207 12.1575 33
      vertex 10.25 11.8971 33
    endloop
  endfacet
  facet normal 0.442362 0.896837 0
    outer loop
      vertex 9.72207 12.1575 33
      vertex 10.25 11.8971 3
      vertex 9.72207 12.1575 3
    endloop
  endfacet
  facet normal -0.195031 0.980797 0
    outer loop
      vertex 7.41263 12.4615 3
      vertex 6.83531 12.3467 33
      vertex 7.41263 12.4615 33
    endloop
  endfacet
  facet normal -0.195031 0.980797 0
    outer loop
      vertex 6.83531 12.3467 33
      vertex 7.41263 12.4615 3
      vertex 6.83531 12.3467 3
    endloop
  endfacet
  facet normal 0.751882 0.659298 0
    outer loop
      vertex 11.5701 10.7394 33
      vertex 11.182 11.182 3
      vertex 11.182 11.182 33
    endloop
  endfacet
  facet normal 0.751882 0.659298 0
    outer loop
      vertex 11.182 11.182 3
      vertex 11.5701 10.7394 33
      vertex 11.5701 10.7394 3
    endloop
  endfacet
  facet normal 0.751845 -0.65934 0
    outer loop
      vertex 11.182 4.81802 33
      vertex 11.5701 5.26057 3
      vertex 11.5701 5.26057 33
    endloop
  endfacet
  facet normal 0.751845 -0.65934 0
    outer loop
      vertex 11.5701 5.26057 3
      vertex 11.182 4.81802 33
      vertex 11.182 4.81802 3
    endloop
  endfacet
  facet normal -0.442294 -0.89687 0
    outer loop
      vertex 5.75 4.10289 3
      vertex 6.27793 3.84254 33
      vertex 5.75 4.10289 33
    endloop
  endfacet
  facet normal -0.442294 -0.89687 -0
    outer loop
      vertex 6.27793 3.84254 33
      vertex 5.75 4.10289 3
      vertex 6.27793 3.84254 3
    endloop
  endfacet
  facet normal -0.946928 0.321447 0
    outer loop
      vertex 3.65333 9.16469 3
      vertex 3.84254 9.72207 33
      vertex 3.84254 9.72207 3
    endloop
  endfacet
  facet normal -0.946928 0.321447 0
    outer loop
      vertex 3.84254 9.72207 33
      vertex 3.65333 9.16469 3
      vertex 3.65333 9.16469 33
    endloop
  endfacet
  facet normal 0.19508 -0.980787 0
    outer loop
      vertex 8.58737 3.5385 3
      vertex 9.16469 3.65333 33
      vertex 8.58737 3.5385 33
    endloop
  endfacet
  facet normal 0.19508 -0.980787 0
    outer loop
      vertex 9.16469 3.65333 33
      vertex 8.58737 3.5385 3
      vertex 9.16469 3.65333 3
    endloop
  endfacet
  facet normal 0.442294 -0.89687 0
    outer loop
      vertex 9.72207 3.84254 3
      vertex 10.25 4.10289 33
      vertex 9.72207 3.84254 33
    endloop
  endfacet
  facet normal 0.442294 -0.89687 0
    outer loop
      vertex 10.25 4.10289 33
      vertex 9.72207 3.84254 3
      vertex 10.25 4.10289 3
    endloop
  endfacet
  facet normal -0.751873 0.659308 0
    outer loop
      vertex 4.42991 10.7394 3
      vertex 4.81802 11.182 33
      vertex 4.81802 11.182 3
    endloop
  endfacet
  facet normal -0.751873 0.659308 0
    outer loop
      vertex 4.81802 11.182 33
      vertex 4.42991 10.7394 3
      vertex 4.42991 10.7394 33
    endloop
  endfacet
  facet normal 0.659298 0.751882 -0
    outer loop
      vertex 11.182 11.182 3
      vertex 10.7394 11.5701 33
      vertex 11.182 11.182 33
    endloop
  endfacet
  facet normal 0.659298 0.751882 0
    outer loop
      vertex 10.7394 11.5701 33
      vertex 11.182 11.182 3
      vertex 10.7394 11.5701 3
    endloop
  endfacet
  facet normal -0.89687 -0.442294 0
    outer loop
      vertex 4.10289 5.75 3
      vertex 3.84254 6.27793 33
      vertex 3.84254 6.27793 3
    endloop
  endfacet
  facet normal -0.89687 -0.442294 0
    outer loop
      vertex 3.84254 6.27793 33
      vertex 4.10289 5.75 3
      vertex 4.10289 5.75 33
    endloop
  endfacet
  facet normal 0.831491 -0.555539 0
    outer loop
      vertex 11.5701 5.26057 33
      vertex 11.8971 5.75 3
      vertex 11.8971 5.75 33
    endloop
  endfacet
  facet normal 0.831491 -0.555539 0
    outer loop
      vertex 11.8971 5.75 3
      vertex 11.5701 5.26057 33
      vertex 11.5701 5.26057 3
    endloop
  endfacet
  facet normal 0.896837 0.442362 0
    outer loop
      vertex 12.1575 9.72207 33
      vertex 11.8971 10.25 3
      vertex 11.8971 10.25 33
    endloop
  endfacet
  facet normal 0.896837 0.442362 0
    outer loop
      vertex 11.8971 10.25 3
      vertex 12.1575 9.72207 33
      vertex 12.1575 9.72207 3
    endloop
  endfacet
  facet normal -0.0654061 -0.997859 0
    outer loop
      vertex 7.41263 3.5385 3
      vertex 8 3.5 33
      vertex 7.41263 3.5385 33
    endloop
  endfacet
  facet normal -0.0654061 -0.997859 -0
    outer loop
      vertex 8 3.5 33
      vertex 7.41263 3.5385 3
      vertex 8 3.5 3
    endloop
  endfacet
  facet normal 0.0654061 0.997859 -0
    outer loop
      vertex 8.58737 12.4615 3
      vertex 8 12.5 33
      vertex 8.58737 12.4615 33
    endloop
  endfacet
  facet normal 0.0654061 0.997859 0
    outer loop
      vertex 8 12.5 33
      vertex 8.58737 12.4615 3
      vertex 8 12.5 3
    endloop
  endfacet
  facet normal -0.555562 -0.831475 0
    outer loop
      vertex 5.26057 4.42991 3
      vertex 5.75 4.10289 33
      vertex 5.26057 4.42991 33
    endloop
  endfacet
  facet normal -0.555562 -0.831475 -0
    outer loop
      vertex 5.75 4.10289 33
      vertex 5.26057 4.42991 3
      vertex 5.75 4.10289 3
    endloop
  endfacet
  facet normal 0.555586 -0.831459 0
    outer loop
      vertex 10.25 4.10289 3
      vertex 10.7394 4.42991 33
      vertex 10.25 4.10289 33
    endloop
  endfacet
  facet normal 0.555586 -0.831459 0
    outer loop
      vertex 10.7394 4.42991 33
      vertex 10.25 4.10289 3
      vertex 10.7394 4.42991 3
    endloop
  endfacet
  facet normal 0.946933 0.321432 0
    outer loop
      vertex 12.3467 9.16469 33
      vertex 12.1575 9.72207 3
      vertex 12.1575 9.72207 33
    endloop
  endfacet
  facet normal 0.946933 0.321432 0
    outer loop
      vertex 12.1575 9.72207 3
      vertex 12.3467 9.16469 33
      vertex 12.3467 9.16469 3
    endloop
  endfacet
  facet normal -0.980787 0.19508 0
    outer loop
      vertex 3.5385 8.58737 3
      vertex 3.65333 9.16469 33
      vertex 3.65333 9.16469 3
    endloop
  endfacet
  facet normal -0.980787 0.19508 0
    outer loop
      vertex 3.65333 9.16469 33
      vertex 3.5385 8.58737 3
      vertex 3.5385 8.58737 33
    endloop
  endfacet
  facet normal -0.0654061 0.997859 0
    outer loop
      vertex 8 12.5 3
      vertex 7.41263 12.4615 33
      vertex 8 12.5 33
    endloop
  endfacet
  facet normal -0.0654061 0.997859 0
    outer loop
      vertex 7.41263 12.4615 33
      vertex 8 12.5 3
      vertex 7.41263 12.4615 3
    endloop
  endfacet
  facet normal -0.321447 -0.946928 0
    outer loop
      vertex 6.27793 3.84254 3
      vertex 6.83531 3.65333 33
      vertex 6.27793 3.84254 33
    endloop
  endfacet
  facet normal -0.321447 -0.946928 -0
    outer loop
      vertex 6.83531 3.65333 33
      vertex 6.27793 3.84254 3
      vertex 6.83531 3.65333 3
    endloop
  endfacet
  facet normal -0.980787 -0.19508 0
    outer loop
      vertex 3.65333 6.83531 3
      vertex 3.5385 7.41263 33
      vertex 3.5385 7.41263 3
    endloop
  endfacet
  facet normal -0.980787 -0.19508 0
    outer loop
      vertex 3.5385 7.41263 33
      vertex 3.65333 6.83531 3
      vertex 3.65333 6.83531 33
    endloop
  endfacet
  facet normal -0.751836 -0.65935 0
    outer loop
      vertex 4.81802 4.81802 3
      vertex 4.42991 5.26057 33
      vertex 4.42991 5.26057 3
    endloop
  endfacet
  facet normal -0.751836 -0.65935 0
    outer loop
      vertex 4.42991 5.26057 33
      vertex 4.81802 4.81802 3
      vertex 4.81802 4.81802 33
    endloop
  endfacet
  facet normal -0.19508 -0.980787 0
    outer loop
      vertex 6.83531 3.65333 3
      vertex 7.41263 3.5385 33
      vertex 6.83531 3.65333 33
    endloop
  endfacet
  facet normal -0.19508 -0.980787 -0
    outer loop
      vertex 7.41263 3.5385 33
      vertex 6.83531 3.65333 3
      vertex 7.41263 3.5385 3
    endloop
  endfacet
  facet normal -0.831459 0.555586 0
    outer loop
      vertex 4.10289 10.25 3
      vertex 4.42991 10.7394 33
      vertex 4.42991 10.7394 3
    endloop
  endfacet
  facet normal -0.831459 0.555586 0
    outer loop
      vertex 4.42991 10.7394 33
      vertex 4.10289 10.25 3
      vertex 4.10289 10.25 33
    endloop
  endfacet
  facet normal -0.751827 0.65936 0
    outer loop
      vertex 9.48492 6.51508 27.4
      vertex 9.66604 6.7216 33
      vertex 9.66604 6.7216 27.4
    endloop
  endfacet
  facet normal -0.751827 0.65936 0
    outer loop
      vertex 9.66604 6.7216 33
      vertex 9.48492 6.51508 27.4
      vertex 9.48492 6.51508 33
    endloop
  endfacet
  facet normal -0.980779 -0.195122 0
    outer loop
      vertex 10.082 8.2741 27.4
      vertex 10.0284 8.54352 33
      vertex 10.0284 8.54352 27.4
    endloop
  endfacet
  facet normal -0.980779 -0.195122 0
    outer loop
      vertex 10.0284 8.54352 33
      vertex 10.082 8.2741 27.4
      vertex 10.082 8.2741 33
    endloop
  endfacet
  facet normal -0.997851 -0.0655283 0
    outer loop
      vertex 10.1 8 27.4
      vertex 10.082 8.2741 33
      vertex 10.082 8.2741 27.4
    endloop
  endfacet
  facet normal -0.997851 -0.0655283 0
    outer loop
      vertex 10.082 8.2741 33
      vertex 10.1 8 27.4
      vertex 10.1 8 33
    endloop
  endfacet
  facet normal -0.94698 -0.321291 0
    outer loop
      vertex 10.0284 8.54352 27.4
      vertex 9.94015 8.80363 33
      vertex 9.94015 8.80363 27.4
    endloop
  endfacet
  facet normal -0.94698 -0.321291 0
    outer loop
      vertex 9.94015 8.80363 33
      vertex 10.0284 8.54352 27.4
      vertex 10.0284 8.54352 33
    endloop
  endfacet
  facet normal -0.831473 -0.555565 0
    outer loop
      vertex 9.81865 9.05 27.4
      vertex 9.66604 9.2784 33
      vertex 9.66604 9.2784 27.4
    endloop
  endfacet
  facet normal -0.831473 -0.555565 0
    outer loop
      vertex 9.66604 9.2784 33
      vertex 9.81865 9.05 27.4
      vertex 9.81865 9.05 33
    endloop
  endfacet
  facet normal 0.555565 0.831473 -0
    outer loop
      vertex 6.95 6.18135 27.4
      vertex 6.7216 6.33396 33
      vertex 6.95 6.18135 33
    endloop
  endfacet
  facet normal 0.555565 0.831473 0
    outer loop
      vertex 6.7216 6.33396 33
      vertex 6.95 6.18135 27.4
      vertex 6.7216 6.33396 27.4
    endloop
  endfacet
  facet normal -0.195122 -0.980779 0
    outer loop
      vertex 8.2741 10.082 27.4
      vertex 8.54352 10.0284 33
      vertex 8.2741 10.082 33
    endloop
  endfacet
  facet normal -0.195122 -0.980779 -0
    outer loop
      vertex 8.54352 10.0284 33
      vertex 8.2741 10.082 27.4
      vertex 8.54352 10.0284 27.4
    endloop
  endfacet
  facet normal -0.997851 0.0655283 0
    outer loop
      vertex 10.082 7.7259 27.4
      vertex 10.1 8 33
      vertex 10.1 8 27.4
    endloop
  endfacet
  facet normal -0.997851 0.0655283 0
    outer loop
      vertex 10.1 8 33
      vertex 10.082 7.7259 27.4
      vertex 10.082 7.7259 33
    endloop
  endfacet
  facet normal -0.896867 -0.4423 0
    outer loop
      vertex 9.94015 8.80363 27.4
      vertex 9.81865 9.05 33
      vertex 9.81865 9.05 27.4
    endloop
  endfacet
  facet normal -0.896867 -0.4423 0
    outer loop
      vertex 9.81865 9.05 33
      vertex 9.94015 8.80363 27.4
      vertex 9.94015 8.80363 33
    endloop
  endfacet
  facet normal 0.946936 0.321422 0
    outer loop
      vertex 6.05985 7.19637 33
      vertex 5.97156 7.45648 27.4
      vertex 5.97156 7.45648 33
    endloop
  endfacet
  facet normal 0.946936 0.321422 0
    outer loop
      vertex 5.97156 7.45648 27.4
      vertex 6.05985 7.19637 33
      vertex 6.05985 7.19637 27.4
    endloop
  endfacet
  facet normal 0.980786 -0.195087 0
    outer loop
      vertex 5.91797 8.2741 33
      vertex 5.97156 8.54352 27.4
      vertex 5.97156 8.54352 33
    endloop
  endfacet
  facet normal 0.980786 -0.195087 0
    outer loop
      vertex 5.97156 8.54352 27.4
      vertex 5.91797 8.2741 33
      vertex 5.91797 8.2741 27.4
    endloop
  endfacet
  facet normal 0.65936 0.751827 -0
    outer loop
      vertex 6.7216 6.33396 27.4
      vertex 6.51508 6.51508 33
      vertex 6.7216 6.33396 33
    endloop
  endfacet
  facet normal 0.65936 0.751827 0
    outer loop
      vertex 6.51508 6.51508 33
      vertex 6.7216 6.33396 27.4
      vertex 6.51508 6.51508 27.4
    endloop
  endfacet
  facet normal 0.195122 -0.980779 0
    outer loop
      vertex 7.45648 10.0284 27.4
      vertex 7.7259 10.082 33
      vertex 7.45648 10.0284 33
    endloop
  endfacet
  facet normal 0.195122 -0.980779 0
    outer loop
      vertex 7.7259 10.082 33
      vertex 7.45648 10.0284 27.4
      vertex 7.7259 10.082 27.4
    endloop
  endfacet
  facet normal -0.195087 0.980786 0
    outer loop
      vertex 8.54352 5.97156 27.4
      vertex 8.2741 5.91797 33
      vertex 8.54352 5.97156 33
    endloop
  endfacet
  facet normal -0.195087 0.980786 0
    outer loop
      vertex 8.2741 5.91797 33
      vertex 8.54352 5.97156 27.4
      vertex 8.2741 5.91797 27.4
    endloop
  endfacet
  facet normal -0.4423 0.896867 0
    outer loop
      vertex 9.05 6.18135 27.4
      vertex 8.80363 6.05985 33
      vertex 9.05 6.18135 33
    endloop
  endfacet
  facet normal -0.4423 0.896867 0
    outer loop
      vertex 8.80363 6.05985 33
      vertex 9.05 6.18135 27.4
      vertex 8.80363 6.05985 27.4
    endloop
  endfacet
  facet normal 0.831473 -0.555565 0
    outer loop
      vertex 6.18135 9.05 33
      vertex 6.33396 9.2784 27.4
      vertex 6.33396 9.2784 33
    endloop
  endfacet
  facet normal 0.831473 -0.555565 0
    outer loop
      vertex 6.33396 9.2784 27.4
      vertex 6.18135 9.05 33
      vertex 6.18135 9.05 27.4
    endloop
  endfacet
  facet normal -0.555565 -0.831473 0
    outer loop
      vertex 9.05 9.81865 27.4
      vertex 9.2784 9.66604 33
      vertex 9.05 9.81865 33
    endloop
  endfacet
  facet normal -0.555565 -0.831473 -0
    outer loop
      vertex 9.2784 9.66604 33
      vertex 9.05 9.81865 27.4
      vertex 9.2784 9.66604 27.4
    endloop
  endfacet
  facet normal -0.831473 0.555565 0
    outer loop
      vertex 9.66604 6.7216 27.4
      vertex 9.81865 6.95 33
      vertex 9.81865 6.95 27.4
    endloop
  endfacet
  facet normal -0.831473 0.555565 0
    outer loop
      vertex 9.81865 6.95 33
      vertex 9.66604 6.7216 27.4
      vertex 9.66604 6.7216 33
    endloop
  endfacet
  facet normal -0.4423 -0.896867 0
    outer loop
      vertex 8.80363 9.94015 27.4
      vertex 9.05 9.81865 33
      vertex 8.80363 9.94015 33
    endloop
  endfacet
  facet normal -0.4423 -0.896867 -0
    outer loop
      vertex 9.05 9.81865 33
      vertex 8.80363 9.94015 27.4
      vertex 9.05 9.81865 27.4
    endloop
  endfacet
  facet normal -0.980779 0.195122 0
    outer loop
      vertex 10.0284 7.45648 27.4
      vertex 10.082 7.7259 33
      vertex 10.082 7.7259 27.4
    endloop
  endfacet
  facet normal -0.980779 0.195122 0
    outer loop
      vertex 10.082 7.7259 33
      vertex 10.0284 7.45648 27.4
      vertex 10.0284 7.45648 33
    endloop
  endfacet
  facet normal 0.321291 -0.94698 0
    outer loop
      vertex 7.19637 9.94015 27.4
      vertex 7.45648 10.0284 33
      vertex 7.19637 9.94015 33
    endloop
  endfacet
  facet normal 0.321291 -0.94698 0
    outer loop
      vertex 7.45648 10.0284 33
      vertex 7.19637 9.94015 27.4
      vertex 7.45648 10.0284 27.4
    endloop
  endfacet
  facet normal 0.4423 -0.896867 0
    outer loop
      vertex 6.95 9.81865 27.4
      vertex 7.19637 9.94015 33
      vertex 6.95 9.81865 33
    endloop
  endfacet
  facet normal 0.4423 -0.896867 0
    outer loop
      vertex 7.19637 9.94015 33
      vertex 6.95 9.81865 27.4
      vertex 7.19637 9.94015 27.4
    endloop
  endfacet
  facet normal 0.555565 -0.831473 0
    outer loop
      vertex 6.7216 9.66604 27.4
      vertex 6.95 9.81865 33
      vertex 6.7216 9.66604 33
    endloop
  endfacet
  facet normal 0.555565 -0.831473 0
    outer loop
      vertex 6.95 9.81865 33
      vertex 6.7216 9.66604 27.4
      vertex 6.95 9.81865 27.4
    endloop
  endfacet
  facet normal -0.65936 0.751827 0
    outer loop
      vertex 9.48492 6.51508 27.4
      vertex 9.2784 6.33396 33
      vertex 9.48492 6.51508 33
    endloop
  endfacet
  facet normal -0.65936 0.751827 0
    outer loop
      vertex 9.2784 6.33396 33
      vertex 9.48492 6.51508 27.4
      vertex 9.2784 6.33396 27.4
    endloop
  endfacet
  facet normal 0.751827 -0.65936 0
    outer loop
      vertex 6.33396 9.2784 33
      vertex 6.51508 9.48492 27.4
      vertex 6.51508 9.48492 33
    endloop
  endfacet
  facet normal 0.751827 -0.65936 0
    outer loop
      vertex 6.51508 9.48492 27.4
      vertex 6.33396 9.2784 33
      vertex 6.33396 9.2784 27.4
    endloop
  endfacet
  facet normal -0.0655283 -0.997851 0
    outer loop
      vertex 8 10.1 27.4
      vertex 8.2741 10.082 33
      vertex 8 10.1 33
    endloop
  endfacet
  facet normal -0.0655283 -0.997851 -0
    outer loop
      vertex 8.2741 10.082 33
      vertex 8 10.1 27.4
      vertex 8.2741 10.082 27.4
    endloop
  endfacet
  facet normal -0.321422 0.946936 0
    outer loop
      vertex 8.80363 6.05985 27.4
      vertex 8.54352 5.97156 33
      vertex 8.80363 6.05985 33
    endloop
  endfacet
  facet normal -0.321422 0.946936 0
    outer loop
      vertex 8.54352 5.97156 33
      vertex 8.80363 6.05985 27.4
      vertex 8.54352 5.97156 27.4
    endloop
  endfacet
  facet normal 0.321422 0.946936 -0
    outer loop
      vertex 7.45648 5.97156 27.4
      vertex 7.19637 6.05985 33
      vertex 7.45648 5.97156 33
    endloop
  endfacet
  facet normal 0.321422 0.946936 0
    outer loop
      vertex 7.19637 6.05985 33
      vertex 7.45648 5.97156 27.4
      vertex 7.19637 6.05985 27.4
    endloop
  endfacet
  facet normal 0.751827 0.65936 0
    outer loop
      vertex 6.51508 6.51508 33
      vertex 6.33396 6.7216 27.4
      vertex 6.33396 6.7216 33
    endloop
  endfacet
  facet normal 0.751827 0.65936 0
    outer loop
      vertex 6.33396 6.7216 27.4
      vertex 6.51508 6.51508 33
      vertex 6.51508 6.51508 27.4
    endloop
  endfacet
  facet normal 0.896867 -0.4423 0
    outer loop
      vertex 6.05985 8.80363 33
      vertex 6.18135 9.05 27.4
      vertex 6.18135 9.05 33
    endloop
  endfacet
  facet normal 0.896867 -0.4423 0
    outer loop
      vertex 6.18135 9.05 27.4
      vertex 6.05985 8.80363 33
      vertex 6.05985 8.80363 27.4
    endloop
  endfacet
  facet normal -0.896867 0.4423 0
    outer loop
      vertex 9.81865 6.95 27.4
      vertex 9.94015 7.19637 33
      vertex 9.94015 7.19637 27.4
    endloop
  endfacet
  facet normal -0.896867 0.4423 0
    outer loop
      vertex 9.94015 7.19637 33
      vertex 9.81865 6.95 27.4
      vertex 9.81865 6.95 33
    endloop
  endfacet
  facet normal 0.0655283 -0.997851 0
    outer loop
      vertex 7.7259 10.082 27.4
      vertex 8 10.1 33
      vertex 7.7259 10.082 33
    endloop
  endfacet
  facet normal 0.0655283 -0.997851 0
    outer loop
      vertex 8 10.1 33
      vertex 7.7259 10.082 27.4
      vertex 8 10.1 27.4
    endloop
  endfacet
  facet normal 0.946936 -0.321422 0
    outer loop
      vertex 5.97156 8.54352 33
      vertex 6.05985 8.80363 27.4
      vertex 6.05985 8.80363 33
    endloop
  endfacet
  facet normal 0.946936 -0.321422 0
    outer loop
      vertex 6.05985 8.80363 27.4
      vertex 5.97156 8.54352 33
      vertex 5.97156 8.54352 27.4
    endloop
  endfacet
  facet normal -0.321291 -0.94698 0
    outer loop
      vertex 8.54352 10.0284 27.4
      vertex 8.80363 9.94015 33
      vertex 8.54352 10.0284 33
    endloop
  endfacet
  facet normal -0.321291 -0.94698 -0
    outer loop
      vertex 8.80363 9.94015 33
      vertex 8.54352 10.0284 27.4
      vertex 8.80363 9.94015 27.4
    endloop
  endfacet
  facet normal -0.94698 0.321291 0
    outer loop
      vertex 9.94015 7.19637 27.4
      vertex 10.0284 7.45648 33
      vertex 10.0284 7.45648 27.4
    endloop
  endfacet
  facet normal -0.94698 0.321291 0
    outer loop
      vertex 10.0284 7.45648 33
      vertex 9.94015 7.19637 27.4
      vertex 9.94015 7.19637 33
    endloop
  endfacet
  facet normal 0.980786 0.195087 0
    outer loop
      vertex 5.97156 7.45648 33
      vertex 5.91797 7.7259 27.4
      vertex 5.91797 7.7259 33
    endloop
  endfacet
  facet normal 0.980786 0.195087 0
    outer loop
      vertex 5.91797 7.7259 27.4
      vertex 5.97156 7.45648 33
      vertex 5.97156 7.45648 27.4
    endloop
  endfacet
  facet normal -0.751827 -0.65936 0
    outer loop
      vertex 9.66604 9.2784 27.4
      vertex 9.48492 9.48492 33
      vertex 9.48492 9.48492 27.4
    endloop
  endfacet
  facet normal -0.751827 -0.65936 0
    outer loop
      vertex 9.48492 9.48492 33
      vertex 9.66604 9.2784 27.4
      vertex 9.66604 9.2784 33
    endloop
  endfacet
  facet normal 0.65936 -0.751827 0
    outer loop
      vertex 6.51508 9.48492 27.4
      vertex 6.7216 9.66604 33
      vertex 6.51508 9.48492 33
    endloop
  endfacet
  facet normal 0.65936 -0.751827 0
    outer loop
      vertex 6.7216 9.66604 33
      vertex 6.51508 9.48492 27.4
      vertex 6.7216 9.66604 27.4
    endloop
  endfacet
  facet normal 0.896867 0.4423 0
    outer loop
      vertex 6.18135 6.95 33
      vertex 6.05985 7.19637 27.4
      vertex 6.05985 7.19637 33
    endloop
  endfacet
  facet normal 0.896867 0.4423 0
    outer loop
      vertex 6.05985 7.19637 27.4
      vertex 6.18135 6.95 33
      vertex 6.18135 6.95 27.4
    endloop
  endfacet
  facet normal -0.0654196 0.997858 0
    outer loop
      vertex 8.2741 5.91797 27.4
      vertex 8 5.9 33
      vertex 8.2741 5.91797 33
    endloop
  endfacet
  facet normal -0.0654196 0.997858 0
    outer loop
      vertex 8 5.9 33
      vertex 8.2741 5.91797 27.4
      vertex 8 5.9 27.4
    endloop
  endfacet
  facet normal 0.0654196 0.997858 -0
    outer loop
      vertex 8 5.9 27.4
      vertex 7.7259 5.91797 33
      vertex 8 5.9 33
    endloop
  endfacet
  facet normal 0.0654196 0.997858 0
    outer loop
      vertex 7.7259 5.91797 33
      vertex 8 5.9 27.4
      vertex 7.7259 5.91797 27.4
    endloop
  endfacet
  facet normal 0.997858 -0.0654196 0
    outer loop
      vertex 5.9 8 33
      vertex 5.91797 8.2741 27.4
      vertex 5.91797 8.2741 33
    endloop
  endfacet
  facet normal 0.997858 -0.0654196 0
    outer loop
      vertex 5.91797 8.2741 27.4
      vertex 5.9 8 33
      vertex 5.9 8 27.4
    endloop
  endfacet
  facet normal -0.65936 -0.751827 0
    outer loop
      vertex 9.2784 9.66604 27.4
      vertex 9.48492 9.48492 33
      vertex 9.2784 9.66604 33
    endloop
  endfacet
  facet normal -0.65936 -0.751827 -0
    outer loop
      vertex 9.48492 9.48492 33
      vertex 9.2784 9.66604 27.4
      vertex 9.48492 9.48492 27.4
    endloop
  endfacet
  facet normal 0.831473 0.555565 0
    outer loop
      vertex 6.33396 6.7216 33
      vertex 6.18135 6.95 27.4
      vertex 6.18135 6.95 33
    endloop
  endfacet
  facet normal 0.831473 0.555565 0
    outer loop
      vertex 6.18135 6.95 27.4
      vertex 6.33396 6.7216 33
      vertex 6.33396 6.7216 27.4
    endloop
  endfacet
  facet normal -0.555565 0.831473 0
    outer loop
      vertex 9.2784 6.33396 27.4
      vertex 9.05 6.18135 33
      vertex 9.2784 6.33396 33
    endloop
  endfacet
  facet normal -0.555565 0.831473 0
    outer loop
      vertex 9.05 6.18135 33
      vertex 9.2784 6.33396 27.4
      vertex 9.05 6.18135 27.4
    endloop
  endfacet
  facet normal 0.997858 0.0654196 0
    outer loop
      vertex 5.91797 7.7259 33
      vertex 5.9 8 27.4
      vertex 5.9 8 33
    endloop
  endfacet
  facet normal 0.997858 0.0654196 0
    outer loop
      vertex 5.9 8 27.4
      vertex 5.91797 7.7259 33
      vertex 5.91797 7.7259 27.4
    endloop
  endfacet
  facet normal 0.195087 0.980786 -0
    outer loop
      vertex 7.7259 5.91797 27.4
      vertex 7.45648 5.97156 33
      vertex 7.7259 5.91797 33
    endloop
  endfacet
  facet normal 0.195087 0.980786 0
    outer loop
      vertex 7.45648 5.97156 33
      vertex 7.7259 5.91797 27.4
      vertex 7.45648 5.97156 27.4
    endloop
  endfacet
  facet normal 0 0 1
    outer loop
      vertex 10.082 8.2741 27.4
      vertex 10.082 7.7259 27.4
      vertex 10.1 8 27.4
    endloop
  endfacet
  facet normal 0 0 1
    outer loop
      vertex 10.0284 8.54352 27.4
      vertex 10.082 7.7259 27.4
      vertex 10.082 8.2741 27.4
    endloop
  endfacet
  facet normal 0 0 1
    outer loop
      vertex 10.0284 8.54352 27.4
      vertex 10.0284 7.45648 27.4
      vertex 10.082 7.7259 27.4
    endloop
  endfacet
  facet normal 0 0 1
    outer loop
      vertex 9.94015 8.80363 27.4
      vertex 10.0284 7.45648 27.4
      vertex 10.0284 8.54352 27.4
    endloop
  endfacet
  facet normal 0 0 1
    outer loop
      vertex 9.94015 8.80363 27.4
      vertex 9.94015 7.19637 27.4
      vertex 10.0284 7.45648 27.4
    endloop
  endfacet
  facet normal 0 0 1
    outer loop
      vertex 9.81865 9.05 27.4
      vertex 9.94015 7.19637 27.4
      vertex 9.94015 8.80363 27.4
    endloop
  endfacet
  facet normal 0 0 1
    outer loop
      vertex 9.81865 9.05 27.4
      vertex 9.81865 6.95 27.4
      vertex 9.94015 7.19637 27.4
    endloop
  endfacet
  facet normal 0 0 1
    outer loop
      vertex 9.66604 9.2784 27.4
      vertex 9.81865 6.95 27.4
      vertex 9.81865 9.05 27.4
    endloop
  endfacet
  facet normal 0 0 1
    outer loop
      vertex 9.66604 9.2784 27.4
      vertex 9.66604 6.7216 27.4
      vertex 9.81865 6.95 27.4
    endloop
  endfacet
  facet normal 0 0 1
    outer loop
      vertex 9.48492 9.48492 27.4
      vertex 9.66604 6.7216 27.4
      vertex 9.66604 9.2784 27.4
    endloop
  endfacet
  facet normal 0 0 1
    outer loop
      vertex 9.48492 9.48492 27.4
      vertex 9.48492 6.51508 27.4
      vertex 9.66604 6.7216 27.4
    endloop
  endfacet
  facet normal 0 0 1
    outer loop
      vertex 9.2784 9.66604 27.4
      vertex 9.48492 6.51508 27.4
      vertex 9.48492 9.48492 27.4
    endloop
  endfacet
  facet normal 0 0 1
    outer loop
      vertex 9.2784 9.66604 27.4
      vertex 9.2784 6.33396 27.4
      vertex 9.48492 6.51508 27.4
    endloop
  endfacet
  facet normal 0 0 1
    outer loop
      vertex 9.05 9.81865 27.4
      vertex 9.2784 6.33396 27.4
      vertex 9.2784 9.66604 27.4
    endloop
  endfacet
  facet normal 0 0 1
    outer loop
      vertex 9.05 9.81865 27.4
      vertex 9.05 6.18135 27.4
      vertex 9.2784 6.33396 27.4
    endloop
  endfacet
  facet normal 0 0 1
    outer loop
      vertex 8.80363 9.94015 27.4
      vertex 9.05 6.18135 27.4
      vertex 9.05 9.81865 27.4
    endloop
  endfacet
  facet normal 0 0 1
    outer loop
      vertex 8.80363 9.94015 27.4
      vertex 8.80363 6.05985 27.4
      vertex 9.05 6.18135 27.4
    endloop
  endfacet
  facet normal 0 0 1
    outer loop
      vertex 8.54352 10.0284 27.4
      vertex 8.80363 6.05985 27.4
      vertex 8.80363 9.94015 27.4
    endloop
  endfacet
  facet normal 0 0 1
    outer loop
      vertex 8.54352 10.0284 27.4
      vertex 8.54352 5.97156 27.4
      vertex 8.80363 6.05985 27.4
    endloop
  endfacet
  facet normal 0 0 1
    outer loop
      vertex 8.2741 10.082 27.4
      vertex 8.54352 5.97156 27.4
      vertex 8.54352 10.0284 27.4
    endloop
  endfacet
  facet normal 0 0 1
    outer loop
      vertex 8.2741 10.082 27.4
      vertex 8.2741 5.91797 27.4
      vertex 8.54352 5.97156 27.4
    endloop
  endfacet
  facet normal 0 0 1
    outer loop
      vertex 8 10.1 27.4
      vertex 8.2741 5.91797 27.4
      vertex 8.2741 10.082 27.4
    endloop
  endfacet
  facet normal 0 0 1
    outer loop
      vertex 8 10.1 27.4
      vertex 8 5.9 27.4
      vertex 8.2741 5.91797 27.4
    endloop
  endfacet
  facet normal -0 0 1
    outer loop
      vertex 7.7259 10.082 27.4
      vertex 8 5.9 27.4
      vertex 8 10.1 27.4
    endloop
  endfacet
  facet normal 0 0 1
    outer loop
      vertex 7.7259 10.082 27.4
      vertex 7.7259 5.91797 27.4
      vertex 8 5.9 27.4
    endloop
  endfacet
  facet normal -0 0 1
    outer loop
      vertex 7.45648 10.0284 27.4
      vertex 7.7259 5.91797 27.4
      vertex 7.7259 10.082 27.4
    endloop
  endfacet
  facet normal 0 0 1
    outer loop
      vertex 7.45648 10.0284 27.4
      vertex 7.45648 5.97156 27.4
      vertex 7.7259 5.91797 27.4
    endloop
  endfacet
  facet normal -0 0 1
    outer loop
      vertex 7.19637 9.94015 27.4
      vertex 7.45648 5.97156 27.4
      vertex 7.45648 10.0284 27.4
    endloop
  endfacet
  facet normal 0 0 1
    outer loop
      vertex 7.19637 9.94015 27.4
      vertex 7.19637 6.05985 27.4
      vertex 7.45648 5.97156 27.4
    endloop
  endfacet
  facet normal -0 0 1
    outer loop
      vertex 6.95 9.81865 27.4
      vertex 7.19637 6.05985 27.4
      vertex 7.19637 9.94015 27.4
    endloop
  endfacet
  facet normal 0 0 1
    outer loop
      vertex 6.95 9.81865 27.4
      vertex 6.95 6.18135 27.4
      vertex 7.19637 6.05985 27.4
    endloop
  endfacet
  facet normal -0 0 1
    outer loop
      vertex 6.7216 9.66604 27.4
      vertex 6.95 6.18135 27.4
      vertex 6.95 9.81865 27.4
    endloop
  endfacet
  facet normal 0 0 1
    outer loop
      vertex 6.7216 9.66604 27.4
      vertex 6.7216 6.33396 27.4
      vertex 6.95 6.18135 27.4
    endloop
  endfacet
  facet normal -0 0 1
    outer loop
      vertex 6.51508 9.48492 27.4
      vertex 6.7216 6.33396 27.4
      vertex 6.7216 9.66604 27.4
    endloop
  endfacet
  facet normal 0 0 1
    outer loop
      vertex 6.51508 9.48492 27.4
      vertex 6.51508 6.51508 27.4
      vertex 6.7216 6.33396 27.4
    endloop
  endfacet
  facet normal -0 0 1
    outer loop
      vertex 6.33396 9.2784 27.4
      vertex 6.51508 6.51508 27.4
      vertex 6.51508 9.48492 27.4
    endloop
  endfacet
  facet normal 0 0 1
    outer loop
      vertex 6.33396 9.2784 27.4
      vertex 6.33396 6.7216 27.4
      vertex 6.51508 6.51508 27.4
    endloop
  endfacet
  facet normal -0 0 1
    outer loop
      vertex 6.18135 9.05 27.4
      vertex 6.33396 6.7216 27.4
      vertex 6.33396 9.2784 27.4
    endloop
  endfacet
  facet normal 0 0 1
    outer loop
      vertex 6.18135 9.05 27.4
      vertex 6.18135 6.95 27.4
      vertex 6.33396 6.7216 27.4
    endloop
  endfacet
  facet normal -0 0 1
    outer loop
      vertex 6.05985 8.80363 27.4
      vertex 6.18135 6.95 27.4
      vertex 6.18135 9.05 27.4
    endloop
  endfacet
  facet normal 0 0 1
    outer loop
      vertex 6.05985 8.80363 27.4
      vertex 6.05985 7.19637 27.4
      vertex 6.18135 6.95 27.4
    endloop
  endfacet
  facet normal -0 0 1
    outer loop
      vertex 5.97156 8.54352 27.4
      vertex 6.05985 7.19637 27.4
      vertex 6.05985 8.80363 27.4
    endloop
  endfacet
  facet normal 0 0 1
    outer loop
      vertex 5.97156 8.54352 27.4
      vertex 5.97156 7.45648 27.4
      vertex 6.05985 7.19637 27.4
    endloop
  endfacet
  facet normal -0 0 1
    outer loop
      vertex 5.91797 8.2741 27.4
      vertex 5.97156 7.45648 27.4
      vertex 5.97156 8.54352 27.4
    endloop
  endfacet
  facet normal 0 0 1
    outer loop
      vertex 5.91797 8.2741 27.4
      vertex 5.91797 7.7259 27.4
      vertex 5.97156 7.45648 27.4
    endloop
  endfacet
  facet normal 0 -0 1
    outer loop
      vertex 5.91797 7.7259 27.4
      vertex 5.91797 8.2741 27.4
      vertex 5.9 8 27.4
    endloop
  endfacet
  facet normal 0.4423 0.896867 -0
    outer loop
      vertex 7.19637 6.05985 27.4
      vertex 6.95 6.18135 33
      vertex 7.19637 6.05985 33
    endloop
  endfacet
  facet normal 0.4423 0.896867 0
    outer loop
      vertex 6.95 6.18135 33
      vertex 7.19637 6.05985 27.4
      vertex 6.95 6.18135 27.4
    endloop
  endfacet
  facet normal 0.980796 0.195038 0
    outer loop
      vertex 12.4615 60.5874 33
      vertex 12.3467 61.1647 3
      vertex 12.3467 61.1647 33
    endloop
  endfacet
  facet normal 0.980796 0.195038 0
    outer loop
      vertex 12.3467 61.1647 3
      vertex 12.4615 60.5874 33
      vertex 12.4615 60.5874 3
    endloop
  endfacet
  facet normal 0.997859 0.0654027 0
    outer loop
      vertex 12.5 60 33
      vertex 12.4615 60.5874 3
      vertex 12.4615 60.5874 33
    endloop
  endfacet
  facet normal 0.997859 0.0654027 0
    outer loop
      vertex 12.4615 60.5874 3
      vertex 12.5 60 33
      vertex 12.5 60 3
    endloop
  endfacet
  facet normal 0.980796 -0.195038 0
    outer loop
      vertex 12.3467 58.8353 33
      vertex 12.4615 59.4126 3
      vertex 12.4615 59.4126 33
    endloop
  endfacet
  facet normal 0.980796 -0.195038 0
    outer loop
      vertex 12.4615 59.4126 3
      vertex 12.3467 58.8353 33
      vertex 12.3467 58.8353 3
    endloop
  endfacet
  facet normal 0 0 1
    outer loop
      vertex 10.1 60 33
      vertex 12.5 60 33
      vertex 12.4615 60.5874 33
    endloop
  endfacet
  facet normal 0 0 1
    outer loop
      vertex 10.082 60.2741 33
      vertex 12.4615 60.5874 33
      vertex 12.3467 61.1647 33
    endloop
  endfacet
  facet normal 0 0 1
    outer loop
      vertex 12.5 60 33
      vertex 10.1 60 33
      vertex 12.4615 59.4126 33
    endloop
  endfacet
  facet normal 0 0 1
    outer loop
      vertex 10.0284 60.5435 33
      vertex 12.3467 61.1647 33
      vertex 12.1575 61.7221 33
    endloop
  endfacet
  facet normal -0 0 1
    outer loop
      vertex 10.082 59.7259 33
      vertex 12.4615 59.4126 33
      vertex 10.1 60 33
    endloop
  endfacet
  facet normal 0 0 1
    outer loop
      vertex 9.94015 60.8036 33
      vertex 12.1575 61.7221 33
      vertex 11.8971 62.25 33
    endloop
  endfacet
  facet normal 0 0 1
    outer loop
      vertex 12.4615 59.4126 33
      vertex 10.082 59.7259 33
      vertex 12.3467 58.8353 33
    endloop
  endfacet
  facet normal 0 0 1
    outer loop
      vertex 9.81865 61.05 33
      vertex 11.8971 62.25 33
      vertex 11.5701 62.7394 33
    endloop
  endfacet
  facet normal -0 0 1
    outer loop
      vertex 10.0284 59.4565 33
      vertex 12.3467 58.8353 33
      vertex 10.082 59.7259 33
    endloop
  endfacet
  facet normal 0 0 1
    outer loop
      vertex 9.66604 61.2784 33
      vertex 11.5701 62.7394 33
      vertex 11.182 63.182 33
    endloop
  endfacet
  facet normal 0 0 1
    outer loop
      vertex 12.3467 58.8353 33
      vertex 10.0284 59.4565 33
      vertex 12.1575 58.2779 33
    endloop
  endfacet
  facet normal 0 0 1
    outer loop
      vertex 9.48492 61.4849 33
      vertex 11.182 63.182 33
      vertex 10.7394 63.5701 33
    endloop
  endfacet
  facet normal -0 0 1
    outer loop
      vertex 9.94015 59.1964 33
      vertex 12.1575 58.2779 33
      vertex 10.0284 59.4565 33
    endloop
  endfacet
  facet normal 0 0 1
    outer loop
      vertex 9.2784 61.666 33
      vertex 10.7394 63.5701 33
      vertex 10.25 63.8971 33
    endloop
  endfacet
  facet normal 0 0 1
    outer loop
      vertex 12.1575 58.2779 33
      vertex 9.94015 59.1964 33
      vertex 11.8971 57.75 33
    endloop
  endfacet
  facet normal -0 0 1
    outer loop
      vertex 9.81865 58.95 33
      vertex 11.8971 57.75 33
      vertex 9.94015 59.1964 33
    endloop
  endfacet
  facet normal 0 0 1
    outer loop
      vertex 12.4615 60.5874 33
      vertex 10.082 60.2741 33
      vertex 10.1 60 33
    endloop
  endfacet
  facet normal 0 0 1
    outer loop
      vertex 12.3467 61.1647 33
      vertex 10.0284 60.5435 33
      vertex 10.082 60.2741 33
    endloop
  endfacet
  facet normal 0 0 1
    outer loop
      vertex 12.1575 61.7221 33
      vertex 9.94015 60.8036 33
      vertex 10.0284 60.5435 33
    endloop
  endfacet
  facet normal 0 0 1
    outer loop
      vertex 11.8971 62.25 33
      vertex 9.81865 61.05 33
      vertex 9.94015 60.8036 33
    endloop
  endfacet
  facet normal 0 0 1
    outer loop
      vertex 9.05 61.8187 33
      vertex 10.25 63.8971 33
      vertex 9.72207 64.1575 33
    endloop
  endfacet
  facet normal 0 0 1
    outer loop
      vertex 11.5701 62.7394 33
      vertex 9.66604 61.2784 33
      vertex 9.81865 61.05 33
    endloop
  endfacet
  facet normal 0 0 1
    outer loop
      vertex 11.182 63.182 33
      vertex 9.48492 61.4849 33
      vertex 9.66604 61.2784 33
    endloop
  endfacet
  facet normal 0 0 1
    outer loop
      vertex 10.7394 63.5701 33
      vertex 9.2784 61.666 33
      vertex 9.48492 61.4849 33
    endloop
  endfacet
  facet normal 0 0 1
    outer loop
      vertex 8.80363 61.9401 33
      vertex 9.72207 64.1575 33
      vertex 9.16469 64.3467 33
    endloop
  endfacet
  facet normal 0 0 1
    outer loop
      vertex 10.25 63.8971 33
      vertex 9.05 61.8187 33
      vertex 9.2784 61.666 33
    endloop
  endfacet
  facet normal 0 0 1
    outer loop
      vertex 9.72207 64.1575 33
      vertex 8.80363 61.9401 33
      vertex 9.05 61.8187 33
    endloop
  endfacet
  facet normal 0 0 1
    outer loop
      vertex 8.54352 62.0284 33
      vertex 9.16469 64.3467 33
      vertex 8.58737 64.4615 33
    endloop
  endfacet
  facet normal 0 0 1
    outer loop
      vertex 9.16469 64.3467 33
      vertex 8.54352 62.0284 33
      vertex 8.80363 61.9401 33
    endloop
  endfacet
  facet normal 0 0 1
    outer loop
      vertex 8.58737 64.4615 33
      vertex 8.2741 62.082 33
      vertex 8.54352 62.0284 33
    endloop
  endfacet
  facet normal 0 0 1
    outer loop
      vertex 8 64.5 33
      vertex 8.2741 62.082 33
      vertex 8.58737 64.4615 33
    endloop
  endfacet
  facet normal 0 0 1
    outer loop
      vertex 8 64.5 33
      vertex 8 62.1 33
      vertex 8.2741 62.082 33
    endloop
  endfacet
  facet normal 0 0 1
    outer loop
      vertex 8 64.5 33
      vertex 7.7259 62.082 33
      vertex 8 62.1 33
    endloop
  endfacet
  facet normal -0 0 1
    outer loop
      vertex 7.41263 64.4615 33
      vertex 7.7259 62.082 33
      vertex 8 64.5 33
    endloop
  endfacet
  facet normal 0 0 1
    outer loop
      vertex 7.7259 62.082 33
      vertex 7.41263 64.4615 33
      vertex 7.45648 62.0284 33
    endloop
  endfacet
  facet normal -0 0 1
    outer loop
      vertex 6.83531 64.3467 33
      vertex 7.45648 62.0284 33
      vertex 7.41263 64.4615 33
    endloop
  endfacet
  facet normal 0 0 1
    outer loop
      vertex 7.45648 62.0284 33
      vertex 6.83531 64.3467 33
      vertex 7.19637 61.9401 33
    endloop
  endfacet
  facet normal -0 0 1
    outer loop
      vertex 6.27793 64.1575 33
      vertex 7.19637 61.9401 33
      vertex 6.83531 64.3467 33
    endloop
  endfacet
  facet normal 0 0 1
    outer loop
      vertex 7.19637 61.9401 33
      vertex 6.27793 64.1575 33
      vertex 6.95 61.8187 33
    endloop
  endfacet
  facet normal -0 0 1
    outer loop
      vertex 5.75 63.8971 33
      vertex 6.95 61.8187 33
      vertex 6.27793 64.1575 33
    endloop
  endfacet
  facet normal 0 0 1
    outer loop
      vertex 6.95 61.8187 33
      vertex 5.75 63.8971 33
      vertex 6.7216 61.666 33
    endloop
  endfacet
  facet normal -0 0 1
    outer loop
      vertex 5.26057 63.5701 33
      vertex 6.7216 61.666 33
      vertex 5.75 63.8971 33
    endloop
  endfacet
  facet normal 0 0 1
    outer loop
      vertex 6.7216 61.666 33
      vertex 5.26057 63.5701 33
      vertex 6.51508 61.4849 33
    endloop
  endfacet
  facet normal -0 0 1
    outer loop
      vertex 4.81802 63.182 33
      vertex 6.51508 61.4849 33
      vertex 5.26057 63.5701 33
    endloop
  endfacet
  facet normal 0 0 1
    outer loop
      vertex 6.51508 61.4849 33
      vertex 4.81802 63.182 33
      vertex 6.33396 61.2784 33
    endloop
  endfacet
  facet normal -0 0 1
    outer loop
      vertex 4.42991 62.7394 33
      vertex 6.33396 61.2784 33
      vertex 4.81802 63.182 33
    endloop
  endfacet
  facet normal -0 0 1
    outer loop
      vertex 4.10289 62.25 33
      vertex 6.18135 61.05 33
      vertex 4.42991 62.7394 33
    endloop
  endfacet
  facet normal 0 0 1
    outer loop
      vertex 6.33396 61.2784 33
      vertex 4.42991 62.7394 33
      vertex 6.18135 61.05 33
    endloop
  endfacet
  facet normal 0 0 1
    outer loop
      vertex 11.8971 57.75 33
      vertex 9.81865 58.95 33
      vertex 11.5701 57.2606 33
    endloop
  endfacet
  facet normal -0 0 1
    outer loop
      vertex 9.66604 58.7216 33
      vertex 11.5701 57.2606 33
      vertex 9.81865 58.95 33
    endloop
  endfacet
  facet normal 0 0 1
    outer loop
      vertex 11.5701 57.2606 33
      vertex 9.66604 58.7216 33
      vertex 11.182 56.818 33
    endloop
  endfacet
  facet normal -0 0 1
    outer loop
      vertex 9.48492 58.5151 33
      vertex 11.182 56.818 33
      vertex 9.66604 58.7216 33
    endloop
  endfacet
  facet normal 0 0 1
    outer loop
      vertex 11.182 56.818 33
      vertex 9.48492 58.5151 33
      vertex 10.7394 56.4299 33
    endloop
  endfacet
  facet normal -0 0 1
    outer loop
      vertex 9.2784 58.334 33
      vertex 10.7394 56.4299 33
      vertex 9.48492 58.5151 33
    endloop
  endfacet
  facet normal 0 0 1
    outer loop
      vertex 10.7394 56.4299 33
      vertex 9.2784 58.334 33
      vertex 10.25 56.1029 33
    endloop
  endfacet
  facet normal -0 0 1
    outer loop
      vertex 9.05 58.1813 33
      vertex 10.25 56.1029 33
      vertex 9.2784 58.334 33
    endloop
  endfacet
  facet normal 0 0 1
    outer loop
      vertex 10.25 56.1029 33
      vertex 9.05 58.1813 33
      vertex 9.72207 55.8425 33
    endloop
  endfacet
  facet normal -0 0 1
    outer loop
      vertex 8.80363 58.0599 33
      vertex 9.72207 55.8425 33
      vertex 9.05 58.1813 33
    endloop
  endfacet
  facet normal 0 0 1
    outer loop
      vertex 9.72207 55.8425 33
      vertex 8.80363 58.0599 33
      vertex 9.16469 55.6533 33
    endloop
  endfacet
  facet normal -0 0 1
    outer loop
      vertex 8.54352 57.9716 33
      vertex 9.16469 55.6533 33
      vertex 8.80363 58.0599 33
    endloop
  endfacet
  facet normal 0 0 1
    outer loop
      vertex 9.16469 55.6533 33
      vertex 8.54352 57.9716 33
      vertex 8.58737 55.5385 33
    endloop
  endfacet
  facet normal -0 0 1
    outer loop
      vertex 8.2741 57.918 33
      vertex 8.58737 55.5385 33
      vertex 8.54352 57.9716 33
    endloop
  endfacet
  facet normal -0 0 1
    outer loop
      vertex 8 57.9 33
      vertex 8.58737 55.5385 33
      vertex 8.2741 57.918 33
    endloop
  endfacet
  facet normal 0 0 1
    outer loop
      vertex 8 57.9 33
      vertex 8 55.5 33
      vertex 8.58737 55.5385 33
    endloop
  endfacet
  facet normal 0 0 1
    outer loop
      vertex 7.7259 57.918 33
      vertex 8 55.5 33
      vertex 8 57.9 33
    endloop
  endfacet
  facet normal 0 0 1
    outer loop
      vertex 7.41263 55.5385 33
      vertex 7.7259 57.918 33
      vertex 7.45648 57.9716 33
    endloop
  endfacet
  facet normal 0 0 1
    outer loop
      vertex 7.7259 57.918 33
      vertex 7.41263 55.5385 33
      vertex 8 55.5 33
    endloop
  endfacet
  facet normal 0 0 1
    outer loop
      vertex 6.83531 55.6533 33
      vertex 7.45648 57.9716 33
      vertex 7.19637 58.0599 33
    endloop
  endfacet
  facet normal 0 0 1
    outer loop
      vertex 6.27793 55.8425 33
      vertex 7.19637 58.0599 33
      vertex 6.95 58.1813 33
    endloop
  endfacet
  facet normal 0 0 1
    outer loop
      vertex 7.45648 57.9716 33
      vertex 6.83531 55.6533 33
      vertex 7.41263 55.5385 33
    endloop
  endfacet
  facet normal 0 0 1
    outer loop
      vertex 5.75 56.1029 33
      vertex 6.95 58.1813 33
      vertex 6.7216 58.334 33
    endloop
  endfacet
  facet normal 0 0 1
    outer loop
      vertex 5.26057 56.4299 33
      vertex 6.7216 58.334 33
      vertex 6.51508 58.5151 33
    endloop
  endfacet
  facet normal 0 0 1
    outer loop
      vertex 4.81802 56.818 33
      vertex 6.51508 58.5151 33
      vertex 6.33396 58.7216 33
    endloop
  endfacet
  facet normal 0 0 1
    outer loop
      vertex 7.19637 58.0599 33
      vertex 6.27793 55.8425 33
      vertex 6.83531 55.6533 33
    endloop
  endfacet
  facet normal 0 0 1
    outer loop
      vertex 4.42991 57.2606 33
      vertex 6.33396 58.7216 33
      vertex 6.18135 58.95 33
    endloop
  endfacet
  facet normal 0 0 1
    outer loop
      vertex 4.10289 57.75 33
      vertex 6.18135 58.95 33
      vertex 6.05985 59.1964 33
    endloop
  endfacet
  facet normal 0 0 1
    outer loop
      vertex 3.84254 58.2779 33
      vertex 6.05985 59.1964 33
      vertex 5.97156 59.4565 33
    endloop
  endfacet
  facet normal 0 0 1
    outer loop
      vertex 3.65333 58.8353 33
      vertex 5.97156 59.4565 33
      vertex 5.91797 59.7259 33
    endloop
  endfacet
  facet normal 0 0 1
    outer loop
      vertex 6.95 58.1813 33
      vertex 5.75 56.1029 33
      vertex 6.27793 55.8425 33
    endloop
  endfacet
  facet normal 0 0 1
    outer loop
      vertex 3.5385 59.4126 33
      vertex 5.91797 59.7259 33
      vertex 5.9 60 33
    endloop
  endfacet
  facet normal 0 0 1
    outer loop
      vertex 6.18135 61.05 33
      vertex 4.10289 62.25 33
      vertex 6.05985 60.8036 33
    endloop
  endfacet
  facet normal -0 0 1
    outer loop
      vertex 3.84254 61.7221 33
      vertex 6.05985 60.8036 33
      vertex 4.10289 62.25 33
    endloop
  endfacet
  facet normal 0 0 1
    outer loop
      vertex 6.7216 58.334 33
      vertex 5.26057 56.4299 33
      vertex 5.75 56.1029 33
    endloop
  endfacet
  facet normal 0 0 1
    outer loop
      vertex 6.05985 60.8036 33
      vertex 3.84254 61.7221 33
      vertex 5.97156 60.5435 33
    endloop
  endfacet
  facet normal 0 0 1
    outer loop
      vertex 6.51508 58.5151 33
      vertex 4.81802 56.818 33
      vertex 5.26057 56.4299 33
    endloop
  endfacet
  facet normal -0 0 1
    outer loop
      vertex 3.65333 61.1647 33
      vertex 5.97156 60.5435 33
      vertex 3.84254 61.7221 33
    endloop
  endfacet
  facet normal 0 0 1
    outer loop
      vertex 6.33396 58.7216 33
      vertex 4.42991 57.2606 33
      vertex 4.81802 56.818 33
    endloop
  endfacet
  facet normal 0 0 1
    outer loop
      vertex 5.97156 60.5435 33
      vertex 3.65333 61.1647 33
      vertex 5.91797 60.2741 33
    endloop
  endfacet
  facet normal 0 0 1
    outer loop
      vertex 6.18135 58.95 33
      vertex 4.10289 57.75 33
      vertex 4.42991 57.2606 33
    endloop
  endfacet
  facet normal -0 0 1
    outer loop
      vertex 3.5385 60.5874 33
      vertex 5.91797 60.2741 33
      vertex 3.65333 61.1647 33
    endloop
  endfacet
  facet normal 0 0 1
    outer loop
      vertex 6.05985 59.1964 33
      vertex 3.84254 58.2779 33
      vertex 4.10289 57.75 33
    endloop
  endfacet
  facet normal 0 0 1
    outer loop
      vertex 5.91797 60.2741 33
      vertex 3.5385 60.5874 33
      vertex 5.9 60 33
    endloop
  endfacet
  facet normal 0 0 1
    outer loop
      vertex 5.97156 59.4565 33
      vertex 3.65333 58.8353 33
      vertex 3.84254 58.2779 33
    endloop
  endfacet
  facet normal 0 0 1
    outer loop
      vertex 3.5 60 33
      vertex 5.9 60 33
      vertex 3.5385 60.5874 33
    endloop
  endfacet
  facet normal 0 0 1
    outer loop
      vertex 5.91797 59.7259 33
      vertex 3.5385 59.4126 33
      vertex 3.65333 58.8353 33
    endloop
  endfacet
  facet normal 0 0 1
    outer loop
      vertex 5.9 60 33
      vertex 3.5 60 33
      vertex 3.5385 59.4126 33
    endloop
  endfacet
  facet normal 0.831475 0.555562 0
    outer loop
      vertex 11.8971 62.25 33
      vertex 11.5701 62.7394 3
      vertex 11.5701 62.7394 33
    endloop
  endfacet
  facet normal 0.831475 0.555562 0
    outer loop
      vertex 11.5701 62.7394 3
      vertex 11.8971 62.25 33
      vertex 11.8971 62.25 3
    endloop
  endfacet
  facet normal 0.555562 0.831475 -0
    outer loop
      vertex 10.7394 63.5701 3
      vertex 10.25 63.8971 33
      vertex 10.7394 63.5701 33
    endloop
  endfacet
  facet normal 0.555562 0.831475 0
    outer loop
      vertex 10.25 63.8971 33
      vertex 10.7394 63.5701 3
      vertex 10.25 63.8971 3
    endloop
  endfacet
  facet normal 0.896827 -0.442382 0
    outer loop
      vertex 11.8971 57.75 33
      vertex 12.1575 58.2779 3
      vertex 12.1575 58.2779 33
    endloop
  endfacet
  facet normal 0.896827 -0.442382 0
    outer loop
      vertex 12.1575 58.2779 3
      vertex 11.8971 57.75 33
      vertex 11.8971 57.75 3
    endloop
  endfacet
  facet normal 0.997859 -0.0654027 0
    outer loop
      vertex 12.4615 59.4126 33
      vertex 12.5 60 3
      vertex 12.5 60 33
    endloop
  endfacet
  facet normal 0.997859 -0.0654027 0
    outer loop
      vertex 12.5 60 3
      vertex 12.4615 59.4126 33
      vertex 12.4615 59.4126 3
    endloop
  endfacet
  facet normal 0.321432 0.946933 -0
    outer loop
      vertex 9.72207 64.1575 3
      vertex 9.16469 64.3467 33
      vertex 9.72207 64.1575 33
    endloop
  endfacet
  facet normal 0.321432 0.946933 0
    outer loop
      vertex 9.16469 64.3467 33
      vertex 9.72207 64.1575 3
      vertex 9.16469 64.3467 3
    endloop
  endfacet
  facet normal -0.89686 0.442314 0
    outer loop
      vertex 3.84254 61.7221 3
      vertex 4.10289 62.25 33
      vertex 4.10289 62.25 3
    endloop
  endfacet
  facet normal -0.89686 0.442314 0
    outer loop
      vertex 4.10289 62.25 33
      vertex 3.84254 61.7221 3
      vertex 3.84254 61.7221 33
    endloop
  endfacet
  facet normal -0.65934 0.751845 0
    outer loop
      vertex 5.26057 63.5701 3
      vertex 4.81802 63.182 33
      vertex 5.26057 63.5701 33
    endloop
  endfacet
  facet normal -0.65934 0.751845 0
    outer loop
      vertex 4.81802 63.182 33
      vertex 5.26057 63.5701 3
      vertex 4.81802 63.182 3
    endloop
  endfacet
  facet normal 0.321432 -0.946933 0
    outer loop
      vertex 9.16469 55.6533 3
      vertex 9.72207 55.8425 33
      vertex 9.16469 55.6533 33
    endloop
  endfacet
  facet normal 0.321432 -0.946933 0
    outer loop
      vertex 9.72207 55.8425 33
      vertex 9.16469 55.6533 3
      vertex 9.72207 55.8425 3
    endloop
  endfacet
  facet normal -0.997859 -0.0654027 0
    outer loop
      vertex 3.5385 59.4126 3
      vertex 3.5 60 33
      vertex 3.5 60 3
    endloop
  endfacet
  facet normal -0.997859 -0.0654027 0
    outer loop
      vertex 3.5 60 33
      vertex 3.5385 59.4126 3
      vertex 3.5385 59.4126 33
    endloop
  endfacet
  facet normal -0.65934 -0.751845 0
    outer loop
      vertex 4.81802 56.818 3
      vertex 5.26057 56.4299 33
      vertex 4.81802 56.818 33
    endloop
  endfacet
  facet normal -0.65934 -0.751845 -0
    outer loop
      vertex 5.26057 56.4299 33
      vertex 4.81802 56.818 3
      vertex 5.26057 56.4299 3
    endloop
  endfacet
  facet normal -0.321432 0.946933 0
    outer loop
      vertex 6.83531 64.3467 3
      vertex 6.27793 64.1575 33
      vertex 6.83531 64.3467 33
    endloop
  endfacet
  facet normal -0.321432 0.946933 0
    outer loop
      vertex 6.27793 64.1575 33
      vertex 6.83531 64.3467 3
      vertex 6.27793 64.1575 3
    endloop
  endfacet
  facet normal -0.831459 -0.555586 0
    outer loop
      vertex 4.42991 57.2606 3
      vertex 4.10289 57.75 33
      vertex 4.10289 57.75 3
    endloop
  endfacet
  facet normal -0.831459 -0.555586 0
    outer loop
      vertex 4.10289 57.75 33
      vertex 4.42991 57.2606 3
      vertex 4.42991 57.2606 33
    endloop
  endfacet
  facet normal -0.555539 0.831491 0
    outer loop
      vertex 5.75 63.8971 3
      vertex 5.26057 63.5701 33
      vertex 5.75 63.8971 33
    endloop
  endfacet
  facet normal -0.555539 0.831491 0
    outer loop
      vertex 5.26057 63.5701 33
      vertex 5.75 63.8971 3
      vertex 5.26057 63.5701 3
    endloop
  endfacet
  facet normal -0.997859 0.0654027 0
    outer loop
      vertex 3.5 60 3
      vertex 3.5385 60.5874 33
      vertex 3.5385 60.5874 3
    endloop
  endfacet
  facet normal -0.997859 0.0654027 0
    outer loop
      vertex 3.5385 60.5874 33
      vertex 3.5 60 3
      vertex 3.5 60 33
    endloop
  endfacet
  facet normal 0.195031 0.980797 -0
    outer loop
      vertex 9.16469 64.3467 3
      vertex 8.58737 64.4615 33
      vertex 9.16469 64.3467 33
    endloop
  endfacet
  facet normal 0.195031 0.980797 0
    outer loop
      vertex 8.58737 64.4615 33
      vertex 9.16469 64.3467 3
      vertex 8.58737 64.4615 3
    endloop
  endfacet
  facet normal -0.442362 0.896837 0
    outer loop
      vertex 6.27793 64.1575 3
      vertex 5.75 63.8971 33
      vertex 6.27793 64.1575 33
    endloop
  endfacet
  facet normal -0.442362 0.896837 0
    outer loop
      vertex 5.75 63.8971 33
      vertex 6.27793 64.1575 3
      vertex 5.75 63.8971 3
    endloop
  endfacet
  facet normal 0.0654061 -0.997859 0
    outer loop
      vertex 8 55.5 3
      vertex 8.58737 55.5385 33
      vertex 8 55.5 33
    endloop
  endfacet
  facet normal 0.0654061 -0.997859 0
    outer loop
      vertex 8.58737 55.5385 33
      vertex 8 55.5 3
      vertex 8.58737 55.5385 3
    endloop
  endfacet
  facet normal 0.659298 -0.751882 0
    outer loop
      vertex 10.7394 56.4299 3
      vertex 11.182 56.818 33
      vertex 10.7394 56.4299 33
    endloop
  endfacet
  facet normal 0.659298 -0.751882 0
    outer loop
      vertex 11.182 56.818 33
      vertex 10.7394 56.4299 3
      vertex 11.182 56.818 3
    endloop
  endfacet
  facet normal -0.946931 -0.321437 0
    outer loop
      vertex 3.84254 58.2779 3
      vertex 3.65333 58.8353 33
      vertex 3.65333 58.8353 3
    endloop
  endfacet
  facet normal -0.946931 -0.321437 0
    outer loop
      vertex 3.65333 58.8353 33
      vertex 3.84254 58.2779 3
      vertex 3.84254 58.2779 33
    endloop
  endfacet
  facet normal 0.946936 -0.321421 0
    outer loop
      vertex 12.1575 58.2779 33
      vertex 12.3467 58.8353 3
      vertex 12.3467 58.8353 33
    endloop
  endfacet
  facet normal 0.946936 -0.321421 0
    outer loop
      vertex 12.3467 58.8353 3
      vertex 12.1575 58.2779 33
      vertex 12.1575 58.2779 3
    endloop
  endfacet
  facet normal 0.442362 0.896837 -0
    outer loop
      vertex 10.25 63.8971 3
      vertex 9.72207 64.1575 33
      vertex 10.25 63.8971 33
    endloop
  endfacet
  facet normal 0.442362 0.896837 0
    outer loop
      vertex 9.72207 64.1575 33
      vertex 10.25 63.8971 3
      vertex 9.72207 64.1575 3
    endloop
  endfacet
  facet normal -0.195031 0.980797 0
    outer loop
      vertex 7.41263 64.4615 3
      vertex 6.83531 64.3467 33
      vertex 7.41263 64.4615 33
    endloop
  endfacet
  facet normal -0.195031 0.980797 0
    outer loop
      vertex 6.83531 64.3467 33
      vertex 7.41263 64.4615 3
      vertex 6.83531 64.3467 3
    endloop
  endfacet
  facet normal 0.751882 0.659298 0
    outer loop
      vertex 11.5701 62.7394 33
      vertex 11.182 63.182 3
      vertex 11.182 63.182 33
    endloop
  endfacet
  facet normal 0.751882 0.659298 0
    outer loop
      vertex 11.182 63.182 3
      vertex 11.5701 62.7394 33
      vertex 11.5701 62.7394 3
    endloop
  endfacet
  facet normal 0.751882 -0.659298 0
    outer loop
      vertex 11.182 56.818 33
      vertex 11.5701 57.2606 3
      vertex 11.5701 57.2606 33
    endloop
  endfacet
  facet normal 0.751882 -0.659298 0
    outer loop
      vertex 11.5701 57.2606 3
      vertex 11.182 56.818 33
      vertex 11.182 56.818 3
    endloop
  endfacet
  facet normal -0.442362 -0.896837 0
    outer loop
      vertex 5.75 56.1029 3
      vertex 6.27793 55.8425 33
      vertex 5.75 56.1029 33
    endloop
  endfacet
  facet normal -0.442362 -0.896837 -0
    outer loop
      vertex 6.27793 55.8425 33
      vertex 5.75 56.1029 3
      vertex 6.27793 55.8425 3
    endloop
  endfacet
  facet normal -0.946931 0.321437 0
    outer loop
      vertex 3.65333 61.1647 3
      vertex 3.84254 61.7221 33
      vertex 3.84254 61.7221 3
    endloop
  endfacet
  facet normal -0.946931 0.321437 0
    outer loop
      vertex 3.84254 61.7221 33
      vertex 3.65333 61.1647 3
      vertex 3.65333 61.1647 33
    endloop
  endfacet
  facet normal 0.195031 -0.980797 0
    outer loop
      vertex 8.58737 55.5385 3
      vertex 9.16469 55.6533 33
      vertex 8.58737 55.5385 33
    endloop
  endfacet
  facet normal 0.195031 -0.980797 0
    outer loop
      vertex 9.16469 55.6533 33
      vertex 8.58737 55.5385 3
      vertex 9.16469 55.6533 3
    endloop
  endfacet
  facet normal 0.442362 -0.896837 0
    outer loop
      vertex 9.72207 55.8425 3
      vertex 10.25 56.1029 33
      vertex 9.72207 55.8425 33
    endloop
  endfacet
  facet normal 0.442362 -0.896837 0
    outer loop
      vertex 10.25 56.1029 33
      vertex 9.72207 55.8425 3
      vertex 10.25 56.1029 3
    endloop
  endfacet
  facet normal -0.751873 0.659308 0
    outer loop
      vertex 4.42991 62.7394 3
      vertex 4.81802 63.182 33
      vertex 4.81802 63.182 3
    endloop
  endfacet
  facet normal -0.751873 0.659308 0
    outer loop
      vertex 4.81802 63.182 33
      vertex 4.42991 62.7394 3
      vertex 4.42991 62.7394 33
    endloop
  endfacet
  facet normal 0.659298 0.751882 -0
    outer loop
      vertex 11.182 63.182 3
      vertex 10.7394 63.5701 33
      vertex 11.182 63.182 33
    endloop
  endfacet
  facet normal 0.659298 0.751882 0
    outer loop
      vertex 10.7394 63.5701 33
      vertex 11.182 63.182 3
      vertex 10.7394 63.5701 3
    endloop
  endfacet
  facet normal -0.89686 -0.442314 0
    outer loop
      vertex 4.10289 57.75 3
      vertex 3.84254 58.2779 33
      vertex 3.84254 58.2779 3
    endloop
  endfacet
  facet normal -0.89686 -0.442314 0
    outer loop
      vertex 3.84254 58.2779 33
      vertex 4.10289 57.75 3
      vertex 4.10289 57.75 33
    endloop
  endfacet
  facet normal 0.831475 -0.555562 0
    outer loop
      vertex 11.5701 57.2606 33
      vertex 11.8971 57.75 3
      vertex 11.8971 57.75 33
    endloop
  endfacet
  facet normal 0.831475 -0.555562 0
    outer loop
      vertex 11.8971 57.75 3
      vertex 11.5701 57.2606 33
      vertex 11.5701 57.2606 3
    endloop
  endfacet
  facet normal 0.896827 0.442382 0
    outer loop
      vertex 12.1575 61.7221 33
      vertex 11.8971 62.25 3
      vertex 11.8971 62.25 33
    endloop
  endfacet
  facet normal 0.896827 0.442382 0
    outer loop
      vertex 11.8971 62.25 3
      vertex 12.1575 61.7221 33
      vertex 12.1575 61.7221 3
    endloop
  endfacet
  facet normal -0.0654061 -0.997859 0
    outer loop
      vertex 7.41263 55.5385 3
      vertex 8 55.5 33
      vertex 7.41263 55.5385 33
    endloop
  endfacet
  facet normal -0.0654061 -0.997859 -0
    outer loop
      vertex 8 55.5 33
      vertex 7.41263 55.5385 3
      vertex 8 55.5 3
    endloop
  endfacet
  facet normal 0.0654061 0.997859 -0
    outer loop
      vertex 8.58737 64.4615 3
      vertex 8 64.5 33
      vertex 8.58737 64.4615 33
    endloop
  endfacet
  facet normal 0.0654061 0.997859 0
    outer loop
      vertex 8 64.5 33
      vertex 8.58737 64.4615 3
      vertex 8 64.5 3
    endloop
  endfacet
  facet normal -0.555539 -0.831491 0
    outer loop
      vertex 5.26057 56.4299 3
      vertex 5.75 56.1029 33
      vertex 5.26057 56.4299 33
    endloop
  endfacet
  facet normal -0.555539 -0.831491 -0
    outer loop
      vertex 5.75 56.1029 33
      vertex 5.26057 56.4299 3
      vertex 5.75 56.1029 3
    endloop
  endfacet
  facet normal 0.555562 -0.831475 0
    outer loop
      vertex 10.25 56.1029 3
      vertex 10.7394 56.4299 33
      vertex 10.25 56.1029 33
    endloop
  endfacet
  facet normal 0.555562 -0.831475 0
    outer loop
      vertex 10.7394 56.4299 33
      vertex 10.25 56.1029 3
      vertex 10.7394 56.4299 3
    endloop
  endfacet
  facet normal 0.946936 0.321421 0
    outer loop
      vertex 12.3467 61.1647 33
      vertex 12.1575 61.7221 3
      vertex 12.1575 61.7221 33
    endloop
  endfacet
  facet normal 0.946936 0.321421 0
    outer loop
      vertex 12.1575 61.7221 3
      vertex 12.3467 61.1647 33
      vertex 12.3467 61.1647 3
    endloop
  endfacet
  facet normal -0.980786 0.195087 0
    outer loop
      vertex 3.5385 60.5874 3
      vertex 3.65333 61.1647 33
      vertex 3.65333 61.1647 3
    endloop
  endfacet
  facet normal -0.980786 0.195087 0
    outer loop
      vertex 3.65333 61.1647 33
      vertex 3.5385 60.5874 3
      vertex 3.5385 60.5874 33
    endloop
  endfacet
  facet normal -0.0654061 0.997859 0
    outer loop
      vertex 8 64.5 3
      vertex 7.41263 64.4615 33
      vertex 8 64.5 33
    endloop
  endfacet
  facet normal -0.0654061 0.997859 0
    outer loop
      vertex 7.41263 64.4615 33
      vertex 8 64.5 3
      vertex 7.41263 64.4615 3
    endloop
  endfacet
  facet normal -0.321432 -0.946933 0
    outer loop
      vertex 6.27793 55.8425 3
      vertex 6.83531 55.6533 33
      vertex 6.27793 55.8425 33
    endloop
  endfacet
  facet normal -0.321432 -0.946933 -0
    outer loop
      vertex 6.83531 55.6533 33
      vertex 6.27793 55.8425 3
      vertex 6.83531 55.6533 3
    endloop
  endfacet
  facet normal -0.980786 -0.195087 0
    outer loop
      vertex 3.65333 58.8353 3
      vertex 3.5385 59.4126 33
      vertex 3.5385 59.4126 3
    endloop
  endfacet
  facet normal -0.980786 -0.195087 0
    outer loop
      vertex 3.5385 59.4126 33
      vertex 3.65333 58.8353 3
      vertex 3.65333 58.8353 33
    endloop
  endfacet
  facet normal -0.751873 -0.659308 0
    outer loop
      vertex 4.81802 56.818 3
      vertex 4.42991 57.2606 33
      vertex 4.42991 57.2606 3
    endloop
  endfacet
  facet normal -0.751873 -0.659308 0
    outer loop
      vertex 4.42991 57.2606 33
      vertex 4.81802 56.818 3
      vertex 4.81802 56.818 33
    endloop
  endfacet
  facet normal -0.195031 -0.980797 0
    outer loop
      vertex 6.83531 55.6533 3
      vertex 7.41263 55.5385 33
      vertex 6.83531 55.6533 33
    endloop
  endfacet
  facet normal -0.195031 -0.980797 -0
    outer loop
      vertex 7.41263 55.5385 33
      vertex 6.83531 55.6533 3
      vertex 7.41263 55.5385 3
    endloop
  endfacet
  facet normal -0.831459 0.555586 0
    outer loop
      vertex 4.10289 62.25 3
      vertex 4.42991 62.7394 33
      vertex 4.42991 62.7394 3
    endloop
  endfacet
  facet normal -0.831459 0.555586 0
    outer loop
      vertex 4.42991 62.7394 33
      vertex 4.10289 62.25 3
      vertex 4.10289 62.25 33
    endloop
  endfacet
  facet normal -0.751796 0.659396 0
    outer loop
      vertex 9.48492 58.5151 27.4
      vertex 9.66604 58.7216 33
      vertex 9.66604 58.7216 27.4
    endloop
  endfacet
  facet normal -0.751796 0.659396 0
    outer loop
      vertex 9.66604 58.7216 33
      vertex 9.48492 58.5151 27.4
      vertex 9.48492 58.5151 33
    endloop
  endfacet
  facet normal -0.980776 -0.195136 0
    outer loop
      vertex 10.082 60.2741 27.4
      vertex 10.0284 60.5435 33
      vertex 10.0284 60.5435 27.4
    endloop
  endfacet
  facet normal -0.980776 -0.195136 0
    outer loop
      vertex 10.0284 60.5435 33
      vertex 10.082 60.2741 27.4
      vertex 10.082 60.2741 33
    endloop
  endfacet
  facet normal -0.997851 -0.0655283 0
    outer loop
      vertex 10.1 60 27.4
      vertex 10.082 60.2741 33
      vertex 10.082 60.2741 27.4
    endloop
  endfacet
  facet normal -0.997851 -0.0655283 0
    outer loop
      vertex 10.082 60.2741 33
      vertex 10.1 60 27.4
      vertex 10.1 60 33
    endloop
  endfacet
  facet normal -0.946977 -0.321302 0
    outer loop
      vertex 10.0284 60.5435 27.4
      vertex 9.94015 60.8036 33
      vertex 9.94015 60.8036 27.4
    endloop
  endfacet
  facet normal -0.946977 -0.321302 0
    outer loop
      vertex 9.94015 60.8036 33
      vertex 10.0284 60.5435 27.4
      vertex 10.0284 60.5435 33
    endloop
  endfacet
  facet normal -0.831473 -0.555565 0
    outer loop
      vertex 9.81865 61.05 27.4
      vertex 9.66604 61.2784 33
      vertex 9.66604 61.2784 27.4
    endloop
  endfacet
  facet normal -0.831473 -0.555565 0
    outer loop
      vertex 9.66604 61.2784 33
      vertex 9.81865 61.05 27.4
      vertex 9.81865 61.05 33
    endloop
  endfacet
  facet normal 0.555792 0.831322 -0
    outer loop
      vertex 6.95 58.1813 27.4
      vertex 6.7216 58.334 33
      vertex 6.95 58.1813 33
    endloop
  endfacet
  facet normal 0.555792 0.831322 0
    outer loop
      vertex 6.7216 58.334 33
      vertex 6.95 58.1813 27.4
      vertex 6.7216 58.334 27.4
    endloop
  endfacet
  facet normal -0.195122 -0.980779 0
    outer loop
      vertex 8.2741 62.082 27.4
      vertex 8.54352 62.0284 33
      vertex 8.2741 62.082 33
    endloop
  endfacet
  facet normal -0.195122 -0.980779 -0
    outer loop
      vertex 8.54352 62.0284 33
      vertex 8.2741 62.082 27.4
      vertex 8.54352 62.0284 27.4
    endloop
  endfacet
  facet normal -0.997851 0.0655283 0
    outer loop
      vertex 10.082 59.7259 27.4
      vertex 10.1 60 33
      vertex 10.1 60 27.4
    endloop
  endfacet
  facet normal -0.997851 0.0655283 0
    outer loop
      vertex 10.1 60 33
      vertex 10.082 59.7259 27.4
      vertex 10.082 59.7259 33
    endloop
  endfacet
  facet normal -0.896889 -0.442256 0
    outer loop
      vertex 9.94015 60.8036 27.4
      vertex 9.81865 61.05 33
      vertex 9.81865 61.05 27.4
    endloop
  endfacet
  facet normal -0.896889 -0.442256 0
    outer loop
      vertex 9.81865 61.05 33
      vertex 9.94015 60.8036 27.4
      vertex 9.94015 60.8036 33
    endloop
  endfacet
  facet normal 0.946932 0.321433 0
    outer loop
      vertex 6.05985 59.1964 33
      vertex 5.97156 59.4565 27.4
      vertex 5.97156 59.4565 33
    endloop
  endfacet
  facet normal 0.946932 0.321433 0
    outer loop
      vertex 5.97156 59.4565 27.4
      vertex 6.05985 59.1964 33
      vertex 6.05985 59.1964 27.4
    endloop
  endfacet
  facet normal 0.980783 -0.195101 0
    outer loop
      vertex 5.91797 60.2741 33
      vertex 5.97156 60.5435 27.4
      vertex 5.97156 60.5435 33
    endloop
  endfacet
  facet normal 0.980783 -0.195101 0
    outer loop
      vertex 5.97156 60.5435 27.4
      vertex 5.91797 60.2741 33
      vertex 5.91797 60.2741 27.4
    endloop
  endfacet
  facet normal 0.659319 0.751864 -0
    outer loop
      vertex 6.7216 58.334 27.4
      vertex 6.51508 58.5151 33
      vertex 6.7216 58.334 33
    endloop
  endfacet
  facet normal 0.659319 0.751864 0
    outer loop
      vertex 6.51508 58.5151 33
      vertex 6.7216 58.334 27.4
      vertex 6.51508 58.5151 27.4
    endloop
  endfacet
  facet normal 0.195122 -0.980779 0
    outer loop
      vertex 7.45648 62.0284 27.4
      vertex 7.7259 62.082 33
      vertex 7.45648 62.0284 33
    endloop
  endfacet
  facet normal 0.195122 -0.980779 0
    outer loop
      vertex 7.7259 62.082 33
      vertex 7.45648 62.0284 27.4
      vertex 7.7259 62.082 27.4
    endloop
  endfacet
  facet normal -0.195122 0.980779 0
    outer loop
      vertex 8.54352 57.9716 27.4
      vertex 8.2741 57.918 33
      vertex 8.54352 57.9716 33
    endloop
  endfacet
  facet normal -0.195122 0.980779 0
    outer loop
      vertex 8.2741 57.918 33
      vertex 8.54352 57.9716 27.4
      vertex 8.2741 57.918 27.4
    endloop
  endfacet
  facet normal -0.442007 0.897012 0
    outer loop
      vertex 9.05 58.1813 27.4
      vertex 8.80363 58.0599 33
      vertex 9.05 58.1813 33
    endloop
  endfacet
  facet normal -0.442007 0.897012 0
    outer loop
      vertex 8.80363 58.0599 33
      vertex 9.05 58.1813 27.4
      vertex 8.80363 58.0599 27.4
    endloop
  endfacet
  facet normal 0.831473 -0.555565 0
    outer loop
      vertex 6.18135 61.05 33
      vertex 6.33396 61.2784 27.4
      vertex 6.33396 61.2784 33
    endloop
  endfacet
  facet normal 0.831473 -0.555565 0
    outer loop
      vertex 6.33396 61.2784 27.4
      vertex 6.18135 61.05 33
      vertex 6.18135 61.05 27.4
    endloop
  endfacet
  facet normal -0.555792 -0.831322 0
    outer loop
      vertex 9.05 61.8187 27.4
      vertex 9.2784 61.666 33
      vertex 9.05 61.8187 33
    endloop
  endfacet
  facet normal -0.555792 -0.831322 -0
    outer loop
      vertex 9.2784 61.666 33
      vertex 9.05 61.8187 27.4
      vertex 9.2784 61.666 27.4
    endloop
  endfacet
  facet normal -0.831473 0.555565 0
    outer loop
      vertex 9.66604 58.7216 27.4
      vertex 9.81865 58.95 33
      vertex 9.81865 58.95 27.4
    endloop
  endfacet
  facet normal -0.831473 0.555565 0
    outer loop
      vertex 9.81865 58.95 33
      vertex 9.66604 58.7216 27.4
      vertex 9.66604 58.7216 33
    endloop
  endfacet
  facet normal -0.442007 -0.897012 0
    outer loop
      vertex 8.80363 61.9401 27.4
      vertex 9.05 61.8187 33
      vertex 8.80363 61.9401 33
    endloop
  endfacet
  facet normal -0.442007 -0.897012 -0
    outer loop
      vertex 9.05 61.8187 33
      vertex 8.80363 61.9401 27.4
      vertex 9.05 61.8187 27.4
    endloop
  endfacet
  facet normal -0.980776 0.195136 0
    outer loop
      vertex 10.0284 59.4565 27.4
      vertex 10.082 59.7259 33
      vertex 10.082 59.7259 27.4
    endloop
  endfacet
  facet normal -0.980776 0.195136 0
    outer loop
      vertex 10.082 59.7259 33
      vertex 10.0284 59.4565 27.4
      vertex 10.0284 59.4565 33
    endloop
  endfacet
  facet normal 0.321454 -0.946925 0
    outer loop
      vertex 7.19637 61.9401 27.4
      vertex 7.45648 62.0284 33
      vertex 7.19637 61.9401 33
    endloop
  endfacet
  facet normal 0.321454 -0.946925 0
    outer loop
      vertex 7.45648 62.0284 33
      vertex 7.19637 61.9401 27.4
      vertex 7.45648 62.0284 27.4
    endloop
  endfacet
  facet normal 0.442007 -0.897012 0
    outer loop
      vertex 6.95 61.8187 27.4
      vertex 7.19637 61.9401 33
      vertex 6.95 61.8187 33
    endloop
  endfacet
  facet normal 0.442007 -0.897012 0
    outer loop
      vertex 7.19637 61.9401 33
      vertex 6.95 61.8187 27.4
      vertex 7.19637 61.9401 27.4
    endloop
  endfacet
  facet normal 0.555792 -0.831322 0
    outer loop
      vertex 6.7216 61.666 27.4
      vertex 6.95 61.8187 33
      vertex 6.7216 61.666 33
    endloop
  endfacet
  facet normal 0.555792 -0.831322 0
    outer loop
      vertex 6.95 61.8187 33
      vertex 6.7216 61.666 27.4
      vertex 6.95 61.8187 27.4
    endloop
  endfacet
  facet normal -0.659319 0.751864 0
    outer loop
      vertex 9.48492 58.5151 27.4
      vertex 9.2784 58.334 33
      vertex 9.48492 58.5151 33
    endloop
  endfacet
  facet normal -0.659319 0.751864 0
    outer loop
      vertex 9.2784 58.334 33
      vertex 9.48492 58.5151 27.4
      vertex 9.2784 58.334 27.4
    endloop
  endfacet
  facet normal 0.751796 -0.659396 0
    outer loop
      vertex 6.33396 61.2784 33
      vertex 6.51508 61.4849 27.4
      vertex 6.51508 61.4849 33
    endloop
  endfacet
  facet normal 0.751796 -0.659396 0
    outer loop
      vertex 6.51508 61.4849 27.4
      vertex 6.33396 61.2784 33
      vertex 6.33396 61.2784 27.4
    endloop
  endfacet
  facet normal -0.0655283 -0.997851 0
    outer loop
      vertex 8 62.1 27.4
      vertex 8.2741 62.082 33
      vertex 8 62.1 33
    endloop
  endfacet
  facet normal -0.0655283 -0.997851 -0
    outer loop
      vertex 8.2741 62.082 33
      vertex 8 62.1 27.4
      vertex 8.2741 62.082 27.4
    endloop
  endfacet
  facet normal -0.321454 0.946925 0
    outer loop
      vertex 8.80363 58.0599 27.4
      vertex 8.54352 57.9716 33
      vertex 8.80363 58.0599 33
    endloop
  endfacet
  facet normal -0.321454 0.946925 0
    outer loop
      vertex 8.54352 57.9716 33
      vertex 8.80363 58.0599 27.4
      vertex 8.54352 57.9716 27.4
    endloop
  endfacet
  facet normal 0.321454 0.946925 -0
    outer loop
      vertex 7.45648 57.9716 27.4
      vertex 7.19637 58.0599 33
      vertex 7.45648 57.9716 33
    endloop
  endfacet
  facet normal 0.321454 0.946925 0
    outer loop
      vertex 7.19637 58.0599 33
      vertex 7.45648 57.9716 27.4
      vertex 7.19637 58.0599 27.4
    endloop
  endfacet
  facet normal 0.751796 0.659396 0
    outer loop
      vertex 6.51508 58.5151 33
      vertex 6.33396 58.7216 27.4
      vertex 6.33396 58.7216 33
    endloop
  endfacet
  facet normal 0.751796 0.659396 0
    outer loop
      vertex 6.33396 58.7216 27.4
      vertex 6.51508 58.5151 33
      vertex 6.51508 58.5151 27.4
    endloop
  endfacet
  facet normal 0.896889 -0.442256 0
    outer loop
      vertex 6.05985 60.8036 33
      vertex 6.18135 61.05 27.4
      vertex 6.18135 61.05 33
    endloop
  endfacet
  facet normal 0.896889 -0.442256 0
    outer loop
      vertex 6.18135 61.05 27.4
      vertex 6.05985 60.8036 33
      vertex 6.05985 60.8036 27.4
    endloop
  endfacet
  facet normal -0.896889 0.442256 0
    outer loop
      vertex 9.81865 58.95 27.4
      vertex 9.94015 59.1964 33
      vertex 9.94015 59.1964 27.4
    endloop
  endfacet
  facet normal -0.896889 0.442256 0
    outer loop
      vertex 9.94015 59.1964 33
      vertex 9.81865 58.95 27.4
      vertex 9.81865 58.95 33
    endloop
  endfacet
  facet normal 0.0655283 -0.997851 0
    outer loop
      vertex 7.7259 62.082 27.4
      vertex 8 62.1 33
      vertex 7.7259 62.082 33
    endloop
  endfacet
  facet normal 0.0655283 -0.997851 0
    outer loop
      vertex 8 62.1 33
      vertex 7.7259 62.082 27.4
      vertex 8 62.1 27.4
    endloop
  endfacet
  facet normal 0.946932 -0.321433 0
    outer loop
      vertex 5.97156 60.5435 33
      vertex 6.05985 60.8036 27.4
      vertex 6.05985 60.8036 33
    endloop
  endfacet
  facet normal 0.946932 -0.321433 0
    outer loop
      vertex 6.05985 60.8036 27.4
      vertex 5.97156 60.5435 33
      vertex 5.97156 60.5435 27.4
    endloop
  endfacet
  facet normal -0.321454 -0.946925 0
    outer loop
      vertex 8.54352 62.0284 27.4
      vertex 8.80363 61.9401 33
      vertex 8.54352 62.0284 33
    endloop
  endfacet
  facet normal -0.321454 -0.946925 -0
    outer loop
      vertex 8.80363 61.9401 33
      vertex 8.54352 62.0284 27.4
      vertex 8.80363 61.9401 27.4
    endloop
  endfacet
  facet normal -0.946977 0.321302 0
    outer loop
      vertex 9.94015 59.1964 27.4
      vertex 10.0284 59.4565 33
      vertex 10.0284 59.4565 27.4
    endloop
  endfacet
  facet normal -0.946977 0.321302 0
    outer loop
      vertex 10.0284 59.4565 33
      vertex 9.94015 59.1964 27.4
      vertex 9.94015 59.1964 33
    endloop
  endfacet
  facet normal 0.980783 0.195101 0
    outer loop
      vertex 5.97156 59.4565 33
      vertex 5.91797 59.7259 27.4
      vertex 5.91797 59.7259 33
    endloop
  endfacet
  facet normal 0.980783 0.195101 0
    outer loop
      vertex 5.91797 59.7259 27.4
      vertex 5.97156 59.4565 33
      vertex 5.97156 59.4565 27.4
    endloop
  endfacet
  facet normal -0.751796 -0.659396 0
    outer loop
      vertex 9.66604 61.2784 27.4
      vertex 9.48492 61.4849 33
      vertex 9.48492 61.4849 27.4
    endloop
  endfacet
  facet normal -0.751796 -0.659396 0
    outer loop
      vertex 9.48492 61.4849 33
      vertex 9.66604 61.2784 27.4
      vertex 9.66604 61.2784 33
    endloop
  endfacet
  facet normal 0.659319 -0.751864 0
    outer loop
      vertex 6.51508 61.4849 27.4
      vertex 6.7216 61.666 33
      vertex 6.51508 61.4849 33
    endloop
  endfacet
  facet normal 0.659319 -0.751864 0
    outer loop
      vertex 6.7216 61.666 33
      vertex 6.51508 61.4849 27.4
      vertex 6.7216 61.666 27.4
    endloop
  endfacet
  facet normal 0.896889 0.442256 0
    outer loop
      vertex 6.18135 58.95 33
      vertex 6.05985 59.1964 27.4
      vertex 6.05985 59.1964 33
    endloop
  endfacet
  facet normal 0.896889 0.442256 0
    outer loop
      vertex 6.05985 59.1964 27.4
      vertex 6.18135 58.95 33
      vertex 6.18135 58.95 27.4
    endloop
  endfacet
  facet normal -0.0655283 0.997851 0
    outer loop
      vertex 8.2741 57.918 27.4
      vertex 8 57.9 33
      vertex 8.2741 57.918 33
    endloop
  endfacet
  facet normal -0.0655283 0.997851 0
    outer loop
      vertex 8 57.9 33
      vertex 8.2741 57.918 27.4
      vertex 8 57.9 27.4
    endloop
  endfacet
  facet normal 0.0655283 0.997851 -0
    outer loop
      vertex 8 57.9 27.4
      vertex 7.7259 57.918 33
      vertex 8 57.9 33
    endloop
  endfacet
  facet normal 0.0655283 0.997851 0
    outer loop
      vertex 7.7259 57.918 33
      vertex 8 57.9 27.4
      vertex 7.7259 57.918 27.4
    endloop
  endfacet
  facet normal 0.997858 -0.0654196 0
    outer loop
      vertex 5.9 60 33
      vertex 5.91797 60.2741 27.4
      vertex 5.91797 60.2741 33
    endloop
  endfacet
  facet normal 0.997858 -0.0654196 0
    outer loop
      vertex 5.91797 60.2741 27.4
      vertex 5.9 60 33
      vertex 5.9 60 27.4
    endloop
  endfacet
  facet normal -0.659319 -0.751864 0
    outer loop
      vertex 9.2784 61.666 27.4
      vertex 9.48492 61.4849 33
      vertex 9.2784 61.666 33
    endloop
  endfacet
  facet normal -0.659319 -0.751864 -0
    outer loop
      vertex 9.48492 61.4849 33
      vertex 9.2784 61.666 27.4
      vertex 9.48492 61.4849 27.4
    endloop
  endfacet
  facet normal 0.831473 0.555565 0
    outer loop
      vertex 6.33396 58.7216 33
      vertex 6.18135 58.95 27.4
      vertex 6.18135 58.95 33
    endloop
  endfacet
  facet normal 0.831473 0.555565 0
    outer loop
      vertex 6.18135 58.95 27.4
      vertex 6.33396 58.7216 33
      vertex 6.33396 58.7216 27.4
    endloop
  endfacet
  facet normal -0.555792 0.831322 0
    outer loop
      vertex 9.2784 58.334 27.4
      vertex 9.05 58.1813 33
      vertex 9.2784 58.334 33
    endloop
  endfacet
  facet normal -0.555792 0.831322 0
    outer loop
      vertex 9.05 58.1813 33
      vertex 9.2784 58.334 27.4
      vertex 9.05 58.1813 27.4
    endloop
  endfacet
  facet normal 0.997858 0.0654196 0
    outer loop
      vertex 5.91797 59.7259 33
      vertex 5.9 60 27.4
      vertex 5.9 60 33
    endloop
  endfacet
  facet normal 0.997858 0.0654196 0
    outer loop
      vertex 5.9 60 27.4
      vertex 5.91797 59.7259 33
      vertex 5.91797 59.7259 27.4
    endloop
  endfacet
  facet normal 0.195122 0.980779 -0
    outer loop
      vertex 7.7259 57.918 27.4
      vertex 7.45648 57.9716 33
      vertex 7.7259 57.918 33
    endloop
  endfacet
  facet normal 0.195122 0.980779 0
    outer loop
      vertex 7.45648 57.9716 33
      vertex 7.7259 57.918 27.4
      vertex 7.45648 57.9716 27.4
    endloop
  endfacet
  facet normal 0 0 1
    outer loop
      vertex 10.082 60.2741 27.4
      vertex 10.082 59.7259 27.4
      vertex 10.1 60 27.4
    endloop
  endfacet
  facet normal 0 0 1
    outer loop
      vertex 10.0284 60.5435 27.4
      vertex 10.082 59.7259 27.4
      vertex 10.082 60.2741 27.4
    endloop
  endfacet
  facet normal 0 0 1
    outer loop
      vertex 10.0284 60.5435 27.4
      vertex 10.0284 59.4565 27.4
      vertex 10.082 59.7259 27.4
    endloop
  endfacet
  facet normal 0 0 1
    outer loop
      vertex 9.94015 60.8036 27.4
      vertex 10.0284 59.4565 27.4
      vertex 10.0284 60.5435 27.4
    endloop
  endfacet
  facet normal 0 0 1
    outer loop
      vertex 9.94015 60.8036 27.4
      vertex 9.94015 59.1964 27.4
      vertex 10.0284 59.4565 27.4
    endloop
  endfacet
  facet normal 0 0 1
    outer loop
      vertex 9.81865 61.05 27.4
      vertex 9.94015 59.1964 27.4
      vertex 9.94015 60.8036 27.4
    endloop
  endfacet
  facet normal 0 0 1
    outer loop
      vertex 9.81865 61.05 27.4
      vertex 9.81865 58.95 27.4
      vertex 9.94015 59.1964 27.4
    endloop
  endfacet
  facet normal 0 0 1
    outer loop
      vertex 9.66604 61.2784 27.4
      vertex 9.81865 58.95 27.4
      vertex 9.81865 61.05 27.4
    endloop
  endfacet
  facet normal 0 0 1
    outer loop
      vertex 9.66604 61.2784 27.4
      vertex 9.66604 58.7216 27.4
      vertex 9.81865 58.95 27.4
    endloop
  endfacet
  facet normal 0 0 1
    outer loop
      vertex 9.48492 61.4849 27.4
      vertex 9.66604 58.7216 27.4
      vertex 9.66604 61.2784 27.4
    endloop
  endfacet
  facet normal 0 0 1
    outer loop
      vertex 9.48492 61.4849 27.4
      vertex 9.48492 58.5151 27.4
      vertex 9.66604 58.7216 27.4
    endloop
  endfacet
  facet normal 0 0 1
    outer loop
      vertex 9.2784 61.666 27.4
      vertex 9.48492 58.5151 27.4
      vertex 9.48492 61.4849 27.4
    endloop
  endfacet
  facet normal 0 0 1
    outer loop
      vertex 9.2784 61.666 27.4
      vertex 9.2784 58.334 27.4
      vertex 9.48492 58.5151 27.4
    endloop
  endfacet
  facet normal 0 0 1
    outer loop
      vertex 9.05 61.8187 27.4
      vertex 9.2784 58.334 27.4
      vertex 9.2784 61.666 27.4
    endloop
  endfacet
  facet normal 0 0 1
    outer loop
      vertex 9.05 61.8187 27.4
      vertex 9.05 58.1813 27.4
      vertex 9.2784 58.334 27.4
    endloop
  endfacet
  facet normal 0 0 1
    outer loop
      vertex 8.80363 61.9401 27.4
      vertex 9.05 58.1813 27.4
      vertex 9.05 61.8187 27.4
    endloop
  endfacet
  facet normal 0 0 1
    outer loop
      vertex 8.80363 61.9401 27.4
      vertex 8.80363 58.0599 27.4
      vertex 9.05 58.1813 27.4
    endloop
  endfacet
  facet normal 0 0 1
    outer loop
      vertex 8.54352 62.0284 27.4
      vertex 8.80363 58.0599 27.4
      vertex 8.80363 61.9401 27.4
    endloop
  endfacet
  facet normal 0 0 1
    outer loop
      vertex 8.54352 62.0284 27.4
      vertex 8.54352 57.9716 27.4
      vertex 8.80363 58.0599 27.4
    endloop
  endfacet
  facet normal 0 0 1
    outer loop
      vertex 8.2741 62.082 27.4
      vertex 8.54352 57.9716 27.4
      vertex 8.54352 62.0284 27.4
    endloop
  endfacet
  facet normal 0 0 1
    outer loop
      vertex 8.2741 62.082 27.4
      vertex 8.2741 57.918 27.4
      vertex 8.54352 57.9716 27.4
    endloop
  endfacet
  facet normal 0 0 1
    outer loop
      vertex 8 62.1 27.4
      vertex 8.2741 57.918 27.4
      vertex 8.2741 62.082 27.4
    endloop
  endfacet
  facet normal 0 0 1
    outer loop
      vertex 8 62.1 27.4
      vertex 8 57.9 27.4
      vertex 8.2741 57.918 27.4
    endloop
  endfacet
  facet normal -0 0 1
    outer loop
      vertex 7.7259 62.082 27.4
      vertex 8 57.9 27.4
      vertex 8 62.1 27.4
    endloop
  endfacet
  facet normal 0 0 1
    outer loop
      vertex 7.7259 62.082 27.4
      vertex 7.7259 57.918 27.4
      vertex 8 57.9 27.4
    endloop
  endfacet
  facet normal -0 0 1
    outer loop
      vertex 7.45648 62.0284 27.4
      vertex 7.7259 57.918 27.4
      vertex 7.7259 62.082 27.4
    endloop
  endfacet
  facet normal 0 0 1
    outer loop
      vertex 7.45648 62.0284 27.4
      vertex 7.45648 57.9716 27.4
      vertex 7.7259 57.918 27.4
    endloop
  endfacet
  facet normal -0 0 1
    outer loop
      vertex 7.19637 61.9401 27.4
      vertex 7.45648 57.9716 27.4
      vertex 7.45648 62.0284 27.4
    endloop
  endfacet
  facet normal 0 0 1
    outer loop
      vertex 7.19637 61.9401 27.4
      vertex 7.19637 58.0599 27.4
      vertex 7.45648 57.9716 27.4
    endloop
  endfacet
  facet normal -0 0 1
    outer loop
      vertex 6.95 61.8187 27.4
      vertex 7.19637 58.0599 27.4
      vertex 7.19637 61.9401 27.4
    endloop
  endfacet
  facet normal 0 0 1
    outer loop
      vertex 6.95 61.8187 27.4
      vertex 6.95 58.1813 27.4
      vertex 7.19637 58.0599 27.4
    endloop
  endfacet
  facet normal -0 0 1
    outer loop
      vertex 6.7216 61.666 27.4
      vertex 6.95 58.1813 27.4
      vertex 6.95 61.8187 27.4
    endloop
  endfacet
  facet normal 0 0 1
    outer loop
      vertex 6.7216 61.666 27.4
      vertex 6.7216 58.334 27.4
      vertex 6.95 58.1813 27.4
    endloop
  endfacet
  facet normal -0 0 1
    outer loop
      vertex 6.51508 61.4849 27.4
      vertex 6.7216 58.334 27.4
      vertex 6.7216 61.666 27.4
    endloop
  endfacet
  facet normal 0 0 1
    outer loop
      vertex 6.51508 61.4849 27.4
      vertex 6.51508 58.5151 27.4
      vertex 6.7216 58.334 27.4
    endloop
  endfacet
  facet normal -0 0 1
    outer loop
      vertex 6.33396 61.2784 27.4
      vertex 6.51508 58.5151 27.4
      vertex 6.51508 61.4849 27.4
    endloop
  endfacet
  facet normal 0 0 1
    outer loop
      vertex 6.33396 61.2784 27.4
      vertex 6.33396 58.7216 27.4
      vertex 6.51508 58.5151 27.4
    endloop
  endfacet
  facet normal -0 0 1
    outer loop
      vertex 6.18135 61.05 27.4
      vertex 6.33396 58.7216 27.4
      vertex 6.33396 61.2784 27.4
    endloop
  endfacet
  facet normal 0 0 1
    outer loop
      vertex 6.18135 61.05 27.4
      vertex 6.18135 58.95 27.4
      vertex 6.33396 58.7216 27.4
    endloop
  endfacet
  facet normal -0 0 1
    outer loop
      vertex 6.05985 60.8036 27.4
      vertex 6.18135 58.95 27.4
      vertex 6.18135 61.05 27.4
    endloop
  endfacet
  facet normal 0 0 1
    outer loop
      vertex 6.05985 60.8036 27.4
      vertex 6.05985 59.1964 27.4
      vertex 6.18135 58.95 27.4
    endloop
  endfacet
  facet normal -0 0 1
    outer loop
      vertex 5.97156 60.5435 27.4
      vertex 6.05985 59.1964 27.4
      vertex 6.05985 60.8036 27.4
    endloop
  endfacet
  facet normal 0 0 1
    outer loop
      vertex 5.97156 60.5435 27.4
      vertex 5.97156 59.4565 27.4
      vertex 6.05985 59.1964 27.4
    endloop
  endfacet
  facet normal -0 0 1
    outer loop
      vertex 5.91797 60.2741 27.4
      vertex 5.97156 59.4565 27.4
      vertex 5.97156 60.5435 27.4
    endloop
  endfacet
  facet normal 0 0 1
    outer loop
      vertex 5.91797 60.2741 27.4
      vertex 5.91797 59.7259 27.4
      vertex 5.97156 59.4565 27.4
    endloop
  endfacet
  facet normal 0 -0 1
    outer loop
      vertex 5.91797 59.7259 27.4
      vertex 5.91797 60.2741 27.4
      vertex 5.9 60 27.4
    endloop
  endfacet
  facet normal 0.442007 0.897012 -0
    outer loop
      vertex 7.19637 58.0599 27.4
      vertex 6.95 58.1813 33
      vertex 7.19637 58.0599 33
    endloop
  endfacet
  facet normal 0.442007 0.897012 0
    outer loop
      vertex 6.95 58.1813 33
      vertex 7.19637 58.0599 27.4
      vertex 6.95 58.1813 27.4
    endloop
  endfacet
  facet normal 0.980797 0.195031 0
    outer loop
      vertex 92.4615 8.58737 33
      vertex 92.3467 9.16469 3
      vertex 92.3467 9.16469 33
    endloop
  endfacet
  facet normal 0.980797 0.195031 0
    outer loop
      vertex 92.3467 9.16469 3
      vertex 92.4615 8.58737 33
      vertex 92.4615 8.58737 3
    endloop
  endfacet
  facet normal 0.997859 0.0654061 0
    outer loop
      vertex 92.5 8 33
      vertex 92.4615 8.58737 3
      vertex 92.4615 8.58737 33
    endloop
  endfacet
  facet normal 0.997859 0.0654061 0
    outer loop
      vertex 92.4615 8.58737 3
      vertex 92.5 8 33
      vertex 92.5 8 3
    endloop
  endfacet
  facet normal 0.980797 -0.195031 0
    outer loop
      vertex 92.3467 6.83531 33
      vertex 92.4615 7.41263 3
      vertex 92.4615 7.41263 33
    endloop
  endfacet
  facet normal 0.980797 -0.195031 0
    outer loop
      vertex 92.4615 7.41263 3
      vertex 92.3467 6.83531 33
      vertex 92.3467 6.83531 3
    endloop
  endfacet
  facet normal 0 0 1
    outer loop
      vertex 90.1 8 33
      vertex 92.5 8 33
      vertex 92.4615 8.58737 33
    endloop
  endfacet
  facet normal 0 0 1
    outer loop
      vertex 90.082 8.2741 33
      vertex 92.4615 8.58737 33
      vertex 92.3467 9.16469 33
    endloop
  endfacet
  facet normal 0 0 1
    outer loop
      vertex 92.5 8 33
      vertex 90.1 8 33
      vertex 92.4615 7.41263 33
    endloop
  endfacet
  facet normal 0 0 1
    outer loop
      vertex 90.0284 8.54352 33
      vertex 92.3467 9.16469 33
      vertex 92.1575 9.72207 33
    endloop
  endfacet
  facet normal -0 0 1
    outer loop
      vertex 90.082 7.7259 33
      vertex 92.4615 7.41263 33
      vertex 90.1 8 33
    endloop
  endfacet
  facet normal 0 0 1
    outer loop
      vertex 89.9401 8.80363 33
      vertex 92.1575 9.72207 33
      vertex 91.8971 10.25 33
    endloop
  endfacet
  facet normal 0 0 1
    outer loop
      vertex 92.4615 7.41263 33
      vertex 90.082 7.7259 33
      vertex 92.3467 6.83531 33
    endloop
  endfacet
  facet normal 0 0 1
    outer loop
      vertex 89.8186 9.05 33
      vertex 91.8971 10.25 33
      vertex 91.5701 10.7394 33
    endloop
  endfacet
  facet normal -0 0 1
    outer loop
      vertex 90.0284 7.45648 33
      vertex 92.3467 6.83531 33
      vertex 90.082 7.7259 33
    endloop
  endfacet
  facet normal 0 0 1
    outer loop
      vertex 89.666 9.2784 33
      vertex 91.5701 10.7394 33
      vertex 91.182 11.182 33
    endloop
  endfacet
  facet normal 0 0 1
    outer loop
      vertex 92.3467 6.83531 33
      vertex 90.0284 7.45648 33
      vertex 92.1575 6.27793 33
    endloop
  endfacet
  facet normal 0 0 1
    outer loop
      vertex 89.4849 9.48492 33
      vertex 91.182 11.182 33
      vertex 90.7394 11.5701 33
    endloop
  endfacet
  facet normal -0 0 1
    outer loop
      vertex 89.9401 7.19637 33
      vertex 92.1575 6.27793 33
      vertex 90.0284 7.45648 33
    endloop
  endfacet
  facet normal 0 0 1
    outer loop
      vertex 89.2784 9.66604 33
      vertex 90.7394 11.5701 33
      vertex 90.25 11.8971 33
    endloop
  endfacet
  facet normal 0 0 1
    outer loop
      vertex 92.1575 6.27793 33
      vertex 89.9401 7.19637 33
      vertex 91.8971 5.75 33
    endloop
  endfacet
  facet normal -0 0 1
    outer loop
      vertex 89.8186 6.95 33
      vertex 91.8971 5.75 33
      vertex 89.9401 7.19637 33
    endloop
  endfacet
  facet normal 0 0 1
    outer loop
      vertex 92.4615 8.58737 33
      vertex 90.082 8.2741 33
      vertex 90.1 8 33
    endloop
  endfacet
  facet normal 0 0 1
    outer loop
      vertex 92.3467 9.16469 33
      vertex 90.0284 8.54352 33
      vertex 90.082 8.2741 33
    endloop
  endfacet
  facet normal 0 0 1
    outer loop
      vertex 92.1575 9.72207 33
      vertex 89.9401 8.80363 33
      vertex 90.0284 8.54352 33
    endloop
  endfacet
  facet normal 0 0 1
    outer loop
      vertex 91.8971 10.25 33
      vertex 89.8186 9.05 33
      vertex 89.9401 8.80363 33
    endloop
  endfacet
  facet normal 0 0 1
    outer loop
      vertex 89.05 9.81865 33
      vertex 90.25 11.8971 33
      vertex 89.7221 12.1575 33
    endloop
  endfacet
  facet normal 0 0 1
    outer loop
      vertex 91.5701 10.7394 33
      vertex 89.666 9.2784 33
      vertex 89.8186 9.05 33
    endloop
  endfacet
  facet normal 0 0 1
    outer loop
      vertex 91.182 11.182 33
      vertex 89.4849 9.48492 33
      vertex 89.666 9.2784 33
    endloop
  endfacet
  facet normal 0 0 1
    outer loop
      vertex 90.7394 11.5701 33
      vertex 89.2784 9.66604 33
      vertex 89.4849 9.48492 33
    endloop
  endfacet
  facet normal 0 0 1
    outer loop
      vertex 88.8036 9.94015 33
      vertex 89.7221 12.1575 33
      vertex 89.1647 12.3467 33
    endloop
  endfacet
  facet normal 0 0 1
    outer loop
      vertex 90.25 11.8971 33
      vertex 89.05 9.81865 33
      vertex 89.2784 9.66604 33
    endloop
  endfacet
  facet normal 0 0 1
    outer loop
      vertex 89.7221 12.1575 33
      vertex 88.8036 9.94015 33
      vertex 89.05 9.81865 33
    endloop
  endfacet
  facet normal 0 0 1
    outer loop
      vertex 88.5435 10.0284 33
      vertex 89.1647 12.3467 33
      vertex 88.5874 12.4615 33
    endloop
  endfacet
  facet normal 0 0 1
    outer loop
      vertex 89.1647 12.3467 33
      vertex 88.5435 10.0284 33
      vertex 88.8036 9.94015 33
    endloop
  endfacet
  facet normal 0 0 1
    outer loop
      vertex 88.5874 12.4615 33
      vertex 88.2741 10.082 33
      vertex 88.5435 10.0284 33
    endloop
  endfacet
  facet normal 0 0 1
    outer loop
      vertex 88 12.5 33
      vertex 88.2741 10.082 33
      vertex 88.5874 12.4615 33
    endloop
  endfacet
  facet normal 0 0 1
    outer loop
      vertex 88 12.5 33
      vertex 88 10.1 33
      vertex 88.2741 10.082 33
    endloop
  endfacet
  facet normal 0 0 1
    outer loop
      vertex 88 12.5 33
      vertex 87.7259 10.082 33
      vertex 88 10.1 33
    endloop
  endfacet
  facet normal -0 0 1
    outer loop
      vertex 87.4126 12.4615 33
      vertex 87.7259 10.082 33
      vertex 88 12.5 33
    endloop
  endfacet
  facet normal 0 0 1
    outer loop
      vertex 87.7259 10.082 33
      vertex 87.4126 12.4615 33
      vertex 87.4565 10.0284 33
    endloop
  endfacet
  facet normal -0 0 1
    outer loop
      vertex 86.8353 12.3467 33
      vertex 87.4565 10.0284 33
      vertex 87.4126 12.4615 33
    endloop
  endfacet
  facet normal 0 0 1
    outer loop
      vertex 87.4565 10.0284 33
      vertex 86.8353 12.3467 33
      vertex 87.1964 9.94015 33
    endloop
  endfacet
  facet normal -0 0 1
    outer loop
      vertex 86.2779 12.1575 33
      vertex 87.1964 9.94015 33
      vertex 86.8353 12.3467 33
    endloop
  endfacet
  facet normal 0 0 1
    outer loop
      vertex 87.1964 9.94015 33
      vertex 86.2779 12.1575 33
      vertex 86.95 9.81865 33
    endloop
  endfacet
  facet normal -0 0 1
    outer loop
      vertex 85.75 11.8971 33
      vertex 86.95 9.81865 33
      vertex 86.2779 12.1575 33
    endloop
  endfacet
  facet normal 0 0 1
    outer loop
      vertex 86.95 9.81865 33
      vertex 85.75 11.8971 33
      vertex 86.7216 9.66604 33
    endloop
  endfacet
  facet normal -0 0 1
    outer loop
      vertex 85.2606 11.5701 33
      vertex 86.7216 9.66604 33
      vertex 85.75 11.8971 33
    endloop
  endfacet
  facet normal 0 0 1
    outer loop
      vertex 86.7216 9.66604 33
      vertex 85.2606 11.5701 33
      vertex 86.5151 9.48492 33
    endloop
  endfacet
  facet normal -0 0 1
    outer loop
      vertex 84.818 11.182 33
      vertex 86.5151 9.48492 33
      vertex 85.2606 11.5701 33
    endloop
  endfacet
  facet normal 0 0 1
    outer loop
      vertex 86.5151 9.48492 33
      vertex 84.818 11.182 33
      vertex 86.334 9.2784 33
    endloop
  endfacet
  facet normal -0 0 1
    outer loop
      vertex 84.4299 10.7394 33
      vertex 86.334 9.2784 33
      vertex 84.818 11.182 33
    endloop
  endfacet
  facet normal -0 0 1
    outer loop
      vertex 84.1029 10.25 33
      vertex 86.1814 9.05 33
      vertex 84.4299 10.7394 33
    endloop
  endfacet
  facet normal 0 0 1
    outer loop
      vertex 86.334 9.2784 33
      vertex 84.4299 10.7394 33
      vertex 86.1814 9.05 33
    endloop
  endfacet
  facet normal 0 0 1
    outer loop
      vertex 91.8971 5.75 33
      vertex 89.8186 6.95 33
      vertex 91.5701 5.26057 33
    endloop
  endfacet
  facet normal -0 0 1
    outer loop
      vertex 89.666 6.7216 33
      vertex 91.5701 5.26057 33
      vertex 89.8186 6.95 33
    endloop
  endfacet
  facet normal 0 0 1
    outer loop
      vertex 91.5701 5.26057 33
      vertex 89.666 6.7216 33
      vertex 91.182 4.81802 33
    endloop
  endfacet
  facet normal -0 0 1
    outer loop
      vertex 89.4849 6.51508 33
      vertex 91.182 4.81802 33
      vertex 89.666 6.7216 33
    endloop
  endfacet
  facet normal 0 0 1
    outer loop
      vertex 91.182 4.81802 33
      vertex 89.4849 6.51508 33
      vertex 90.7394 4.42991 33
    endloop
  endfacet
  facet normal -0 0 1
    outer loop
      vertex 89.2784 6.33396 33
      vertex 90.7394 4.42991 33
      vertex 89.4849 6.51508 33
    endloop
  endfacet
  facet normal 0 0 1
    outer loop
      vertex 90.7394 4.42991 33
      vertex 89.2784 6.33396 33
      vertex 90.25 4.10289 33
    endloop
  endfacet
  facet normal -0 0 1
    outer loop
      vertex 89.05 6.18135 33
      vertex 90.25 4.10289 33
      vertex 89.2784 6.33396 33
    endloop
  endfacet
  facet normal 0 0 1
    outer loop
      vertex 90.25 4.10289 33
      vertex 89.05 6.18135 33
      vertex 89.7221 3.84254 33
    endloop
  endfacet
  facet normal -0 0 1
    outer loop
      vertex 88.8036 6.05985 33
      vertex 89.7221 3.84254 33
      vertex 89.05 6.18135 33
    endloop
  endfacet
  facet normal 0 0 1
    outer loop
      vertex 89.7221 3.84254 33
      vertex 88.8036 6.05985 33
      vertex 89.1647 3.65333 33
    endloop
  endfacet
  facet normal -0 0 1
    outer loop
      vertex 88.5435 5.97156 33
      vertex 89.1647 3.65333 33
      vertex 88.8036 6.05985 33
    endloop
  endfacet
  facet normal 0 0 1
    outer loop
      vertex 89.1647 3.65333 33
      vertex 88.5435 5.97156 33
      vertex 88.5874 3.5385 33
    endloop
  endfacet
  facet normal -0 0 1
    outer loop
      vertex 88.2741 5.91797 33
      vertex 88.5874 3.5385 33
      vertex 88.5435 5.97156 33
    endloop
  endfacet
  facet normal -0 0 1
    outer loop
      vertex 88 5.9 33
      vertex 88.5874 3.5385 33
      vertex 88.2741 5.91797 33
    endloop
  endfacet
  facet normal 0 0 1
    outer loop
      vertex 88 5.9 33
      vertex 88 3.5 33
      vertex 88.5874 3.5385 33
    endloop
  endfacet
  facet normal 0 0 1
    outer loop
      vertex 87.7259 5.91797 33
      vertex 88 3.5 33
      vertex 88 5.9 33
    endloop
  endfacet
  facet normal 0 0 1
    outer loop
      vertex 87.4126 3.5385 33
      vertex 87.7259 5.91797 33
      vertex 87.4565 5.97156 33
    endloop
  endfacet
  facet normal 0 0 1
    outer loop
      vertex 87.7259 5.91797 33
      vertex 87.4126 3.5385 33
      vertex 88 3.5 33
    endloop
  endfacet
  facet normal 0 0 1
    outer loop
      vertex 86.8353 3.65333 33
      vertex 87.4565 5.97156 33
      vertex 87.1964 6.05985 33
    endloop
  endfacet
  facet normal 0 0 1
    outer loop
      vertex 86.2779 3.84254 33
      vertex 87.1964 6.05985 33
      vertex 86.95 6.18135 33
    endloop
  endfacet
  facet normal 0 0 1
    outer loop
      vertex 87.4565 5.97156 33
      vertex 86.8353 3.65333 33
      vertex 87.4126 3.5385 33
    endloop
  endfacet
  facet normal 0 0 1
    outer loop
      vertex 85.75 4.10289 33
      vertex 86.95 6.18135 33
      vertex 86.7216 6.33396 33
    endloop
  endfacet
  facet normal 0 0 1
    outer loop
      vertex 85.2606 4.42991 33
      vertex 86.7216 6.33396 33
      vertex 86.5151 6.51508 33
    endloop
  endfacet
  facet normal 0 0 1
    outer loop
      vertex 84.818 4.81802 33
      vertex 86.5151 6.51508 33
      vertex 86.334 6.7216 33
    endloop
  endfacet
  facet normal 0 0 1
    outer loop
      vertex 87.1964 6.05985 33
      vertex 86.2779 3.84254 33
      vertex 86.8353 3.65333 33
    endloop
  endfacet
  facet normal 0 0 1
    outer loop
      vertex 84.4299 5.26057 33
      vertex 86.334 6.7216 33
      vertex 86.1814 6.95 33
    endloop
  endfacet
  facet normal 0 0 1
    outer loop
      vertex 84.1029 5.75 33
      vertex 86.1814 6.95 33
      vertex 86.0599 7.19637 33
    endloop
  endfacet
  facet normal 0 0 1
    outer loop
      vertex 83.8425 6.27793 33
      vertex 86.0599 7.19637 33
      vertex 85.9716 7.45648 33
    endloop
  endfacet
  facet normal 0 0 1
    outer loop
      vertex 83.6533 6.83531 33
      vertex 85.9716 7.45648 33
      vertex 85.918 7.7259 33
    endloop
  endfacet
  facet normal 0 0 1
    outer loop
      vertex 86.95 6.18135 33
      vertex 85.75 4.10289 33
      vertex 86.2779 3.84254 33
    endloop
  endfacet
  facet normal 0 0 1
    outer loop
      vertex 83.5385 7.41263 33
      vertex 85.918 7.7259 33
      vertex 85.9 8 33
    endloop
  endfacet
  facet normal 0 0 1
    outer loop
      vertex 86.1814 9.05 33
      vertex 84.1029 10.25 33
      vertex 86.0599 8.80363 33
    endloop
  endfacet
  facet normal -0 0 1
    outer loop
      vertex 83.8425 9.72207 33
      vertex 86.0599 8.80363 33
      vertex 84.1029 10.25 33
    endloop
  endfacet
  facet normal 0 0 1
    outer loop
      vertex 86.7216 6.33396 33
      vertex 85.2606 4.42991 33
      vertex 85.75 4.10289 33
    endloop
  endfacet
  facet normal 0 0 1
    outer loop
      vertex 86.0599 8.80363 33
      vertex 83.8425 9.72207 33
      vertex 85.9716 8.54352 33
    endloop
  endfacet
  facet normal 0 0 1
    outer loop
      vertex 86.5151 6.51508 33
      vertex 84.818 4.81802 33
      vertex 85.2606 4.42991 33
    endloop
  endfacet
  facet normal -0 0 1
    outer loop
      vertex 83.6533 9.16469 33
      vertex 85.9716 8.54352 33
      vertex 83.8425 9.72207 33
    endloop
  endfacet
  facet normal 0 0 1
    outer loop
      vertex 86.334 6.7216 33
      vertex 84.4299 5.26057 33
      vertex 84.818 4.81802 33
    endloop
  endfacet
  facet normal 0 0 1
    outer loop
      vertex 85.9716 8.54352 33
      vertex 83.6533 9.16469 33
      vertex 85.918 8.2741 33
    endloop
  endfacet
  facet normal 0 0 1
    outer loop
      vertex 86.1814 6.95 33
      vertex 84.1029 5.75 33
      vertex 84.4299 5.26057 33
    endloop
  endfacet
  facet normal -0 0 1
    outer loop
      vertex 83.5385 8.58737 33
      vertex 85.918 8.2741 33
      vertex 83.6533 9.16469 33
    endloop
  endfacet
  facet normal 0 0 1
    outer loop
      vertex 86.0599 7.19637 33
      vertex 83.8425 6.27793 33
      vertex 84.1029 5.75 33
    endloop
  endfacet
  facet normal 0 0 1
    outer loop
      vertex 85.918 8.2741 33
      vertex 83.5385 8.58737 33
      vertex 85.9 8 33
    endloop
  endfacet
  facet normal 0 0 1
    outer loop
      vertex 85.9716 7.45648 33
      vertex 83.6533 6.83531 33
      vertex 83.8425 6.27793 33
    endloop
  endfacet
  facet normal 0 0 1
    outer loop
      vertex 83.5 8 33
      vertex 85.9 8 33
      vertex 83.5385 8.58737 33
    endloop
  endfacet
  facet normal 0 0 1
    outer loop
      vertex 85.918 7.7259 33
      vertex 83.5385 7.41263 33
      vertex 83.6533 6.83531 33
    endloop
  endfacet
  facet normal 0 0 1
    outer loop
      vertex 85.9 8 33
      vertex 83.5 8 33
      vertex 83.5385 7.41263 33
    endloop
  endfacet
  facet normal 0.831475 0.555562 0
    outer loop
      vertex 91.8971 10.25 33
      vertex 91.5701 10.7394 3
      vertex 91.5701 10.7394 33
    endloop
  endfacet
  facet normal 0.831475 0.555562 0
    outer loop
      vertex 91.5701 10.7394 3
      vertex 91.8971 10.25 33
      vertex 91.8971 10.25 3
    endloop
  endfacet
  facet normal 0.555562 0.831475 -0
    outer loop
      vertex 90.7394 11.5701 3
      vertex 90.25 11.8971 33
      vertex 90.7394 11.5701 33
    endloop
  endfacet
  facet normal 0.555562 0.831475 0
    outer loop
      vertex 90.25 11.8971 33
      vertex 90.7394 11.5701 3
      vertex 90.25 11.8971 3
    endloop
  endfacet
  facet normal 0.896837 -0.442362 0
    outer loop
      vertex 91.8971 5.75 33
      vertex 92.1575 6.27793 3
      vertex 92.1575 6.27793 33
    endloop
  endfacet
  facet normal 0.896837 -0.442362 0
    outer loop
      vertex 92.1575 6.27793 3
      vertex 91.8971 5.75 33
      vertex 91.8971 5.75 3
    endloop
  endfacet
  facet normal 0.997859 -0.0654061 0
    outer loop
      vertex 92.4615 7.41263 33
      vertex 92.5 8 3
      vertex 92.5 8 33
    endloop
  endfacet
  facet normal 0.997859 -0.0654061 0
    outer loop
      vertex 92.5 8 3
      vertex 92.4615 7.41263 33
      vertex 92.4615 7.41263 3
    endloop
  endfacet
  facet normal 0.321421 0.946936 -0
    outer loop
      vertex 89.7221 12.1575 3
      vertex 89.1647 12.3467 33
      vertex 89.7221 12.1575 33
    endloop
  endfacet
  facet normal 0.321421 0.946936 0
    outer loop
      vertex 89.1647 12.3467 33
      vertex 89.7221 12.1575 3
      vertex 89.1647 12.3467 3
    endloop
  endfacet
  facet normal -0.896837 0.442362 0
    outer loop
      vertex 83.8425 9.72207 3
      vertex 84.1029 10.25 33
      vertex 84.1029 10.25 3
    endloop
  endfacet
  facet normal -0.896837 0.442362 0
    outer loop
      vertex 84.1029 10.25 33
      vertex 83.8425 9.72207 3
      vertex 83.8425 9.72207 33
    endloop
  endfacet
  facet normal -0.659298 0.751882 0
    outer loop
      vertex 85.2606 11.5701 3
      vertex 84.818 11.182 33
      vertex 85.2606 11.5701 33
    endloop
  endfacet
  facet normal -0.659298 0.751882 0
    outer loop
      vertex 84.818 11.182 33
      vertex 85.2606 11.5701 3
      vertex 84.818 11.182 3
    endloop
  endfacet
  facet normal 0.321437 -0.946931 0
    outer loop
      vertex 89.1647 3.65333 3
      vertex 89.7221 3.84254 33
      vertex 89.1647 3.65333 33
    endloop
  endfacet
  facet normal 0.321437 -0.946931 0
    outer loop
      vertex 89.7221 3.84254 33
      vertex 89.1647 3.65333 3
      vertex 89.7221 3.84254 3
    endloop
  endfacet
  facet normal -0.997859 -0.0654061 0
    outer loop
      vertex 83.5385 7.41263 3
      vertex 83.5 8 33
      vertex 83.5 8 3
    endloop
  endfacet
  facet normal -0.997859 -0.0654061 0
    outer loop
      vertex 83.5 8 33
      vertex 83.5385 7.41263 3
      vertex 83.5385 7.41263 33
    endloop
  endfacet
  facet normal -0.659308 -0.751873 0
    outer loop
      vertex 84.818 4.81802 3
      vertex 85.2606 4.42991 33
      vertex 84.818 4.81802 33
    endloop
  endfacet
  facet normal -0.659308 -0.751873 -0
    outer loop
      vertex 85.2606 4.42991 33
      vertex 84.818 4.81802 3
      vertex 85.2606 4.42991 3
    endloop
  endfacet
  facet normal -0.321421 0.946936 0
    outer loop
      vertex 86.8353 12.3467 3
      vertex 86.2779 12.1575 33
      vertex 86.8353 12.3467 33
    endloop
  endfacet
  facet normal -0.321421 0.946936 0
    outer loop
      vertex 86.2779 12.1575 33
      vertex 86.8353 12.3467 3
      vertex 86.2779 12.1575 3
    endloop
  endfacet
  facet normal -0.831491 -0.555539 0
    outer loop
      vertex 84.4299 5.26057 3
      vertex 84.1029 5.75 33
      vertex 84.1029 5.75 3
    endloop
  endfacet
  facet normal -0.831491 -0.555539 0
    outer loop
      vertex 84.1029 5.75 33
      vertex 84.4299 5.26057 3
      vertex 84.4299 5.26057 33
    endloop
  endfacet
  facet normal -0.555562 0.831475 0
    outer loop
      vertex 85.75 11.8971 3
      vertex 85.2606 11.5701 33
      vertex 85.75 11.8971 33
    endloop
  endfacet
  facet normal -0.555562 0.831475 0
    outer loop
      vertex 85.2606 11.5701 33
      vertex 85.75 11.8971 3
      vertex 85.2606 11.5701 3
    endloop
  endfacet
  facet normal -0.997859 0.0654061 0
    outer loop
      vertex 83.5 8 3
      vertex 83.5385 8.58737 33
      vertex 83.5385 8.58737 3
    endloop
  endfacet
  facet normal -0.997859 0.0654061 0
    outer loop
      vertex 83.5385 8.58737 33
      vertex 83.5 8 3
      vertex 83.5 8 33
    endloop
  endfacet
  facet normal 0.195038 0.980796 -0
    outer loop
      vertex 89.1647 12.3467 3
      vertex 88.5874 12.4615 33
      vertex 89.1647 12.3467 33
    endloop
  endfacet
  facet normal 0.195038 0.980796 0
    outer loop
      vertex 88.5874 12.4615 33
      vertex 89.1647 12.3467 3
      vertex 88.5874 12.4615 3
    endloop
  endfacet
  facet normal -0.442382 0.896827 0
    outer loop
      vertex 86.2779 12.1575 3
      vertex 85.75 11.8971 33
      vertex 86.2779 12.1575 33
    endloop
  endfacet
  facet normal -0.442382 0.896827 0
    outer loop
      vertex 85.75 11.8971 33
      vertex 86.2779 12.1575 3
      vertex 85.75 11.8971 3
    endloop
  endfacet
  facet normal 0.0654027 -0.997859 0
    outer loop
      vertex 88 3.5 3
      vertex 88.5874 3.5385 33
      vertex 88 3.5 33
    endloop
  endfacet
  facet normal 0.0654027 -0.997859 0
    outer loop
      vertex 88.5874 3.5385 33
      vertex 88 3.5 3
      vertex 88.5874 3.5385 3
    endloop
  endfacet
  facet normal 0.659308 -0.751873 0
    outer loop
      vertex 90.7394 4.42991 3
      vertex 91.182 4.81802 33
      vertex 90.7394 4.42991 33
    endloop
  endfacet
  facet normal 0.659308 -0.751873 0
    outer loop
      vertex 91.182 4.81802 33
      vertex 90.7394 4.42991 3
      vertex 91.182 4.81802 3
    endloop
  endfacet
  facet normal -0.946933 -0.321432 0
    outer loop
      vertex 83.8425 6.27793 3
      vertex 83.6533 6.83531 33
      vertex 83.6533 6.83531 3
    endloop
  endfacet
  facet normal -0.946933 -0.321432 0
    outer loop
      vertex 83.6533 6.83531 33
      vertex 83.8425 6.27793 3
      vertex 83.8425 6.27793 33
    endloop
  endfacet
  facet normal 0.946933 -0.321432 0
    outer loop
      vertex 92.1575 6.27793 33
      vertex 92.3467 6.83531 3
      vertex 92.3467 6.83531 33
    endloop
  endfacet
  facet normal 0.946933 -0.321432 0
    outer loop
      vertex 92.3467 6.83531 3
      vertex 92.1575 6.27793 33
      vertex 92.1575 6.27793 3
    endloop
  endfacet
  facet normal 0.442382 0.896827 -0
    outer loop
      vertex 90.25 11.8971 3
      vertex 89.7221 12.1575 33
      vertex 90.25 11.8971 33
    endloop
  endfacet
  facet normal 0.442382 0.896827 0
    outer loop
      vertex 89.7221 12.1575 33
      vertex 90.25 11.8971 3
      vertex 89.7221 12.1575 3
    endloop
  endfacet
  facet normal -0.195038 0.980796 0
    outer loop
      vertex 87.4126 12.4615 3
      vertex 86.8353 12.3467 33
      vertex 87.4126 12.4615 33
    endloop
  endfacet
  facet normal -0.195038 0.980796 0
    outer loop
      vertex 86.8353 12.3467 33
      vertex 87.4126 12.4615 3
      vertex 86.8353 12.3467 3
    endloop
  endfacet
  facet normal 0.751882 0.659298 0
    outer loop
      vertex 91.5701 10.7394 33
      vertex 91.182 11.182 3
      vertex 91.182 11.182 33
    endloop
  endfacet
  facet normal 0.751882 0.659298 0
    outer loop
      vertex 91.182 11.182 3
      vertex 91.5701 10.7394 33
      vertex 91.5701 10.7394 3
    endloop
  endfacet
  facet normal 0.751845 -0.65934 0
    outer loop
      vertex 91.182 4.81802 33
      vertex 91.5701 5.26057 3
      vertex 91.5701 5.26057 33
    endloop
  endfacet
  facet normal 0.751845 -0.65934 0
    outer loop
      vertex 91.5701 5.26057 3
      vertex 91.182 4.81802 33
      vertex 91.182 4.81802 3
    endloop
  endfacet
  facet normal -0.442314 -0.89686 0
    outer loop
      vertex 85.75 4.10289 3
      vertex 86.2779 3.84254 33
      vertex 85.75 4.10289 33
    endloop
  endfacet
  facet normal -0.442314 -0.89686 -0
    outer loop
      vertex 86.2779 3.84254 33
      vertex 85.75 4.10289 3
      vertex 86.2779 3.84254 3
    endloop
  endfacet
  facet normal -0.946933 0.321432 0
    outer loop
      vertex 83.6533 9.16469 3
      vertex 83.8425 9.72207 33
      vertex 83.8425 9.72207 3
    endloop
  endfacet
  facet normal -0.946933 0.321432 0
    outer loop
      vertex 83.8425 9.72207 33
      vertex 83.6533 9.16469 3
      vertex 83.6533 9.16469 33
    endloop
  endfacet
  facet normal 0.195087 -0.980786 0
    outer loop
      vertex 88.5874 3.5385 3
      vertex 89.1647 3.65333 33
      vertex 88.5874 3.5385 33
    endloop
  endfacet
  facet normal 0.195087 -0.980786 0
    outer loop
      vertex 89.1647 3.65333 33
      vertex 88.5874 3.5385 3
      vertex 89.1647 3.65333 3
    endloop
  endfacet
  facet normal 0.442314 -0.89686 0
    outer loop
      vertex 89.7221 3.84254 3
      vertex 90.25 4.10289 33
      vertex 89.7221 3.84254 33
    endloop
  endfacet
  facet normal 0.442314 -0.89686 0
    outer loop
      vertex 90.25 4.10289 33
      vertex 89.7221 3.84254 3
      vertex 90.25 4.10289 3
    endloop
  endfacet
  facet normal -0.751882 0.659298 0
    outer loop
      vertex 84.4299 10.7394 3
      vertex 84.818 11.182 33
      vertex 84.818 11.182 3
    endloop
  endfacet
  facet normal -0.751882 0.659298 0
    outer loop
      vertex 84.818 11.182 33
      vertex 84.4299 10.7394 3
      vertex 84.4299 10.7394 33
    endloop
  endfacet
  facet normal 0.659298 0.751882 -0
    outer loop
      vertex 91.182 11.182 3
      vertex 90.7394 11.5701 33
      vertex 91.182 11.182 33
    endloop
  endfacet
  facet normal 0.659298 0.751882 0
    outer loop
      vertex 90.7394 11.5701 33
      vertex 91.182 11.182 3
      vertex 90.7394 11.5701 3
    endloop
  endfacet
  facet normal -0.896837 -0.442362 0
    outer loop
      vertex 84.1029 5.75 3
      vertex 83.8425 6.27793 33
      vertex 83.8425 6.27793 3
    endloop
  endfacet
  facet normal -0.896837 -0.442362 0
    outer loop
      vertex 83.8425 6.27793 33
      vertex 84.1029 5.75 3
      vertex 84.1029 5.75 33
    endloop
  endfacet
  facet normal 0.831491 -0.555539 0
    outer loop
      vertex 91.5701 5.26057 33
      vertex 91.8971 5.75 3
      vertex 91.8971 5.75 33
    endloop
  endfacet
  facet normal 0.831491 -0.555539 0
    outer loop
      vertex 91.8971 5.75 3
      vertex 91.5701 5.26057 33
      vertex 91.5701 5.26057 3
    endloop
  endfacet
  facet normal 0.896837 0.442362 0
    outer loop
      vertex 92.1575 9.72207 33
      vertex 91.8971 10.25 3
      vertex 91.8971 10.25 33
    endloop
  endfacet
  facet normal 0.896837 0.442362 0
    outer loop
      vertex 91.8971 10.25 3
      vertex 92.1575 9.72207 33
      vertex 92.1575 9.72207 3
    endloop
  endfacet
  facet normal -0.0654027 -0.997859 0
    outer loop
      vertex 87.4126 3.5385 3
      vertex 88 3.5 33
      vertex 87.4126 3.5385 33
    endloop
  endfacet
  facet normal -0.0654027 -0.997859 -0
    outer loop
      vertex 88 3.5 33
      vertex 87.4126 3.5385 3
      vertex 88 3.5 3
    endloop
  endfacet
  facet normal 0.0654027 0.997859 -0
    outer loop
      vertex 88.5874 12.4615 3
      vertex 88 12.5 33
      vertex 88.5874 12.4615 33
    endloop
  endfacet
  facet normal 0.0654027 0.997859 0
    outer loop
      vertex 88 12.5 33
      vertex 88.5874 12.4615 3
      vertex 88 12.5 3
    endloop
  endfacet
  facet normal -0.555586 -0.831459 0
    outer loop
      vertex 85.2606 4.42991 3
      vertex 85.75 4.10289 33
      vertex 85.2606 4.42991 33
    endloop
  endfacet
  facet normal -0.555586 -0.831459 -0
    outer loop
      vertex 85.75 4.10289 33
      vertex 85.2606 4.42991 3
      vertex 85.75 4.10289 3
    endloop
  endfacet
  facet normal 0.555586 -0.831459 0
    outer loop
      vertex 90.25 4.10289 3
      vertex 90.7394 4.42991 33
      vertex 90.25 4.10289 33
    endloop
  endfacet
  facet normal 0.555586 -0.831459 0
    outer loop
      vertex 90.7394 4.42991 33
      vertex 90.25 4.10289 3
      vertex 90.7394 4.42991 3
    endloop
  endfacet
  facet normal 0.946933 0.321432 0
    outer loop
      vertex 92.3467 9.16469 33
      vertex 92.1575 9.72207 3
      vertex 92.1575 9.72207 33
    endloop
  endfacet
  facet normal 0.946933 0.321432 0
    outer loop
      vertex 92.1575 9.72207 3
      vertex 92.3467 9.16469 33
      vertex 92.3467 9.16469 3
    endloop
  endfacet
  facet normal -0.980797 0.195031 0
    outer loop
      vertex 83.5385 8.58737 3
      vertex 83.6533 9.16469 33
      vertex 83.6533 9.16469 3
    endloop
  endfacet
  facet normal -0.980797 0.195031 0
    outer loop
      vertex 83.6533 9.16469 33
      vertex 83.5385 8.58737 3
      vertex 83.5385 8.58737 33
    endloop
  endfacet
  facet normal -0.0654027 0.997859 0
    outer loop
      vertex 88 12.5 3
      vertex 87.4126 12.4615 33
      vertex 88 12.5 33
    endloop
  endfacet
  facet normal -0.0654027 0.997859 0
    outer loop
      vertex 87.4126 12.4615 33
      vertex 88 12.5 3
      vertex 87.4126 12.4615 3
    endloop
  endfacet
  facet normal -0.321437 -0.946931 0
    outer loop
      vertex 86.2779 3.84254 3
      vertex 86.8353 3.65333 33
      vertex 86.2779 3.84254 33
    endloop
  endfacet
  facet normal -0.321437 -0.946931 -0
    outer loop
      vertex 86.8353 3.65333 33
      vertex 86.2779 3.84254 3
      vertex 86.8353 3.65333 3
    endloop
  endfacet
  facet normal -0.980797 -0.195031 0
    outer loop
      vertex 83.6533 6.83531 3
      vertex 83.5385 7.41263 33
      vertex 83.5385 7.41263 3
    endloop
  endfacet
  facet normal -0.980797 -0.195031 0
    outer loop
      vertex 83.5385 7.41263 33
      vertex 83.6533 6.83531 3
      vertex 83.6533 6.83531 33
    endloop
  endfacet
  facet normal -0.751845 -0.65934 0
    outer loop
      vertex 84.818 4.81802 3
      vertex 84.4299 5.26057 33
      vertex 84.4299 5.26057 3
    endloop
  endfacet
  facet normal -0.751845 -0.65934 0
    outer loop
      vertex 84.4299 5.26057 33
      vertex 84.818 4.81802 3
      vertex 84.818 4.81802 33
    endloop
  endfacet
  facet normal -0.195087 -0.980786 0
    outer loop
      vertex 86.8353 3.65333 3
      vertex 87.4126 3.5385 33
      vertex 86.8353 3.65333 33
    endloop
  endfacet
  facet normal -0.195087 -0.980786 -0
    outer loop
      vertex 87.4126 3.5385 33
      vertex 86.8353 3.65333 3
      vertex 87.4126 3.5385 3
    endloop
  endfacet
  facet normal -0.831475 0.555562 0
    outer loop
      vertex 84.1029 10.25 3
      vertex 84.4299 10.7394 33
      vertex 84.4299 10.7394 3
    endloop
  endfacet
  facet normal -0.831475 0.555562 0
    outer loop
      vertex 84.4299 10.7394 33
      vertex 84.1029 10.25 3
      vertex 84.1029 10.25 33
    endloop
  endfacet
  facet normal -0.751864 0.659319 0
    outer loop
      vertex 89.4849 6.51508 27.4
      vertex 89.666 6.7216 33
      vertex 89.666 6.7216 27.4
    endloop
  endfacet
  facet normal -0.751864 0.659319 0
    outer loop
      vertex 89.666 6.7216 33
      vertex 89.4849 6.51508 27.4
      vertex 89.4849 6.51508 33
    endloop
  endfacet
  facet normal -0.980779 -0.195122 0
    outer loop
      vertex 90.082 8.2741 27.4
      vertex 90.0284 8.54352 33
      vertex 90.0284 8.54352 27.4
    endloop
  endfacet
  facet normal -0.980779 -0.195122 0
    outer loop
      vertex 90.0284 8.54352 33
      vertex 90.082 8.2741 27.4
      vertex 90.082 8.2741 33
    endloop
  endfacet
  facet normal -0.997851 -0.0655283 0
    outer loop
      vertex 90.1 8 27.4
      vertex 90.082 8.2741 33
      vertex 90.082 8.2741 27.4
    endloop
  endfacet
  facet normal -0.997851 -0.0655283 0
    outer loop
      vertex 90.082 8.2741 33
      vertex 90.1 8 27.4
      vertex 90.1 8 33
    endloop
  endfacet
  facet normal -0.946925 -0.321454 0
    outer loop
      vertex 90.0284 8.54352 27.4
      vertex 89.9401 8.80363 33
      vertex 89.9401 8.80363 27.4
    endloop
  endfacet
  facet normal -0.946925 -0.321454 0
    outer loop
      vertex 89.9401 8.80363 33
      vertex 90.0284 8.54352 27.4
      vertex 90.0284 8.54352 33
    endloop
  endfacet
  facet normal -0.83149 -0.55554 0
    outer loop
      vertex 89.8186 9.05 27.4
      vertex 89.666 9.2784 33
      vertex 89.666 9.2784 27.4
    endloop
  endfacet
  facet normal -0.83149 -0.55554 0
    outer loop
      vertex 89.666 9.2784 33
      vertex 89.8186 9.05 27.4
      vertex 89.8186 9.05 33
    endloop
  endfacet
  facet normal 0.555565 0.831473 -0
    outer loop
      vertex 86.95 6.18135 27.4
      vertex 86.7216 6.33396 33
      vertex 86.95 6.18135 33
    endloop
  endfacet
  facet normal 0.555565 0.831473 0
    outer loop
      vertex 86.7216 6.33396 33
      vertex 86.95 6.18135 27.4
      vertex 86.7216 6.33396 27.4
    endloop
  endfacet
  facet normal -0.195136 -0.980776 0
    outer loop
      vertex 88.2741 10.082 27.4
      vertex 88.5435 10.0284 33
      vertex 88.2741 10.082 33
    endloop
  endfacet
  facet normal -0.195136 -0.980776 -0
    outer loop
      vertex 88.5435 10.0284 33
      vertex 88.2741 10.082 27.4
      vertex 88.5435 10.0284 27.4
    endloop
  endfacet
  facet normal -0.997851 0.0655283 0
    outer loop
      vertex 90.082 7.7259 27.4
      vertex 90.1 8 33
      vertex 90.1 8 27.4
    endloop
  endfacet
  facet normal -0.997851 0.0655283 0
    outer loop
      vertex 90.1 8 33
      vertex 90.082 7.7259 27.4
      vertex 90.082 7.7259 33
    endloop
  endfacet
  facet normal -0.896867 -0.4423 0
    outer loop
      vertex 89.9401 8.80363 27.4
      vertex 89.8186 9.05 33
      vertex 89.8186 9.05 27.4
    endloop
  endfacet
  facet normal -0.896867 -0.4423 0
    outer loop
      vertex 89.8186 9.05 33
      vertex 89.9401 8.80363 27.4
      vertex 89.9401 8.80363 33
    endloop
  endfacet
  facet normal 0.946925 0.321454 0
    outer loop
      vertex 86.0599 7.19637 33
      vertex 85.9716 7.45648 27.4
      vertex 85.9716 7.45648 33
    endloop
  endfacet
  facet normal 0.946925 0.321454 0
    outer loop
      vertex 85.9716 7.45648 27.4
      vertex 86.0599 7.19637 33
      vertex 86.0599 7.19637 27.4
    endloop
  endfacet
  facet normal 0.980779 -0.195122 0
    outer loop
      vertex 85.918 8.2741 33
      vertex 85.9716 8.54352 27.4
      vertex 85.9716 8.54352 33
    endloop
  endfacet
  facet normal 0.980779 -0.195122 0
    outer loop
      vertex 85.9716 8.54352 27.4
      vertex 85.918 8.2741 33
      vertex 85.918 8.2741 27.4
    endloop
  endfacet
  facet normal 0.659396 0.751796 -0
    outer loop
      vertex 86.7216 6.33396 27.4
      vertex 86.5151 6.51508 33
      vertex 86.7216 6.33396 33
    endloop
  endfacet
  facet normal 0.659396 0.751796 0
    outer loop
      vertex 86.5151 6.51508 33
      vertex 86.7216 6.33396 27.4
      vertex 86.5151 6.51508 27.4
    endloop
  endfacet
  facet normal 0.195136 -0.980776 0
    outer loop
      vertex 87.4565 10.0284 27.4
      vertex 87.7259 10.082 33
      vertex 87.4565 10.0284 33
    endloop
  endfacet
  facet normal 0.195136 -0.980776 0
    outer loop
      vertex 87.7259 10.082 33
      vertex 87.4565 10.0284 27.4
      vertex 87.7259 10.082 27.4
    endloop
  endfacet
  facet normal -0.195101 0.980783 0
    outer loop
      vertex 88.5435 5.97156 27.4
      vertex 88.2741 5.91797 33
      vertex 88.5435 5.97156 33
    endloop
  endfacet
  facet normal -0.195101 0.980783 0
    outer loop
      vertex 88.2741 5.91797 33
      vertex 88.5435 5.97156 27.4
      vertex 88.2741 5.91797 27.4
    endloop
  endfacet
  facet normal -0.442256 0.896889 0
    outer loop
      vertex 89.05 6.18135 27.4
      vertex 88.8036 6.05985 33
      vertex 89.05 6.18135 33
    endloop
  endfacet
  facet normal -0.442256 0.896889 0
    outer loop
      vertex 88.8036 6.05985 33
      vertex 89.05 6.18135 27.4
      vertex 88.8036 6.05985 27.4
    endloop
  endfacet
  facet normal 0.83149 -0.55554 0
    outer loop
      vertex 86.1814 9.05 33
      vertex 86.334 9.2784 27.4
      vertex 86.334 9.2784 33
    endloop
  endfacet
  facet normal 0.83149 -0.55554 0
    outer loop
      vertex 86.334 9.2784 27.4
      vertex 86.1814 9.05 33
      vertex 86.1814 9.05 27.4
    endloop
  endfacet
  facet normal -0.555565 -0.831473 0
    outer loop
      vertex 89.05 9.81865 27.4
      vertex 89.2784 9.66604 33
      vertex 89.05 9.81865 33
    endloop
  endfacet
  facet normal -0.555565 -0.831473 -0
    outer loop
      vertex 89.2784 9.66604 33
      vertex 89.05 9.81865 27.4
      vertex 89.2784 9.66604 27.4
    endloop
  endfacet
  facet normal -0.83149 0.55554 0
    outer loop
      vertex 89.666 6.7216 27.4
      vertex 89.8186 6.95 33
      vertex 89.8186 6.95 27.4
    endloop
  endfacet
  facet normal -0.83149 0.55554 0
    outer loop
      vertex 89.8186 6.95 33
      vertex 89.666 6.7216 27.4
      vertex 89.666 6.7216 33
    endloop
  endfacet
  facet normal -0.442256 -0.896889 0
    outer loop
      vertex 88.8036 9.94015 27.4
      vertex 89.05 9.81865 33
      vertex 88.8036 9.94015 33
    endloop
  endfacet
  facet normal -0.442256 -0.896889 -0
    outer loop
      vertex 89.05 9.81865 33
      vertex 88.8036 9.94015 27.4
      vertex 89.05 9.81865 27.4
    endloop
  endfacet
  facet normal -0.980779 0.195122 0
    outer loop
      vertex 90.0284 7.45648 27.4
      vertex 90.082 7.7259 33
      vertex 90.082 7.7259 27.4
    endloop
  endfacet
  facet normal -0.980779 0.195122 0
    outer loop
      vertex 90.082 7.7259 33
      vertex 90.0284 7.45648 27.4
      vertex 90.0284 7.45648 33
    endloop
  endfacet
  facet normal 0.321302 -0.946977 0
    outer loop
      vertex 87.1964 9.94015 27.4
      vertex 87.4565 10.0284 33
      vertex 87.1964 9.94015 33
    endloop
  endfacet
  facet normal 0.321302 -0.946977 0
    outer loop
      vertex 87.4565 10.0284 33
      vertex 87.1964 9.94015 27.4
      vertex 87.4565 10.0284 27.4
    endloop
  endfacet
  facet normal 0.442256 -0.896889 0
    outer loop
      vertex 86.95 9.81865 27.4
      vertex 87.1964 9.94015 33
      vertex 86.95 9.81865 33
    endloop
  endfacet
  facet normal 0.442256 -0.896889 0
    outer loop
      vertex 87.1964 9.94015 33
      vertex 86.95 9.81865 27.4
      vertex 87.1964 9.94015 27.4
    endloop
  endfacet
  facet normal 0.555565 -0.831473 0
    outer loop
      vertex 86.7216 9.66604 27.4
      vertex 86.95 9.81865 33
      vertex 86.7216 9.66604 33
    endloop
  endfacet
  facet normal 0.555565 -0.831473 0
    outer loop
      vertex 86.95 9.81865 33
      vertex 86.7216 9.66604 27.4
      vertex 86.95 9.81865 27.4
    endloop
  endfacet
  facet normal -0.659396 0.751796 0
    outer loop
      vertex 89.4849 6.51508 27.4
      vertex 89.2784 6.33396 33
      vertex 89.4849 6.51508 33
    endloop
  endfacet
  facet normal -0.659396 0.751796 0
    outer loop
      vertex 89.2784 6.33396 33
      vertex 89.4849 6.51508 27.4
      vertex 89.2784 6.33396 27.4
    endloop
  endfacet
  facet normal 0.751864 -0.659319 0
    outer loop
      vertex 86.334 9.2784 33
      vertex 86.5151 9.48492 27.4
      vertex 86.5151 9.48492 33
    endloop
  endfacet
  facet normal 0.751864 -0.659319 0
    outer loop
      vertex 86.5151 9.48492 27.4
      vertex 86.334 9.2784 33
      vertex 86.334 9.2784 27.4
    endloop
  endfacet
  facet normal -0.0655283 -0.997851 0
    outer loop
      vertex 88 10.1 27.4
      vertex 88.2741 10.082 33
      vertex 88 10.1 33
    endloop
  endfacet
  facet normal -0.0655283 -0.997851 -0
    outer loop
      vertex 88.2741 10.082 33
      vertex 88 10.1 27.4
      vertex 88.2741 10.082 27.4
    endloop
  endfacet
  facet normal -0.321433 0.946932 0
    outer loop
      vertex 88.8036 6.05985 27.4
      vertex 88.5435 5.97156 33
      vertex 88.8036 6.05985 33
    endloop
  endfacet
  facet normal -0.321433 0.946932 0
    outer loop
      vertex 88.5435 5.97156 33
      vertex 88.8036 6.05985 27.4
      vertex 88.5435 5.97156 27.4
    endloop
  endfacet
  facet normal 0.321433 0.946932 -0
    outer loop
      vertex 87.4565 5.97156 27.4
      vertex 87.1964 6.05985 33
      vertex 87.4565 5.97156 33
    endloop
  endfacet
  facet normal 0.321433 0.946932 0
    outer loop
      vertex 87.1964 6.05985 33
      vertex 87.4565 5.97156 27.4
      vertex 87.1964 6.05985 27.4
    endloop
  endfacet
  facet normal 0.751864 0.659319 0
    outer loop
      vertex 86.5151 6.51508 33
      vertex 86.334 6.7216 27.4
      vertex 86.334 6.7216 33
    endloop
  endfacet
  facet normal 0.751864 0.659319 0
    outer loop
      vertex 86.334 6.7216 27.4
      vertex 86.5151 6.51508 33
      vertex 86.5151 6.51508 27.4
    endloop
  endfacet
  facet normal 0.896867 -0.4423 0
    outer loop
      vertex 86.0599 8.80363 33
      vertex 86.1814 9.05 27.4
      vertex 86.1814 9.05 33
    endloop
  endfacet
  facet normal 0.896867 -0.4423 0
    outer loop
      vertex 86.1814 9.05 27.4
      vertex 86.0599 8.80363 33
      vertex 86.0599 8.80363 27.4
    endloop
  endfacet
  facet normal -0.896867 0.4423 0
    outer loop
      vertex 89.8186 6.95 27.4
      vertex 89.9401 7.19637 33
      vertex 89.9401 7.19637 27.4
    endloop
  endfacet
  facet normal -0.896867 0.4423 0
    outer loop
      vertex 89.9401 7.19637 33
      vertex 89.8186 6.95 27.4
      vertex 89.8186 6.95 33
    endloop
  endfacet
  facet normal 0.0655283 -0.997851 0
    outer loop
      vertex 87.7259 10.082 27.4
      vertex 88 10.1 33
      vertex 87.7259 10.082 33
    endloop
  endfacet
  facet normal 0.0655283 -0.997851 0
    outer loop
      vertex 88 10.1 33
      vertex 87.7259 10.082 27.4
      vertex 88 10.1 27.4
    endloop
  endfacet
  facet normal 0.946925 -0.321454 0
    outer loop
      vertex 85.9716 8.54352 33
      vertex 86.0599 8.80363 27.4
      vertex 86.0599 8.80363 33
    endloop
  endfacet
  facet normal 0.946925 -0.321454 0
    outer loop
      vertex 86.0599 8.80363 27.4
      vertex 85.9716 8.54352 33
      vertex 85.9716 8.54352 27.4
    endloop
  endfacet
  facet normal -0.321302 -0.946977 0
    outer loop
      vertex 88.5435 10.0284 27.4
      vertex 88.8036 9.94015 33
      vertex 88.5435 10.0284 33
    endloop
  endfacet
  facet normal -0.321302 -0.946977 -0
    outer loop
      vertex 88.8036 9.94015 33
      vertex 88.5435 10.0284 27.4
      vertex 88.8036 9.94015 27.4
    endloop
  endfacet
  facet normal -0.946925 0.321454 0
    outer loop
      vertex 89.9401 7.19637 27.4
      vertex 90.0284 7.45648 33
      vertex 90.0284 7.45648 27.4
    endloop
  endfacet
  facet normal -0.946925 0.321454 0
    outer loop
      vertex 90.0284 7.45648 33
      vertex 89.9401 7.19637 27.4
      vertex 89.9401 7.19637 33
    endloop
  endfacet
  facet normal 0.980779 0.195122 0
    outer loop
      vertex 85.9716 7.45648 33
      vertex 85.918 7.7259 27.4
      vertex 85.918 7.7259 33
    endloop
  endfacet
  facet normal 0.980779 0.195122 0
    outer loop
      vertex 85.918 7.7259 27.4
      vertex 85.9716 7.45648 33
      vertex 85.9716 7.45648 27.4
    endloop
  endfacet
  facet normal -0.751864 -0.659319 0
    outer loop
      vertex 89.666 9.2784 27.4
      vertex 89.4849 9.48492 33
      vertex 89.4849 9.48492 27.4
    endloop
  endfacet
  facet normal -0.751864 -0.659319 0
    outer loop
      vertex 89.4849 9.48492 33
      vertex 89.666 9.2784 27.4
      vertex 89.666 9.2784 33
    endloop
  endfacet
  facet normal 0.659396 -0.751796 0
    outer loop
      vertex 86.5151 9.48492 27.4
      vertex 86.7216 9.66604 33
      vertex 86.5151 9.48492 33
    endloop
  endfacet
  facet normal 0.659396 -0.751796 0
    outer loop
      vertex 86.7216 9.66604 33
      vertex 86.5151 9.48492 27.4
      vertex 86.7216 9.66604 27.4
    endloop
  endfacet
  facet normal 0.896867 0.4423 0
    outer loop
      vertex 86.1814 6.95 33
      vertex 86.0599 7.19637 27.4
      vertex 86.0599 7.19637 33
    endloop
  endfacet
  facet normal 0.896867 0.4423 0
    outer loop
      vertex 86.0599 7.19637 27.4
      vertex 86.1814 6.95 33
      vertex 86.1814 6.95 27.4
    endloop
  endfacet
  facet normal -0.0654196 0.997858 0
    outer loop
      vertex 88.2741 5.91797 27.4
      vertex 88 5.9 33
      vertex 88.2741 5.91797 33
    endloop
  endfacet
  facet normal -0.0654196 0.997858 0
    outer loop
      vertex 88 5.9 33
      vertex 88.2741 5.91797 27.4
      vertex 88 5.9 27.4
    endloop
  endfacet
  facet normal 0.0654196 0.997858 -0
    outer loop
      vertex 88 5.9 27.4
      vertex 87.7259 5.91797 33
      vertex 88 5.9 33
    endloop
  endfacet
  facet normal 0.0654196 0.997858 0
    outer loop
      vertex 87.7259 5.91797 33
      vertex 88 5.9 27.4
      vertex 87.7259 5.91797 27.4
    endloop
  endfacet
  facet normal 0.997851 -0.0655283 0
    outer loop
      vertex 85.9 8 33
      vertex 85.918 8.2741 27.4
      vertex 85.918 8.2741 33
    endloop
  endfacet
  facet normal 0.997851 -0.0655283 0
    outer loop
      vertex 85.918 8.2741 27.4
      vertex 85.9 8 33
      vertex 85.9 8 27.4
    endloop
  endfacet
  facet normal -0.659396 -0.751796 0
    outer loop
      vertex 89.2784 9.66604 27.4
      vertex 89.4849 9.48492 33
      vertex 89.2784 9.66604 33
    endloop
  endfacet
  facet normal -0.659396 -0.751796 -0
    outer loop
      vertex 89.4849 9.48492 33
      vertex 89.2784 9.66604 27.4
      vertex 89.4849 9.48492 27.4
    endloop
  endfacet
  facet normal 0.83149 0.55554 0
    outer loop
      vertex 86.334 6.7216 33
      vertex 86.1814 6.95 27.4
      vertex 86.1814 6.95 33
    endloop
  endfacet
  facet normal 0.83149 0.55554 0
    outer loop
      vertex 86.1814 6.95 27.4
      vertex 86.334 6.7216 33
      vertex 86.334 6.7216 27.4
    endloop
  endfacet
  facet normal -0.555565 0.831473 0
    outer loop
      vertex 89.2784 6.33396 27.4
      vertex 89.05 6.18135 33
      vertex 89.2784 6.33396 33
    endloop
  endfacet
  facet normal -0.555565 0.831473 0
    outer loop
      vertex 89.05 6.18135 33
      vertex 89.2784 6.33396 27.4
      vertex 89.05 6.18135 27.4
    endloop
  endfacet
  facet normal 0.997851 0.0655283 0
    outer loop
      vertex 85.918 7.7259 33
      vertex 85.9 8 27.4
      vertex 85.9 8 33
    endloop
  endfacet
  facet normal 0.997851 0.0655283 0
    outer loop
      vertex 85.9 8 27.4
      vertex 85.918 7.7259 33
      vertex 85.918 7.7259 27.4
    endloop
  endfacet
  facet normal 0.195101 0.980783 -0
    outer loop
      vertex 87.7259 5.91797 27.4
      vertex 87.4565 5.97156 33
      vertex 87.7259 5.91797 33
    endloop
  endfacet
  facet normal 0.195101 0.980783 0
    outer loop
      vertex 87.4565 5.97156 33
      vertex 87.7259 5.91797 27.4
      vertex 87.4565 5.97156 27.4
    endloop
  endfacet
  facet normal 0 0 1
    outer loop
      vertex 90.082 8.2741 27.4
      vertex 90.082 7.7259 27.4
      vertex 90.1 8 27.4
    endloop
  endfacet
  facet normal 0 0 1
    outer loop
      vertex 90.0284 8.54352 27.4
      vertex 90.082 7.7259 27.4
      vertex 90.082 8.2741 27.4
    endloop
  endfacet
  facet normal 0 0 1
    outer loop
      vertex 90.0284 8.54352 27.4
      vertex 90.0284 7.45648 27.4
      vertex 90.082 7.7259 27.4
    endloop
  endfacet
  facet normal 0 0 1
    outer loop
      vertex 89.9401 8.80363 27.4
      vertex 90.0284 7.45648 27.4
      vertex 90.0284 8.54352 27.4
    endloop
  endfacet
  facet normal 0 0 1
    outer loop
      vertex 89.9401 8.80363 27.4
      vertex 89.9401 7.19637 27.4
      vertex 90.0284 7.45648 27.4
    endloop
  endfacet
  facet normal 0 0 1
    outer loop
      vertex 89.8186 9.05 27.4
      vertex 89.9401 7.19637 27.4
      vertex 89.9401 8.80363 27.4
    endloop
  endfacet
  facet normal 0 0 1
    outer loop
      vertex 89.8186 9.05 27.4
      vertex 89.8186 6.95 27.4
      vertex 89.9401 7.19637 27.4
    endloop
  endfacet
  facet normal 0 0 1
    outer loop
      vertex 89.666 9.2784 27.4
      vertex 89.8186 6.95 27.4
      vertex 89.8186 9.05 27.4
    endloop
  endfacet
  facet normal 0 0 1
    outer loop
      vertex 89.666 9.2784 27.4
      vertex 89.666 6.7216 27.4
      vertex 89.8186 6.95 27.4
    endloop
  endfacet
  facet normal 0 0 1
    outer loop
      vertex 89.4849 9.48492 27.4
      vertex 89.666 6.7216 27.4
      vertex 89.666 9.2784 27.4
    endloop
  endfacet
  facet normal 0 0 1
    outer loop
      vertex 89.4849 9.48492 27.4
      vertex 89.4849 6.51508 27.4
      vertex 89.666 6.7216 27.4
    endloop
  endfacet
  facet normal 0 0 1
    outer loop
      vertex 89.2784 9.66604 27.4
      vertex 89.4849 6.51508 27.4
      vertex 89.4849 9.48492 27.4
    endloop
  endfacet
  facet normal 0 0 1
    outer loop
      vertex 89.2784 9.66604 27.4
      vertex 89.2784 6.33396 27.4
      vertex 89.4849 6.51508 27.4
    endloop
  endfacet
  facet normal 0 0 1
    outer loop
      vertex 89.05 9.81865 27.4
      vertex 89.2784 6.33396 27.4
      vertex 89.2784 9.66604 27.4
    endloop
  endfacet
  facet normal 0 0 1
    outer loop
      vertex 89.05 9.81865 27.4
      vertex 89.05 6.18135 27.4
      vertex 89.2784 6.33396 27.4
    endloop
  endfacet
  facet normal 0 0 1
    outer loop
      vertex 88.8036 9.94015 27.4
      vertex 89.05 6.18135 27.4
      vertex 89.05 9.81865 27.4
    endloop
  endfacet
  facet normal 0 0 1
    outer loop
      vertex 88.8036 9.94015 27.4
      vertex 88.8036 6.05985 27.4
      vertex 89.05 6.18135 27.4
    endloop
  endfacet
  facet normal 0 0 1
    outer loop
      vertex 88.5435 10.0284 27.4
      vertex 88.8036 6.05985 27.4
      vertex 88.8036 9.94015 27.4
    endloop
  endfacet
  facet normal 0 0 1
    outer loop
      vertex 88.5435 10.0284 27.4
      vertex 88.5435 5.97156 27.4
      vertex 88.8036 6.05985 27.4
    endloop
  endfacet
  facet normal 0 0 1
    outer loop
      vertex 88.2741 10.082 27.4
      vertex 88.5435 5.97156 27.4
      vertex 88.5435 10.0284 27.4
    endloop
  endfacet
  facet normal 0 0 1
    outer loop
      vertex 88.2741 10.082 27.4
      vertex 88.2741 5.91797 27.4
      vertex 88.5435 5.97156 27.4
    endloop
  endfacet
  facet normal 0 0 1
    outer loop
      vertex 88 10.1 27.4
      vertex 88.2741 5.91797 27.4
      vertex 88.2741 10.082 27.4
    endloop
  endfacet
  facet normal 0 0 1
    outer loop
      vertex 88 10.1 27.4
      vertex 88 5.9 27.4
      vertex 88.2741 5.91797 27.4
    endloop
  endfacet
  facet normal -0 0 1
    outer loop
      vertex 87.7259 10.082 27.4
      vertex 88 5.9 27.4
      vertex 88 10.1 27.4
    endloop
  endfacet
  facet normal 0 0 1
    outer loop
      vertex 87.7259 10.082 27.4
      vertex 87.7259 5.91797 27.4
      vertex 88 5.9 27.4
    endloop
  endfacet
  facet normal -0 0 1
    outer loop
      vertex 87.4565 10.0284 27.4
      vertex 87.7259 5.91797 27.4
      vertex 87.7259 10.082 27.4
    endloop
  endfacet
  facet normal 0 0 1
    outer loop
      vertex 87.4565 10.0284 27.4
      vertex 87.4565 5.97156 27.4
      vertex 87.7259 5.91797 27.4
    endloop
  endfacet
  facet normal -0 0 1
    outer loop
      vertex 87.1964 9.94015 27.4
      vertex 87.4565 5.97156 27.4
      vertex 87.4565 10.0284 27.4
    endloop
  endfacet
  facet normal 0 0 1
    outer loop
      vertex 87.1964 9.94015 27.4
      vertex 87.1964 6.05985 27.4
      vertex 87.4565 5.97156 27.4
    endloop
  endfacet
  facet normal -0 0 1
    outer loop
      vertex 86.95 9.81865 27.4
      vertex 87.1964 6.05985 27.4
      vertex 87.1964 9.94015 27.4
    endloop
  endfacet
  facet normal 0 0 1
    outer loop
      vertex 86.95 9.81865 27.4
      vertex 86.95 6.18135 27.4
      vertex 87.1964 6.05985 27.4
    endloop
  endfacet
  facet normal -0 0 1
    outer loop
      vertex 86.7216 9.66604 27.4
      vertex 86.95 6.18135 27.4
      vertex 86.95 9.81865 27.4
    endloop
  endfacet
  facet normal 0 0 1
    outer loop
      vertex 86.7216 9.66604 27.4
      vertex 86.7216 6.33396 27.4
      vertex 86.95 6.18135 27.4
    endloop
  endfacet
  facet normal -0 0 1
    outer loop
      vertex 86.5151 9.48492 27.4
      vertex 86.7216 6.33396 27.4
      vertex 86.7216 9.66604 27.4
    endloop
  endfacet
  facet normal 0 0 1
    outer loop
      vertex 86.5151 9.48492 27.4
      vertex 86.5151 6.51508 27.4
      vertex 86.7216 6.33396 27.4
    endloop
  endfacet
  facet normal -0 0 1
    outer loop
      vertex 86.334 9.2784 27.4
      vertex 86.5151 6.51508 27.4
      vertex 86.5151 9.48492 27.4
    endloop
  endfacet
  facet normal 0 0 1
    outer loop
      vertex 86.334 9.2784 27.4
      vertex 86.334 6.7216 27.4
      vertex 86.5151 6.51508 27.4
    endloop
  endfacet
  facet normal -0 0 1
    outer loop
      vertex 86.1814 9.05 27.4
      vertex 86.334 6.7216 27.4
      vertex 86.334 9.2784 27.4
    endloop
  endfacet
  facet normal 0 0 1
    outer loop
      vertex 86.1814 9.05 27.4
      vertex 86.1814 6.95 27.4
      vertex 86.334 6.7216 27.4
    endloop
  endfacet
  facet normal -0 0 1
    outer loop
      vertex 86.0599 8.80363 27.4
      vertex 86.1814 6.95 27.4
      vertex 86.1814 9.05 27.4
    endloop
  endfacet
  facet normal 0 0 1
    outer loop
      vertex 86.0599 8.80363 27.4
      vertex 86.0599 7.19637 27.4
      vertex 86.1814 6.95 27.4
    endloop
  endfacet
  facet normal -0 0 1
    outer loop
      vertex 85.9716 8.54352 27.4
      vertex 86.0599 7.19637 27.4
      vertex 86.0599 8.80363 27.4
    endloop
  endfacet
  facet normal 0 0 1
    outer loop
      vertex 85.9716 8.54352 27.4
      vertex 85.9716 7.45648 27.4
      vertex 86.0599 7.19637 27.4
    endloop
  endfacet
  facet normal -0 0 1
    outer loop
      vertex 85.918 8.2741 27.4
      vertex 85.9716 7.45648 27.4
      vertex 85.9716 8.54352 27.4
    endloop
  endfacet
  facet normal 0 0 1
    outer loop
      vertex 85.918 8.2741 27.4
      vertex 85.918 7.7259 27.4
      vertex 85.9716 7.45648 27.4
    endloop
  endfacet
  facet normal 0 -0 1
    outer loop
      vertex 85.918 7.7259 27.4
      vertex 85.918 8.2741 27.4
      vertex 85.9 8 27.4
    endloop
  endfacet
  facet normal 0.442256 0.896889 -0
    outer loop
      vertex 87.1964 6.05985 27.4
      vertex 86.95 6.18135 33
      vertex 87.1964 6.05985 33
    endloop
  endfacet
  facet normal 0.442256 0.896889 0
    outer loop
      vertex 86.95 6.18135 33
      vertex 87.1964 6.05985 27.4
      vertex 86.95 6.18135 27.4
    endloop
  endfacet
  facet normal 0.980796 0.195038 0
    outer loop
      vertex 92.4615 60.5874 33
      vertex 92.3467 61.1647 3
      vertex 92.3467 61.1647 33
    endloop
  endfacet
  facet normal 0.980796 0.195038 0
    outer loop
      vertex 92.3467 61.1647 3
      vertex 92.4615 60.5874 33
      vertex 92.4615 60.5874 3
    endloop
  endfacet
  facet normal 0.997859 0.0654027 0
    outer loop
      vertex 92.5 60 33
      vertex 92.4615 60.5874 3
      vertex 92.4615 60.5874 33
    endloop
  endfacet
  facet normal 0.997859 0.0654027 0
    outer loop
      vertex 92.4615 60.5874 3
      vertex 92.5 60 33
      vertex 92.5 60 3
    endloop
  endfacet
  facet normal 0.980796 -0.195038 0
    outer loop
      vertex 92.3467 58.8353 33
      vertex 92.4615 59.4126 3
      vertex 92.4615 59.4126 33
    endloop
  endfacet
  facet normal 0.980796 -0.195038 0
    outer loop
      vertex 92.4615 59.4126 3
      vertex 92.3467 58.8353 33
      vertex 92.3467 58.8353 3
    endloop
  endfacet
  facet normal 0 0 1
    outer loop
      vertex 90.1 60 33
      vertex 92.5 60 33
      vertex 92.4615 60.5874 33
    endloop
  endfacet
  facet normal 0 0 1
    outer loop
      vertex 90.082 60.2741 33
      vertex 92.4615 60.5874 33
      vertex 92.3467 61.1647 33
    endloop
  endfacet
  facet normal 0 0 1
    outer loop
      vertex 92.5 60 33
      vertex 90.1 60 33
      vertex 92.4615 59.4126 33
    endloop
  endfacet
  facet normal 0 0 1
    outer loop
      vertex 90.0284 60.5435 33
      vertex 92.3467 61.1647 33
      vertex 92.1575 61.7221 33
    endloop
  endfacet
  facet normal -0 0 1
    outer loop
      vertex 90.082 59.7259 33
      vertex 92.4615 59.4126 33
      vertex 90.1 60 33
    endloop
  endfacet
  facet normal 0 0 1
    outer loop
      vertex 89.9401 60.8036 33
      vertex 92.1575 61.7221 33
      vertex 91.8971 62.25 33
    endloop
  endfacet
  facet normal 0 0 1
    outer loop
      vertex 92.4615 59.4126 33
      vertex 90.082 59.7259 33
      vertex 92.3467 58.8353 33
    endloop
  endfacet
  facet normal 0 0 1
    outer loop
      vertex 89.8186 61.05 33
      vertex 91.8971 62.25 33
      vertex 91.5701 62.7394 33
    endloop
  endfacet
  facet normal -0 0 1
    outer loop
      vertex 90.0284 59.4565 33
      vertex 92.3467 58.8353 33
      vertex 90.082 59.7259 33
    endloop
  endfacet
  facet normal 0 0 1
    outer loop
      vertex 89.666 61.2784 33
      vertex 91.5701 62.7394 33
      vertex 91.182 63.182 33
    endloop
  endfacet
  facet normal 0 0 1
    outer loop
      vertex 92.3467 58.8353 33
      vertex 90.0284 59.4565 33
      vertex 92.1575 58.2779 33
    endloop
  endfacet
  facet normal 0 0 1
    outer loop
      vertex 89.4849 61.4849 33
      vertex 91.182 63.182 33
      vertex 90.7394 63.5701 33
    endloop
  endfacet
  facet normal -0 0 1
    outer loop
      vertex 89.9401 59.1964 33
      vertex 92.1575 58.2779 33
      vertex 90.0284 59.4565 33
    endloop
  endfacet
  facet normal 0 0 1
    outer loop
      vertex 89.2784 61.666 33
      vertex 90.7394 63.5701 33
      vertex 90.25 63.8971 33
    endloop
  endfacet
  facet normal 0 0 1
    outer loop
      vertex 92.1575 58.2779 33
      vertex 89.9401 59.1964 33
      vertex 91.8971 57.75 33
    endloop
  endfacet
  facet normal -0 0 1
    outer loop
      vertex 89.8186 58.95 33
      vertex 91.8971 57.75 33
      vertex 89.9401 59.1964 33
    endloop
  endfacet
  facet normal 0 0 1
    outer loop
      vertex 92.4615 60.5874 33
      vertex 90.082 60.2741 33
      vertex 90.1 60 33
    endloop
  endfacet
  facet normal 0 0 1
    outer loop
      vertex 92.3467 61.1647 33
      vertex 90.0284 60.5435 33
      vertex 90.082 60.2741 33
    endloop
  endfacet
  facet normal 0 0 1
    outer loop
      vertex 92.1575 61.7221 33
      vertex 89.9401 60.8036 33
      vertex 90.0284 60.5435 33
    endloop
  endfacet
  facet normal 0 0 1
    outer loop
      vertex 91.8971 62.25 33
      vertex 89.8186 61.05 33
      vertex 89.9401 60.8036 33
    endloop
  endfacet
  facet normal 0 0 1
    outer loop
      vertex 89.05 61.8187 33
      vertex 90.25 63.8971 33
      vertex 89.7221 64.1575 33
    endloop
  endfacet
  facet normal 0 0 1
    outer loop
      vertex 91.5701 62.7394 33
      vertex 89.666 61.2784 33
      vertex 89.8186 61.05 33
    endloop
  endfacet
  facet normal 0 0 1
    outer loop
      vertex 91.182 63.182 33
      vertex 89.4849 61.4849 33
      vertex 89.666 61.2784 33
    endloop
  endfacet
  facet normal 0 0 1
    outer loop
      vertex 90.7394 63.5701 33
      vertex 89.2784 61.666 33
      vertex 89.4849 61.4849 33
    endloop
  endfacet
  facet normal 0 0 1
    outer loop
      vertex 88.8036 61.9401 33
      vertex 89.7221 64.1575 33
      vertex 89.1647 64.3467 33
    endloop
  endfacet
  facet normal 0 0 1
    outer loop
      vertex 90.25 63.8971 33
      vertex 89.05 61.8187 33
      vertex 89.2784 61.666 33
    endloop
  endfacet
  facet normal 0 0 1
    outer loop
      vertex 89.7221 64.1575 33
      vertex 88.8036 61.9401 33
      vertex 89.05 61.8187 33
    endloop
  endfacet
  facet normal 0 0 1
    outer loop
      vertex 88.5435 62.0284 33
      vertex 89.1647 64.3467 33
      vertex 88.5874 64.4615 33
    endloop
  endfacet
  facet normal 0 0 1
    outer loop
      vertex 89.1647 64.3467 33
      vertex 88.5435 62.0284 33
      vertex 88.8036 61.9401 33
    endloop
  endfacet
  facet normal 0 0 1
    outer loop
      vertex 88.5874 64.4615 33
      vertex 88.2741 62.082 33
      vertex 88.5435 62.0284 33
    endloop
  endfacet
  facet normal 0 0 1
    outer loop
      vertex 88 64.5 33
      vertex 88.2741 62.082 33
      vertex 88.5874 64.4615 33
    endloop
  endfacet
  facet normal 0 0 1
    outer loop
      vertex 88 64.5 33
      vertex 88 62.1 33
      vertex 88.2741 62.082 33
    endloop
  endfacet
  facet normal 0 0 1
    outer loop
      vertex 88 64.5 33
      vertex 87.7259 62.082 33
      vertex 88 62.1 33
    endloop
  endfacet
  facet normal -0 0 1
    outer loop
      vertex 87.4126 64.4615 33
      vertex 87.7259 62.082 33
      vertex 88 64.5 33
    endloop
  endfacet
  facet normal 0 0 1
    outer loop
      vertex 87.7259 62.082 33
      vertex 87.4126 64.4615 33
      vertex 87.4565 62.0284 33
    endloop
  endfacet
  facet normal -0 0 1
    outer loop
      vertex 86.8353 64.3467 33
      vertex 87.4565 62.0284 33
      vertex 87.4126 64.4615 33
    endloop
  endfacet
  facet normal 0 0 1
    outer loop
      vertex 87.4565 62.0284 33
      vertex 86.8353 64.3467 33
      vertex 87.1964 61.9401 33
    endloop
  endfacet
  facet normal -0 0 1
    outer loop
      vertex 86.2779 64.1575 33
      vertex 87.1964 61.9401 33
      vertex 86.8353 64.3467 33
    endloop
  endfacet
  facet normal 0 0 1
    outer loop
      vertex 87.1964 61.9401 33
      vertex 86.2779 64.1575 33
      vertex 86.95 61.8187 33
    endloop
  endfacet
  facet normal -0 0 1
    outer loop
      vertex 85.75 63.8971 33
      vertex 86.95 61.8187 33
      vertex 86.2779 64.1575 33
    endloop
  endfacet
  facet normal 0 0 1
    outer loop
      vertex 86.95 61.8187 33
      vertex 85.75 63.8971 33
      vertex 86.7216 61.666 33
    endloop
  endfacet
  facet normal -0 0 1
    outer loop
      vertex 85.2606 63.5701 33
      vertex 86.7216 61.666 33
      vertex 85.75 63.8971 33
    endloop
  endfacet
  facet normal 0 0 1
    outer loop
      vertex 86.7216 61.666 33
      vertex 85.2606 63.5701 33
      vertex 86.5151 61.4849 33
    endloop
  endfacet
  facet normal -0 0 1
    outer loop
      vertex 84.818 63.182 33
      vertex 86.5151 61.4849 33
      vertex 85.2606 63.5701 33
    endloop
  endfacet
  facet normal 0 0 1
    outer loop
      vertex 86.5151 61.4849 33
      vertex 84.818 63.182 33
      vertex 86.334 61.2784 33
    endloop
  endfacet
  facet normal -0 0 1
    outer loop
      vertex 84.4299 62.7394 33
      vertex 86.334 61.2784 33
      vertex 84.818 63.182 33
    endloop
  endfacet
  facet normal -0 0 1
    outer loop
      vertex 84.1029 62.25 33
      vertex 86.1814 61.05 33
      vertex 84.4299 62.7394 33
    endloop
  endfacet
  facet normal 0 0 1
    outer loop
      vertex 86.334 61.2784 33
      vertex 84.4299 62.7394 33
      vertex 86.1814 61.05 33
    endloop
  endfacet
  facet normal 0 0 1
    outer loop
      vertex 91.8971 57.75 33
      vertex 89.8186 58.95 33
      vertex 91.5701 57.2606 33
    endloop
  endfacet
  facet normal -0 0 1
    outer loop
      vertex 89.666 58.7216 33
      vertex 91.5701 57.2606 33
      vertex 89.8186 58.95 33
    endloop
  endfacet
  facet normal 0 0 1
    outer loop
      vertex 91.5701 57.2606 33
      vertex 89.666 58.7216 33
      vertex 91.182 56.818 33
    endloop
  endfacet
  facet normal -0 0 1
    outer loop
      vertex 89.4849 58.5151 33
      vertex 91.182 56.818 33
      vertex 89.666 58.7216 33
    endloop
  endfacet
  facet normal 0 0 1
    outer loop
      vertex 91.182 56.818 33
      vertex 89.4849 58.5151 33
      vertex 90.7394 56.4299 33
    endloop
  endfacet
  facet normal -0 0 1
    outer loop
      vertex 89.2784 58.334 33
      vertex 90.7394 56.4299 33
      vertex 89.4849 58.5151 33
    endloop
  endfacet
  facet normal 0 0 1
    outer loop
      vertex 90.7394 56.4299 33
      vertex 89.2784 58.334 33
      vertex 90.25 56.1029 33
    endloop
  endfacet
  facet normal -0 0 1
    outer loop
      vertex 89.05 58.1813 33
      vertex 90.25 56.1029 33
      vertex 89.2784 58.334 33
    endloop
  endfacet
  facet normal 0 0 1
    outer loop
      vertex 90.25 56.1029 33
      vertex 89.05 58.1813 33
      vertex 89.7221 55.8425 33
    endloop
  endfacet
  facet normal -0 0 1
    outer loop
      vertex 88.8036 58.0599 33
      vertex 89.7221 55.8425 33
      vertex 89.05 58.1813 33
    endloop
  endfacet
  facet normal 0 0 1
    outer loop
      vertex 89.7221 55.8425 33
      vertex 88.8036 58.0599 33
      vertex 89.1647 55.6533 33
    endloop
  endfacet
  facet normal -0 0 1
    outer loop
      vertex 88.5435 57.9716 33
      vertex 89.1647 55.6533 33
      vertex 88.8036 58.0599 33
    endloop
  endfacet
  facet normal 0 0 1
    outer loop
      vertex 89.1647 55.6533 33
      vertex 88.5435 57.9716 33
      vertex 88.5874 55.5385 33
    endloop
  endfacet
  facet normal -0 0 1
    outer loop
      vertex 88.2741 57.918 33
      vertex 88.5874 55.5385 33
      vertex 88.5435 57.9716 33
    endloop
  endfacet
  facet normal -0 0 1
    outer loop
      vertex 88 57.9 33
      vertex 88.5874 55.5385 33
      vertex 88.2741 57.918 33
    endloop
  endfacet
  facet normal 0 0 1
    outer loop
      vertex 88 57.9 33
      vertex 88 55.5 33
      vertex 88.5874 55.5385 33
    endloop
  endfacet
  facet normal 0 0 1
    outer loop
      vertex 87.7259 57.918 33
      vertex 88 55.5 33
      vertex 88 57.9 33
    endloop
  endfacet
  facet normal 0 0 1
    outer loop
      vertex 87.4126 55.5385 33
      vertex 87.7259 57.918 33
      vertex 87.4565 57.9716 33
    endloop
  endfacet
  facet normal 0 0 1
    outer loop
      vertex 87.7259 57.918 33
      vertex 87.4126 55.5385 33
      vertex 88 55.5 33
    endloop
  endfacet
  facet normal 0 0 1
    outer loop
      vertex 86.8353 55.6533 33
      vertex 87.4565 57.9716 33
      vertex 87.1964 58.0599 33
    endloop
  endfacet
  facet normal 0 0 1
    outer loop
      vertex 86.2779 55.8425 33
      vertex 87.1964 58.0599 33
      vertex 86.95 58.1813 33
    endloop
  endfacet
  facet normal 0 0 1
    outer loop
      vertex 87.4565 57.9716 33
      vertex 86.8353 55.6533 33
      vertex 87.4126 55.5385 33
    endloop
  endfacet
  facet normal 0 0 1
    outer loop
      vertex 85.75 56.1029 33
      vertex 86.95 58.1813 33
      vertex 86.7216 58.334 33
    endloop
  endfacet
  facet normal 0 0 1
    outer loop
      vertex 85.2606 56.4299 33
      vertex 86.7216 58.334 33
      vertex 86.5151 58.5151 33
    endloop
  endfacet
  facet normal 0 0 1
    outer loop
      vertex 84.818 56.818 33
      vertex 86.5151 58.5151 33
      vertex 86.334 58.7216 33
    endloop
  endfacet
  facet normal 0 0 1
    outer loop
      vertex 87.1964 58.0599 33
      vertex 86.2779 55.8425 33
      vertex 86.8353 55.6533 33
    endloop
  endfacet
  facet normal 0 0 1
    outer loop
      vertex 84.4299 57.2606 33
      vertex 86.334 58.7216 33
      vertex 86.1814 58.95 33
    endloop
  endfacet
  facet normal 0 0 1
    outer loop
      vertex 84.1029 57.75 33
      vertex 86.1814 58.95 33
      vertex 86.0599 59.1964 33
    endloop
  endfacet
  facet normal 0 0 1
    outer loop
      vertex 83.8425 58.2779 33
      vertex 86.0599 59.1964 33
      vertex 85.9716 59.4565 33
    endloop
  endfacet
  facet normal 0 0 1
    outer loop
      vertex 83.6533 58.8353 33
      vertex 85.9716 59.4565 33
      vertex 85.918 59.7259 33
    endloop
  endfacet
  facet normal 0 0 1
    outer loop
      vertex 86.95 58.1813 33
      vertex 85.75 56.1029 33
      vertex 86.2779 55.8425 33
    endloop
  endfacet
  facet normal 0 0 1
    outer loop
      vertex 83.5385 59.4126 33
      vertex 85.918 59.7259 33
      vertex 85.9 60 33
    endloop
  endfacet
  facet normal 0 0 1
    outer loop
      vertex 86.1814 61.05 33
      vertex 84.1029 62.25 33
      vertex 86.0599 60.8036 33
    endloop
  endfacet
  facet normal -0 0 1
    outer loop
      vertex 83.8425 61.7221 33
      vertex 86.0599 60.8036 33
      vertex 84.1029 62.25 33
    endloop
  endfacet
  facet normal 0 0 1
    outer loop
      vertex 86.7216 58.334 33
      vertex 85.2606 56.4299 33
      vertex 85.75 56.1029 33
    endloop
  endfacet
  facet normal 0 0 1
    outer loop
      vertex 86.0599 60.8036 33
      vertex 83.8425 61.7221 33
      vertex 85.9716 60.5435 33
    endloop
  endfacet
  facet normal 0 0 1
    outer loop
      vertex 86.5151 58.5151 33
      vertex 84.818 56.818 33
      vertex 85.2606 56.4299 33
    endloop
  endfacet
  facet normal -0 0 1
    outer loop
      vertex 83.6533 61.1647 33
      vertex 85.9716 60.5435 33
      vertex 83.8425 61.7221 33
    endloop
  endfacet
  facet normal 0 0 1
    outer loop
      vertex 86.334 58.7216 33
      vertex 84.4299 57.2606 33
      vertex 84.818 56.818 33
    endloop
  endfacet
  facet normal 0 0 1
    outer loop
      vertex 85.9716 60.5435 33
      vertex 83.6533 61.1647 33
      vertex 85.918 60.2741 33
    endloop
  endfacet
  facet normal 0 0 1
    outer loop
      vertex 86.1814 58.95 33
      vertex 84.1029 57.75 33
      vertex 84.4299 57.2606 33
    endloop
  endfacet
  facet normal -0 0 1
    outer loop
      vertex 83.5385 60.5874 33
      vertex 85.918 60.2741 33
      vertex 83.6533 61.1647 33
    endloop
  endfacet
  facet normal 0 0 1
    outer loop
      vertex 86.0599 59.1964 33
      vertex 83.8425 58.2779 33
      vertex 84.1029 57.75 33
    endloop
  endfacet
  facet normal 0 0 1
    outer loop
      vertex 85.918 60.2741 33
      vertex 83.5385 60.5874 33
      vertex 85.9 60 33
    endloop
  endfacet
  facet normal 0 0 1
    outer loop
      vertex 85.9716 59.4565 33
      vertex 83.6533 58.8353 33
      vertex 83.8425 58.2779 33
    endloop
  endfacet
  facet normal 0 0 1
    outer loop
      vertex 83.5 60 33
      vertex 85.9 60 33
      vertex 83.5385 60.5874 33
    endloop
  endfacet
  facet normal 0 0 1
    outer loop
      vertex 85.918 59.7259 33
      vertex 83.5385 59.4126 33
      vertex 83.6533 58.8353 33
    endloop
  endfacet
  facet normal 0 0 1
    outer loop
      vertex 85.9 60 33
      vertex 83.5 60 33
      vertex 83.5385 59.4126 33
    endloop
  endfacet
  facet normal 0.831475 0.555562 0
    outer loop
      vertex 91.8971 62.25 33
      vertex 91.5701 62.7394 3
      vertex 91.5701 62.7394 33
    endloop
  endfacet
  facet normal 0.831475 0.555562 0
    outer loop
      vertex 91.5701 62.7394 3
      vertex 91.8971 62.25 33
      vertex 91.8971 62.25 3
    endloop
  endfacet
  facet normal 0.555562 0.831475 -0
    outer loop
      vertex 90.7394 63.5701 3
      vertex 90.25 63.8971 33
      vertex 90.7394 63.5701 33
    endloop
  endfacet
  facet normal 0.555562 0.831475 0
    outer loop
      vertex 90.25 63.8971 33
      vertex 90.7394 63.5701 3
      vertex 90.25 63.8971 3
    endloop
  endfacet
  facet normal 0.896827 -0.442382 0
    outer loop
      vertex 91.8971 57.75 33
      vertex 92.1575 58.2779 3
      vertex 92.1575 58.2779 33
    endloop
  endfacet
  facet normal 0.896827 -0.442382 0
    outer loop
      vertex 92.1575 58.2779 3
      vertex 91.8971 57.75 33
      vertex 91.8971 57.75 3
    endloop
  endfacet
  facet normal 0.997859 -0.0654027 0
    outer loop
      vertex 92.4615 59.4126 33
      vertex 92.5 60 3
      vertex 92.5 60 33
    endloop
  endfacet
  facet normal 0.997859 -0.0654027 0
    outer loop
      vertex 92.5 60 3
      vertex 92.4615 59.4126 33
      vertex 92.4615 59.4126 3
    endloop
  endfacet
  facet normal 0.321421 0.946936 -0
    outer loop
      vertex 89.7221 64.1575 3
      vertex 89.1647 64.3467 33
      vertex 89.7221 64.1575 33
    endloop
  endfacet
  facet normal 0.321421 0.946936 0
    outer loop
      vertex 89.1647 64.3467 33
      vertex 89.7221 64.1575 3
      vertex 89.1647 64.3467 3
    endloop
  endfacet
  facet normal -0.896827 0.442382 0
    outer loop
      vertex 83.8425 61.7221 3
      vertex 84.1029 62.25 33
      vertex 84.1029 62.25 3
    endloop
  endfacet
  facet normal -0.896827 0.442382 0
    outer loop
      vertex 84.1029 62.25 33
      vertex 83.8425 61.7221 3
      vertex 83.8425 61.7221 33
    endloop
  endfacet
  facet normal -0.659298 0.751882 0
    outer loop
      vertex 85.2606 63.5701 3
      vertex 84.818 63.182 33
      vertex 85.2606 63.5701 33
    endloop
  endfacet
  facet normal -0.659298 0.751882 0
    outer loop
      vertex 84.818 63.182 33
      vertex 85.2606 63.5701 3
      vertex 84.818 63.182 3
    endloop
  endfacet
  facet normal 0.321421 -0.946936 0
    outer loop
      vertex 89.1647 55.6533 3
      vertex 89.7221 55.8425 33
      vertex 89.1647 55.6533 33
    endloop
  endfacet
  facet normal 0.321421 -0.946936 0
    outer loop
      vertex 89.7221 55.8425 33
      vertex 89.1647 55.6533 3
      vertex 89.7221 55.8425 3
    endloop
  endfacet
  facet normal -0.997859 -0.0654027 0
    outer loop
      vertex 83.5385 59.4126 3
      vertex 83.5 60 33
      vertex 83.5 60 3
    endloop
  endfacet
  facet normal -0.997859 -0.0654027 0
    outer loop
      vertex 83.5 60 33
      vertex 83.5385 59.4126 3
      vertex 83.5385 59.4126 33
    endloop
  endfacet
  facet normal -0.659298 -0.751882 0
    outer loop
      vertex 84.818 56.818 3
      vertex 85.2606 56.4299 33
      vertex 84.818 56.818 33
    endloop
  endfacet
  facet normal -0.659298 -0.751882 -0
    outer loop
      vertex 85.2606 56.4299 33
      vertex 84.818 56.818 3
      vertex 85.2606 56.4299 3
    endloop
  endfacet
  facet normal -0.321421 0.946936 0
    outer loop
      vertex 86.8353 64.3467 3
      vertex 86.2779 64.1575 33
      vertex 86.8353 64.3467 33
    endloop
  endfacet
  facet normal -0.321421 0.946936 0
    outer loop
      vertex 86.2779 64.1575 33
      vertex 86.8353 64.3467 3
      vertex 86.2779 64.1575 3
    endloop
  endfacet
  facet normal -0.831475 -0.555562 0
    outer loop
      vertex 84.4299 57.2606 3
      vertex 84.1029 57.75 33
      vertex 84.1029 57.75 3
    endloop
  endfacet
  facet normal -0.831475 -0.555562 0
    outer loop
      vertex 84.1029 57.75 33
      vertex 84.4299 57.2606 3
      vertex 84.4299 57.2606 33
    endloop
  endfacet
  facet normal -0.555562 0.831475 0
    outer loop
      vertex 85.75 63.8971 3
      vertex 85.2606 63.5701 33
      vertex 85.75 63.8971 33
    endloop
  endfacet
  facet normal -0.555562 0.831475 0
    outer loop
      vertex 85.2606 63.5701 33
      vertex 85.75 63.8971 3
      vertex 85.2606 63.5701 3
    endloop
  endfacet
  facet normal -0.997859 0.0654027 0
    outer loop
      vertex 83.5 60 3
      vertex 83.5385 60.5874 33
      vertex 83.5385 60.5874 3
    endloop
  endfacet
  facet normal -0.997859 0.0654027 0
    outer loop
      vertex 83.5385 60.5874 33
      vertex 83.5 60 3
      vertex 83.5 60 33
    endloop
  endfacet
  facet normal 0.195038 0.980796 -0
    outer loop
      vertex 89.1647 64.3467 3
      vertex 88.5874 64.4615 33
      vertex 89.1647 64.3467 33
    endloop
  endfacet
  facet normal 0.195038 0.980796 0
    outer loop
      vertex 88.5874 64.4615 33
      vertex 89.1647 64.3467 3
      vertex 88.5874 64.4615 3
    endloop
  endfacet
  facet normal -0.442382 0.896827 0
    outer loop
      vertex 86.2779 64.1575 3
      vertex 85.75 63.8971 33
      vertex 86.2779 64.1575 33
    endloop
  endfacet
  facet normal -0.442382 0.896827 0
    outer loop
      vertex 85.75 63.8971 33
      vertex 86.2779 64.1575 3
      vertex 85.75 63.8971 3
    endloop
  endfacet
  facet normal 0.0654027 -0.997859 0
    outer loop
      vertex 88 55.5 3
      vertex 88.5874 55.5385 33
      vertex 88 55.5 33
    endloop
  endfacet
  facet normal 0.0654027 -0.997859 0
    outer loop
      vertex 88.5874 55.5385 33
      vertex 88 55.5 3
      vertex 88.5874 55.5385 3
    endloop
  endfacet
  facet normal 0.659298 -0.751882 0
    outer loop
      vertex 90.7394 56.4299 3
      vertex 91.182 56.818 33
      vertex 90.7394 56.4299 33
    endloop
  endfacet
  facet normal 0.659298 -0.751882 0
    outer loop
      vertex 91.182 56.818 33
      vertex 90.7394 56.4299 3
      vertex 91.182 56.818 3
    endloop
  endfacet
  facet normal -0.946936 -0.321421 0
    outer loop
      vertex 83.8425 58.2779 3
      vertex 83.6533 58.8353 33
      vertex 83.6533 58.8353 3
    endloop
  endfacet
  facet normal -0.946936 -0.321421 0
    outer loop
      vertex 83.6533 58.8353 33
      vertex 83.8425 58.2779 3
      vertex 83.8425 58.2779 33
    endloop
  endfacet
  facet normal 0.946936 -0.321421 0
    outer loop
      vertex 92.1575 58.2779 33
      vertex 92.3467 58.8353 3
      vertex 92.3467 58.8353 33
    endloop
  endfacet
  facet normal 0.946936 -0.321421 0
    outer loop
      vertex 92.3467 58.8353 3
      vertex 92.1575 58.2779 33
      vertex 92.1575 58.2779 3
    endloop
  endfacet
  facet normal 0.442382 0.896827 -0
    outer loop
      vertex 90.25 63.8971 3
      vertex 89.7221 64.1575 33
      vertex 90.25 63.8971 33
    endloop
  endfacet
  facet normal 0.442382 0.896827 0
    outer loop
      vertex 89.7221 64.1575 33
      vertex 90.25 63.8971 3
      vertex 89.7221 64.1575 3
    endloop
  endfacet
  facet normal -0.195038 0.980796 0
    outer loop
      vertex 87.4126 64.4615 3
      vertex 86.8353 64.3467 33
      vertex 87.4126 64.4615 33
    endloop
  endfacet
  facet normal -0.195038 0.980796 0
    outer loop
      vertex 86.8353 64.3467 33
      vertex 87.4126 64.4615 3
      vertex 86.8353 64.3467 3
    endloop
  endfacet
  facet normal 0.751882 0.659298 0
    outer loop
      vertex 91.5701 62.7394 33
      vertex 91.182 63.182 3
      vertex 91.182 63.182 33
    endloop
  endfacet
  facet normal 0.751882 0.659298 0
    outer loop
      vertex 91.182 63.182 3
      vertex 91.5701 62.7394 33
      vertex 91.5701 62.7394 3
    endloop
  endfacet
  facet normal 0.751882 -0.659298 0
    outer loop
      vertex 91.182 56.818 33
      vertex 91.5701 57.2606 3
      vertex 91.5701 57.2606 33
    endloop
  endfacet
  facet normal 0.751882 -0.659298 0
    outer loop
      vertex 91.5701 57.2606 3
      vertex 91.182 56.818 33
      vertex 91.182 56.818 3
    endloop
  endfacet
  facet normal -0.442382 -0.896827 0
    outer loop
      vertex 85.75 56.1029 3
      vertex 86.2779 55.8425 33
      vertex 85.75 56.1029 33
    endloop
  endfacet
  facet normal -0.442382 -0.896827 -0
    outer loop
      vertex 86.2779 55.8425 33
      vertex 85.75 56.1029 3
      vertex 86.2779 55.8425 3
    endloop
  endfacet
  facet normal -0.946936 0.321421 0
    outer loop
      vertex 83.6533 61.1647 3
      vertex 83.8425 61.7221 33
      vertex 83.8425 61.7221 3
    endloop
  endfacet
  facet normal -0.946936 0.321421 0
    outer loop
      vertex 83.8425 61.7221 33
      vertex 83.6533 61.1647 3
      vertex 83.6533 61.1647 33
    endloop
  endfacet
  facet normal 0.195038 -0.980796 0
    outer loop
      vertex 88.5874 55.5385 3
      vertex 89.1647 55.6533 33
      vertex 88.5874 55.5385 33
    endloop
  endfacet
  facet normal 0.195038 -0.980796 0
    outer loop
      vertex 89.1647 55.6533 33
      vertex 88.5874 55.5385 3
      vertex 89.1647 55.6533 3
    endloop
  endfacet
  facet normal 0.442382 -0.896827 0
    outer loop
      vertex 89.7221 55.8425 3
      vertex 90.25 56.1029 33
      vertex 89.7221 55.8425 33
    endloop
  endfacet
  facet normal 0.442382 -0.896827 0
    outer loop
      vertex 90.25 56.1029 33
      vertex 89.7221 55.8425 3
      vertex 90.25 56.1029 3
    endloop
  endfacet
  facet normal -0.751882 0.659298 0
    outer loop
      vertex 84.4299 62.7394 3
      vertex 84.818 63.182 33
      vertex 84.818 63.182 3
    endloop
  endfacet
  facet normal -0.751882 0.659298 0
    outer loop
      vertex 84.818 63.182 33
      vertex 84.4299 62.7394 3
      vertex 84.4299 62.7394 33
    endloop
  endfacet
  facet normal 0.659298 0.751882 -0
    outer loop
      vertex 91.182 63.182 3
      vertex 90.7394 63.5701 33
      vertex 91.182 63.182 33
    endloop
  endfacet
  facet normal 0.659298 0.751882 0
    outer loop
      vertex 90.7394 63.5701 33
      vertex 91.182 63.182 3
      vertex 90.7394 63.5701 3
    endloop
  endfacet
  facet normal -0.896827 -0.442382 0
    outer loop
      vertex 84.1029 57.75 3
      vertex 83.8425 58.2779 33
      vertex 83.8425 58.2779 3
    endloop
  endfacet
  facet normal -0.896827 -0.442382 0
    outer loop
      vertex 83.8425 58.2779 33
      vertex 84.1029 57.75 3
      vertex 84.1029 57.75 33
    endloop
  endfacet
  facet normal 0.831475 -0.555562 0
    outer loop
      vertex 91.5701 57.2606 33
      vertex 91.8971 57.75 3
      vertex 91.8971 57.75 33
    endloop
  endfacet
  facet normal 0.831475 -0.555562 0
    outer loop
      vertex 91.8971 57.75 3
      vertex 91.5701 57.2606 33
      vertex 91.5701 57.2606 3
    endloop
  endfacet
  facet normal 0.896827 0.442382 0
    outer loop
      vertex 92.1575 61.7221 33
      vertex 91.8971 62.25 3
      vertex 91.8971 62.25 33
    endloop
  endfacet
  facet normal 0.896827 0.442382 0
    outer loop
      vertex 91.8971 62.25 3
      vertex 92.1575 61.7221 33
      vertex 92.1575 61.7221 3
    endloop
  endfacet
  facet normal -0.0654027 -0.997859 0
    outer loop
      vertex 87.4126 55.5385 3
      vertex 88 55.5 33
      vertex 87.4126 55.5385 33
    endloop
  endfacet
  facet normal -0.0654027 -0.997859 -0
    outer loop
      vertex 88 55.5 33
      vertex 87.4126 55.5385 3
      vertex 88 55.5 3
    endloop
  endfacet
  facet normal 0.0654027 0.997859 -0
    outer loop
      vertex 88.5874 64.4615 3
      vertex 88 64.5 33
      vertex 88.5874 64.4615 33
    endloop
  endfacet
  facet normal 0.0654027 0.997859 0
    outer loop
      vertex 88 64.5 33
      vertex 88.5874 64.4615 3
      vertex 88 64.5 3
    endloop
  endfacet
  facet normal -0.555562 -0.831475 0
    outer loop
      vertex 85.2606 56.4299 3
      vertex 85.75 56.1029 33
      vertex 85.2606 56.4299 33
    endloop
  endfacet
  facet normal -0.555562 -0.831475 -0
    outer loop
      vertex 85.75 56.1029 33
      vertex 85.2606 56.4299 3
      vertex 85.75 56.1029 3
    endloop
  endfacet
  facet normal 0.555562 -0.831475 0
    outer loop
      vertex 90.25 56.1029 3
      vertex 90.7394 56.4299 33
      vertex 90.25 56.1029 33
    endloop
  endfacet
  facet normal 0.555562 -0.831475 0
    outer loop
      vertex 90.7394 56.4299 33
      vertex 90.25 56.1029 3
      vertex 90.7394 56.4299 3
    endloop
  endfacet
  facet normal 0.946936 0.321421 0
    outer loop
      vertex 92.3467 61.1647 33
      vertex 92.1575 61.7221 3
      vertex 92.1575 61.7221 33
    endloop
  endfacet
  facet normal 0.946936 0.321421 0
    outer loop
      vertex 92.1575 61.7221 3
      vertex 92.3467 61.1647 33
      vertex 92.3467 61.1647 3
    endloop
  endfacet
  facet normal -0.980796 0.195038 0
    outer loop
      vertex 83.5385 60.5874 3
      vertex 83.6533 61.1647 33
      vertex 83.6533 61.1647 3
    endloop
  endfacet
  facet normal -0.980796 0.195038 0
    outer loop
      vertex 83.6533 61.1647 33
      vertex 83.5385 60.5874 3
      vertex 83.5385 60.5874 33
    endloop
  endfacet
  facet normal -0.0654027 0.997859 0
    outer loop
      vertex 88 64.5 3
      vertex 87.4126 64.4615 33
      vertex 88 64.5 33
    endloop
  endfacet
  facet normal -0.0654027 0.997859 0
    outer loop
      vertex 87.4126 64.4615 33
      vertex 88 64.5 3
      vertex 87.4126 64.4615 3
    endloop
  endfacet
  facet normal -0.321421 -0.946936 0
    outer loop
      vertex 86.2779 55.8425 3
      vertex 86.8353 55.6533 33
      vertex 86.2779 55.8425 33
    endloop
  endfacet
  facet normal -0.321421 -0.946936 -0
    outer loop
      vertex 86.8353 55.6533 33
      vertex 86.2779 55.8425 3
      vertex 86.8353 55.6533 3
    endloop
  endfacet
  facet normal -0.980796 -0.195038 0
    outer loop
      vertex 83.6533 58.8353 3
      vertex 83.5385 59.4126 33
      vertex 83.5385 59.4126 3
    endloop
  endfacet
  facet normal -0.980796 -0.195038 0
    outer loop
      vertex 83.5385 59.4126 33
      vertex 83.6533 58.8353 3
      vertex 83.6533 58.8353 33
    endloop
  endfacet
  facet normal -0.751882 -0.659298 0
    outer loop
      vertex 84.818 56.818 3
      vertex 84.4299 57.2606 33
      vertex 84.4299 57.2606 3
    endloop
  endfacet
  facet normal -0.751882 -0.659298 0
    outer loop
      vertex 84.4299 57.2606 33
      vertex 84.818 56.818 3
      vertex 84.818 56.818 33
    endloop
  endfacet
  facet normal -0.195038 -0.980796 0
    outer loop
      vertex 86.8353 55.6533 3
      vertex 87.4126 55.5385 33
      vertex 86.8353 55.6533 33
    endloop
  endfacet
  facet normal -0.195038 -0.980796 -0
    outer loop
      vertex 87.4126 55.5385 33
      vertex 86.8353 55.6533 3
      vertex 87.4126 55.5385 3
    endloop
  endfacet
  facet normal -0.831475 0.555562 0
    outer loop
      vertex 84.1029 62.25 3
      vertex 84.4299 62.7394 33
      vertex 84.4299 62.7394 3
    endloop
  endfacet
  facet normal -0.831475 0.555562 0
    outer loop
      vertex 84.4299 62.7394 33
      vertex 84.1029 62.25 3
      vertex 84.1029 62.25 33
    endloop
  endfacet
  facet normal -0.751832 0.659355 0
    outer loop
      vertex 89.4849 58.5151 27.4
      vertex 89.666 58.7216 33
      vertex 89.666 58.7216 27.4
    endloop
  endfacet
  facet normal -0.751832 0.659355 0
    outer loop
      vertex 89.666 58.7216 33
      vertex 89.4849 58.5151 27.4
      vertex 89.4849 58.5151 33
    endloop
  endfacet
  facet normal -0.980776 -0.195136 0
    outer loop
      vertex 90.082 60.2741 27.4
      vertex 90.0284 60.5435 33
      vertex 90.0284 60.5435 27.4
    endloop
  endfacet
  facet normal -0.980776 -0.195136 0
    outer loop
      vertex 90.0284 60.5435 33
      vertex 90.082 60.2741 27.4
      vertex 90.082 60.2741 33
    endloop
  endfacet
  facet normal -0.997851 -0.0655283 0
    outer loop
      vertex 90.1 60 27.4
      vertex 90.082 60.2741 33
      vertex 90.082 60.2741 27.4
    endloop
  endfacet
  facet normal -0.997851 -0.0655283 0
    outer loop
      vertex 90.082 60.2741 33
      vertex 90.1 60 27.4
      vertex 90.1 60 33
    endloop
  endfacet
  facet normal -0.946921 -0.321465 0
    outer loop
      vertex 90.0284 60.5435 27.4
      vertex 89.9401 60.8036 33
      vertex 89.9401 60.8036 27.4
    endloop
  endfacet
  facet normal -0.946921 -0.321465 0
    outer loop
      vertex 89.9401 60.8036 33
      vertex 90.0284 60.5435 27.4
      vertex 90.0284 60.5435 33
    endloop
  endfacet
  facet normal -0.83149 -0.55554 0
    outer loop
      vertex 89.8186 61.05 27.4
      vertex 89.666 61.2784 33
      vertex 89.666 61.2784 27.4
    endloop
  endfacet
  facet normal -0.83149 -0.55554 0
    outer loop
      vertex 89.666 61.2784 33
      vertex 89.8186 61.05 27.4
      vertex 89.8186 61.05 33
    endloop
  endfacet
  facet normal 0.555792 0.831322 -0
    outer loop
      vertex 86.95 58.1813 27.4
      vertex 86.7216 58.334 33
      vertex 86.95 58.1813 33
    endloop
  endfacet
  facet normal 0.555792 0.831322 0
    outer loop
      vertex 86.7216 58.334 33
      vertex 86.95 58.1813 27.4
      vertex 86.7216 58.334 27.4
    endloop
  endfacet
  facet normal -0.195136 -0.980776 0
    outer loop
      vertex 88.2741 62.082 27.4
      vertex 88.5435 62.0284 33
      vertex 88.2741 62.082 33
    endloop
  endfacet
  facet normal -0.195136 -0.980776 -0
    outer loop
      vertex 88.5435 62.0284 33
      vertex 88.2741 62.082 27.4
      vertex 88.5435 62.0284 27.4
    endloop
  endfacet
  facet normal -0.997851 0.0655283 0
    outer loop
      vertex 90.082 59.7259 27.4
      vertex 90.1 60 33
      vertex 90.1 60 27.4
    endloop
  endfacet
  facet normal -0.997851 0.0655283 0
    outer loop
      vertex 90.1 60 33
      vertex 90.082 59.7259 27.4
      vertex 90.082 59.7259 33
    endloop
  endfacet
  facet normal -0.896889 -0.442256 0
    outer loop
      vertex 89.9401 60.8036 27.4
      vertex 89.8186 61.05 33
      vertex 89.8186 61.05 27.4
    endloop
  endfacet
  facet normal -0.896889 -0.442256 0
    outer loop
      vertex 89.8186 61.05 33
      vertex 89.9401 60.8036 27.4
      vertex 89.9401 60.8036 33
    endloop
  endfacet
  facet normal 0.946921 0.321465 0
    outer loop
      vertex 86.0599 59.1964 33
      vertex 85.9716 59.4565 27.4
      vertex 85.9716 59.4565 33
    endloop
  endfacet
  facet normal 0.946921 0.321465 0
    outer loop
      vertex 85.9716 59.4565 27.4
      vertex 86.0599 59.1964 33
      vertex 86.0599 59.1964 27.4
    endloop
  endfacet
  facet normal 0.980776 -0.195136 0
    outer loop
      vertex 85.918 60.2741 33
      vertex 85.9716 60.5435 27.4
      vertex 85.9716 60.5435 33
    endloop
  endfacet
  facet normal 0.980776 -0.195136 0
    outer loop
      vertex 85.9716 60.5435 27.4
      vertex 85.918 60.2741 33
      vertex 85.918 60.2741 27.4
    endloop
  endfacet
  facet normal 0.659355 0.751832 -0
    outer loop
      vertex 86.7216 58.334 27.4
      vertex 86.5151 58.5151 33
      vertex 86.7216 58.334 33
    endloop
  endfacet
  facet normal 0.659355 0.751832 0
    outer loop
      vertex 86.5151 58.5151 33
      vertex 86.7216 58.334 27.4
      vertex 86.5151 58.5151 27.4
    endloop
  endfacet
  facet normal 0.195136 -0.980776 0
    outer loop
      vertex 87.4565 62.0284 27.4
      vertex 87.7259 62.082 33
      vertex 87.4565 62.0284 33
    endloop
  endfacet
  facet normal 0.195136 -0.980776 0
    outer loop
      vertex 87.7259 62.082 33
      vertex 87.4565 62.0284 27.4
      vertex 87.7259 62.082 27.4
    endloop
  endfacet
  facet normal -0.195136 0.980776 0
    outer loop
      vertex 88.5435 57.9716 27.4
      vertex 88.2741 57.918 33
      vertex 88.5435 57.9716 33
    endloop
  endfacet
  facet normal -0.195136 0.980776 0
    outer loop
      vertex 88.2741 57.918 33
      vertex 88.5435 57.9716 27.4
      vertex 88.2741 57.918 27.4
    endloop
  endfacet
  facet normal -0.441964 0.897033 0
    outer loop
      vertex 89.05 58.1813 27.4
      vertex 88.8036 58.0599 33
      vertex 89.05 58.1813 33
    endloop
  endfacet
  facet normal -0.441964 0.897033 0
    outer loop
      vertex 88.8036 58.0599 33
      vertex 89.05 58.1813 27.4
      vertex 88.8036 58.0599 27.4
    endloop
  endfacet
  facet normal 0.83149 -0.55554 0
    outer loop
      vertex 86.1814 61.05 33
      vertex 86.334 61.2784 27.4
      vertex 86.334 61.2784 33
    endloop
  endfacet
  facet normal 0.83149 -0.55554 0
    outer loop
      vertex 86.334 61.2784 27.4
      vertex 86.1814 61.05 33
      vertex 86.1814 61.05 27.4
    endloop
  endfacet
  facet normal -0.555792 -0.831322 0
    outer loop
      vertex 89.05 61.8187 27.4
      vertex 89.2784 61.666 33
      vertex 89.05 61.8187 33
    endloop
  endfacet
  facet normal -0.555792 -0.831322 -0
    outer loop
      vertex 89.2784 61.666 33
      vertex 89.05 61.8187 27.4
      vertex 89.2784 61.666 27.4
    endloop
  endfacet
  facet normal -0.83149 0.55554 0
    outer loop
      vertex 89.666 58.7216 27.4
      vertex 89.8186 58.95 33
      vertex 89.8186 58.95 27.4
    endloop
  endfacet
  facet normal -0.83149 0.55554 0
    outer loop
      vertex 89.8186 58.95 33
      vertex 89.666 58.7216 27.4
      vertex 89.666 58.7216 33
    endloop
  endfacet
  facet normal -0.441964 -0.897033 0
    outer loop
      vertex 88.8036 61.9401 27.4
      vertex 89.05 61.8187 33
      vertex 88.8036 61.9401 33
    endloop
  endfacet
  facet normal -0.441964 -0.897033 -0
    outer loop
      vertex 89.05 61.8187 33
      vertex 88.8036 61.9401 27.4
      vertex 89.05 61.8187 27.4
    endloop
  endfacet
  facet normal -0.980776 0.195136 0
    outer loop
      vertex 90.0284 59.4565 27.4
      vertex 90.082 59.7259 33
      vertex 90.082 59.7259 27.4
    endloop
  endfacet
  facet normal -0.980776 0.195136 0
    outer loop
      vertex 90.082 59.7259 33
      vertex 90.0284 59.4565 27.4
      vertex 90.0284 59.4565 33
    endloop
  endfacet
  facet normal 0.321465 -0.946921 0
    outer loop
      vertex 87.1964 61.9401 27.4
      vertex 87.4565 62.0284 33
      vertex 87.1964 61.9401 33
    endloop
  endfacet
  facet normal 0.321465 -0.946921 0
    outer loop
      vertex 87.4565 62.0284 33
      vertex 87.1964 61.9401 27.4
      vertex 87.4565 62.0284 27.4
    endloop
  endfacet
  facet normal 0.441964 -0.897033 0
    outer loop
      vertex 86.95 61.8187 27.4
      vertex 87.1964 61.9401 33
      vertex 86.95 61.8187 33
    endloop
  endfacet
  facet normal 0.441964 -0.897033 0
    outer loop
      vertex 87.1964 61.9401 33
      vertex 86.95 61.8187 27.4
      vertex 87.1964 61.9401 27.4
    endloop
  endfacet
  facet normal 0.555792 -0.831322 0
    outer loop
      vertex 86.7216 61.666 27.4
      vertex 86.95 61.8187 33
      vertex 86.7216 61.666 33
    endloop
  endfacet
  facet normal 0.555792 -0.831322 0
    outer loop
      vertex 86.95 61.8187 33
      vertex 86.7216 61.666 27.4
      vertex 86.95 61.8187 27.4
    endloop
  endfacet
  facet normal -0.659355 0.751832 0
    outer loop
      vertex 89.4849 58.5151 27.4
      vertex 89.2784 58.334 33
      vertex 89.4849 58.5151 33
    endloop
  endfacet
  facet normal -0.659355 0.751832 0
    outer loop
      vertex 89.2784 58.334 33
      vertex 89.4849 58.5151 27.4
      vertex 89.2784 58.334 27.4
    endloop
  endfacet
  facet normal 0.751832 -0.659355 0
    outer loop
      vertex 86.334 61.2784 33
      vertex 86.5151 61.4849 27.4
      vertex 86.5151 61.4849 33
    endloop
  endfacet
  facet normal 0.751832 -0.659355 0
    outer loop
      vertex 86.5151 61.4849 27.4
      vertex 86.334 61.2784 33
      vertex 86.334 61.2784 27.4
    endloop
  endfacet
  facet normal -0.0655283 -0.997851 0
    outer loop
      vertex 88 62.1 27.4
      vertex 88.2741 62.082 33
      vertex 88 62.1 33
    endloop
  endfacet
  facet normal -0.0655283 -0.997851 -0
    outer loop
      vertex 88.2741 62.082 33
      vertex 88 62.1 27.4
      vertex 88.2741 62.082 27.4
    endloop
  endfacet
  facet normal -0.321465 0.946921 0
    outer loop
      vertex 88.8036 58.0599 27.4
      vertex 88.5435 57.9716 33
      vertex 88.8036 58.0599 33
    endloop
  endfacet
  facet normal -0.321465 0.946921 0
    outer loop
      vertex 88.5435 57.9716 33
      vertex 88.8036 58.0599 27.4
      vertex 88.5435 57.9716 27.4
    endloop
  endfacet
  facet normal 0.321465 0.946921 -0
    outer loop
      vertex 87.4565 57.9716 27.4
      vertex 87.1964 58.0599 33
      vertex 87.4565 57.9716 33
    endloop
  endfacet
  facet normal 0.321465 0.946921 0
    outer loop
      vertex 87.1964 58.0599 33
      vertex 87.4565 57.9716 27.4
      vertex 87.1964 58.0599 27.4
    endloop
  endfacet
  facet normal 0.751832 0.659355 0
    outer loop
      vertex 86.5151 58.5151 33
      vertex 86.334 58.7216 27.4
      vertex 86.334 58.7216 33
    endloop
  endfacet
  facet normal 0.751832 0.659355 0
    outer loop
      vertex 86.334 58.7216 27.4
      vertex 86.5151 58.5151 33
      vertex 86.5151 58.5151 27.4
    endloop
  endfacet
  facet normal 0.896889 -0.442256 0
    outer loop
      vertex 86.0599 60.8036 33
      vertex 86.1814 61.05 27.4
      vertex 86.1814 61.05 33
    endloop
  endfacet
  facet normal 0.896889 -0.442256 0
    outer loop
      vertex 86.1814 61.05 27.4
      vertex 86.0599 60.8036 33
      vertex 86.0599 60.8036 27.4
    endloop
  endfacet
  facet normal -0.896889 0.442256 0
    outer loop
      vertex 89.8186 58.95 27.4
      vertex 89.9401 59.1964 33
      vertex 89.9401 59.1964 27.4
    endloop
  endfacet
  facet normal -0.896889 0.442256 0
    outer loop
      vertex 89.9401 59.1964 33
      vertex 89.8186 58.95 27.4
      vertex 89.8186 58.95 33
    endloop
  endfacet
  facet normal 0.0655283 -0.997851 0
    outer loop
      vertex 87.7259 62.082 27.4
      vertex 88 62.1 33
      vertex 87.7259 62.082 33
    endloop
  endfacet
  facet normal 0.0655283 -0.997851 0
    outer loop
      vertex 88 62.1 33
      vertex 87.7259 62.082 27.4
      vertex 88 62.1 27.4
    endloop
  endfacet
  facet normal 0.946921 -0.321465 0
    outer loop
      vertex 85.9716 60.5435 33
      vertex 86.0599 60.8036 27.4
      vertex 86.0599 60.8036 33
    endloop
  endfacet
  facet normal 0.946921 -0.321465 0
    outer loop
      vertex 86.0599 60.8036 27.4
      vertex 85.9716 60.5435 33
      vertex 85.9716 60.5435 27.4
    endloop
  endfacet
  facet normal -0.321465 -0.946921 0
    outer loop
      vertex 88.5435 62.0284 27.4
      vertex 88.8036 61.9401 33
      vertex 88.5435 62.0284 33
    endloop
  endfacet
  facet normal -0.321465 -0.946921 -0
    outer loop
      vertex 88.8036 61.9401 33
      vertex 88.5435 62.0284 27.4
      vertex 88.8036 61.9401 27.4
    endloop
  endfacet
  facet normal -0.946921 0.321465 0
    outer loop
      vertex 89.9401 59.1964 27.4
      vertex 90.0284 59.4565 33
      vertex 90.0284 59.4565 27.4
    endloop
  endfacet
  facet normal -0.946921 0.321465 0
    outer loop
      vertex 90.0284 59.4565 33
      vertex 89.9401 59.1964 27.4
      vertex 89.9401 59.1964 33
    endloop
  endfacet
  facet normal 0.980776 0.195136 0
    outer loop
      vertex 85.9716 59.4565 33
      vertex 85.918 59.7259 27.4
      vertex 85.918 59.7259 33
    endloop
  endfacet
  facet normal 0.980776 0.195136 0
    outer loop
      vertex 85.918 59.7259 27.4
      vertex 85.9716 59.4565 33
      vertex 85.9716 59.4565 27.4
    endloop
  endfacet
  facet normal -0.751832 -0.659355 0
    outer loop
      vertex 89.666 61.2784 27.4
      vertex 89.4849 61.4849 33
      vertex 89.4849 61.4849 27.4
    endloop
  endfacet
  facet normal -0.751832 -0.659355 0
    outer loop
      vertex 89.4849 61.4849 33
      vertex 89.666 61.2784 27.4
      vertex 89.666 61.2784 33
    endloop
  endfacet
  facet normal 0.659355 -0.751832 0
    outer loop
      vertex 86.5151 61.4849 27.4
      vertex 86.7216 61.666 33
      vertex 86.5151 61.4849 33
    endloop
  endfacet
  facet normal 0.659355 -0.751832 0
    outer loop
      vertex 86.7216 61.666 33
      vertex 86.5151 61.4849 27.4
      vertex 86.7216 61.666 27.4
    endloop
  endfacet
  facet normal 0.896889 0.442256 0
    outer loop
      vertex 86.1814 58.95 33
      vertex 86.0599 59.1964 27.4
      vertex 86.0599 59.1964 33
    endloop
  endfacet
  facet normal 0.896889 0.442256 0
    outer loop
      vertex 86.0599 59.1964 27.4
      vertex 86.1814 58.95 33
      vertex 86.1814 58.95 27.4
    endloop
  endfacet
  facet normal -0.0655283 0.997851 0
    outer loop
      vertex 88.2741 57.918 27.4
      vertex 88 57.9 33
      vertex 88.2741 57.918 33
    endloop
  endfacet
  facet normal -0.0655283 0.997851 0
    outer loop
      vertex 88 57.9 33
      vertex 88.2741 57.918 27.4
      vertex 88 57.9 27.4
    endloop
  endfacet
  facet normal 0.0655283 0.997851 -0
    outer loop
      vertex 88 57.9 27.4
      vertex 87.7259 57.918 33
      vertex 88 57.9 33
    endloop
  endfacet
  facet normal 0.0655283 0.997851 0
    outer loop
      vertex 87.7259 57.918 33
      vertex 88 57.9 27.4
      vertex 87.7259 57.918 27.4
    endloop
  endfacet
  facet normal 0.997851 -0.0655283 0
    outer loop
      vertex 85.9 60 33
      vertex 85.918 60.2741 27.4
      vertex 85.918 60.2741 33
    endloop
  endfacet
  facet normal 0.997851 -0.0655283 0
    outer loop
      vertex 85.918 60.2741 27.4
      vertex 85.9 60 33
      vertex 85.9 60 27.4
    endloop
  endfacet
  facet normal -0.659355 -0.751832 0
    outer loop
      vertex 89.2784 61.666 27.4
      vertex 89.4849 61.4849 33
      vertex 89.2784 61.666 33
    endloop
  endfacet
  facet normal -0.659355 -0.751832 -0
    outer loop
      vertex 89.4849 61.4849 33
      vertex 89.2784 61.666 27.4
      vertex 89.4849 61.4849 27.4
    endloop
  endfacet
  facet normal 0.83149 0.55554 0
    outer loop
      vertex 86.334 58.7216 33
      vertex 86.1814 58.95 27.4
      vertex 86.1814 58.95 33
    endloop
  endfacet
  facet normal 0.83149 0.55554 0
    outer loop
      vertex 86.1814 58.95 27.4
      vertex 86.334 58.7216 33
      vertex 86.334 58.7216 27.4
    endloop
  endfacet
  facet normal -0.555792 0.831322 0
    outer loop
      vertex 89.2784 58.334 27.4
      vertex 89.05 58.1813 33
      vertex 89.2784 58.334 33
    endloop
  endfacet
  facet normal -0.555792 0.831322 0
    outer loop
      vertex 89.05 58.1813 33
      vertex 89.2784 58.334 27.4
      vertex 89.05 58.1813 27.4
    endloop
  endfacet
  facet normal 0.997851 0.0655283 0
    outer loop
      vertex 85.918 59.7259 33
      vertex 85.9 60 27.4
      vertex 85.9 60 33
    endloop
  endfacet
  facet normal 0.997851 0.0655283 0
    outer loop
      vertex 85.9 60 27.4
      vertex 85.918 59.7259 33
      vertex 85.918 59.7259 27.4
    endloop
  endfacet
  facet normal 0.195136 0.980776 -0
    outer loop
      vertex 87.7259 57.918 27.4
      vertex 87.4565 57.9716 33
      vertex 87.7259 57.918 33
    endloop
  endfacet
  facet normal 0.195136 0.980776 0
    outer loop
      vertex 87.4565 57.9716 33
      vertex 87.7259 57.918 27.4
      vertex 87.4565 57.9716 27.4
    endloop
  endfacet
  facet normal 0 0 1
    outer loop
      vertex 90.082 60.2741 27.4
      vertex 90.082 59.7259 27.4
      vertex 90.1 60 27.4
    endloop
  endfacet
  facet normal 0 0 1
    outer loop
      vertex 90.0284 60.5435 27.4
      vertex 90.082 59.7259 27.4
      vertex 90.082 60.2741 27.4
    endloop
  endfacet
  facet normal 0 0 1
    outer loop
      vertex 90.0284 60.5435 27.4
      vertex 90.0284 59.4565 27.4
      vertex 90.082 59.7259 27.4
    endloop
  endfacet
  facet normal 0 0 1
    outer loop
      vertex 89.9401 60.8036 27.4
      vertex 90.0284 59.4565 27.4
      vertex 90.0284 60.5435 27.4
    endloop
  endfacet
  facet normal 0 0 1
    outer loop
      vertex 89.9401 60.8036 27.4
      vertex 89.9401 59.1964 27.4
      vertex 90.0284 59.4565 27.4
    endloop
  endfacet
  facet normal 0 0 1
    outer loop
      vertex 89.8186 61.05 27.4
      vertex 89.9401 59.1964 27.4
      vertex 89.9401 60.8036 27.4
    endloop
  endfacet
  facet normal 0 0 1
    outer loop
      vertex 89.8186 61.05 27.4
      vertex 89.8186 58.95 27.4
      vertex 89.9401 59.1964 27.4
    endloop
  endfacet
  facet normal 0 0 1
    outer loop
      vertex 89.666 61.2784 27.4
      vertex 89.8186 58.95 27.4
      vertex 89.8186 61.05 27.4
    endloop
  endfacet
  facet normal 0 0 1
    outer loop
      vertex 89.666 61.2784 27.4
      vertex 89.666 58.7216 27.4
      vertex 89.8186 58.95 27.4
    endloop
  endfacet
  facet normal 0 0 1
    outer loop
      vertex 89.4849 61.4849 27.4
      vertex 89.666 58.7216 27.4
      vertex 89.666 61.2784 27.4
    endloop
  endfacet
  facet normal 0 0 1
    outer loop
      vertex 89.4849 61.4849 27.4
      vertex 89.4849 58.5151 27.4
      vertex 89.666 58.7216 27.4
    endloop
  endfacet
  facet normal 0 0 1
    outer loop
      vertex 89.2784 61.666 27.4
      vertex 89.4849 58.5151 27.4
      vertex 89.4849 61.4849 27.4
    endloop
  endfacet
  facet normal 0 0 1
    outer loop
      vertex 89.2784 61.666 27.4
      vertex 89.2784 58.334 27.4
      vertex 89.4849 58.5151 27.4
    endloop
  endfacet
  facet normal 0 0 1
    outer loop
      vertex 89.05 61.8187 27.4
      vertex 89.2784 58.334 27.4
      vertex 89.2784 61.666 27.4
    endloop
  endfacet
  facet normal 0 0 1
    outer loop
      vertex 89.05 61.8187 27.4
      vertex 89.05 58.1813 27.4
      vertex 89.2784 58.334 27.4
    endloop
  endfacet
  facet normal 0 0 1
    outer loop
      vertex 88.8036 61.9401 27.4
      vertex 89.05 58.1813 27.4
      vertex 89.05 61.8187 27.4
    endloop
  endfacet
  facet normal 0 0 1
    outer loop
      vertex 88.8036 61.9401 27.4
      vertex 88.8036 58.0599 27.4
      vertex 89.05 58.1813 27.4
    endloop
  endfacet
  facet normal 0 0 1
    outer loop
      vertex 88.5435 62.0284 27.4
      vertex 88.8036 58.0599 27.4
      vertex 88.8036 61.9401 27.4
    endloop
  endfacet
  facet normal 0 0 1
    outer loop
      vertex 88.5435 62.0284 27.4
      vertex 88.5435 57.9716 27.4
      vertex 88.8036 58.0599 27.4
    endloop
  endfacet
  facet normal 0 0 1
    outer loop
      vertex 88.2741 62.082 27.4
      vertex 88.5435 57.9716 27.4
      vertex 88.5435 62.0284 27.4
    endloop
  endfacet
  facet normal 0 0 1
    outer loop
      vertex 88.2741 62.082 27.4
      vertex 88.2741 57.918 27.4
      vertex 88.5435 57.9716 27.4
    endloop
  endfacet
  facet normal 0 0 1
    outer loop
      vertex 88 62.1 27.4
      vertex 88.2741 57.918 27.4
      vertex 88.2741 62.082 27.4
    endloop
  endfacet
  facet normal 0 0 1
    outer loop
      vertex 88 62.1 27.4
      vertex 88 57.9 27.4
      vertex 88.2741 57.918 27.4
    endloop
  endfacet
  facet normal -0 0 1
    outer loop
      vertex 87.7259 62.082 27.4
      vertex 88 57.9 27.4
      vertex 88 62.1 27.4
    endloop
  endfacet
  facet normal 0 0 1
    outer loop
      vertex 87.7259 62.082 27.4
      vertex 87.7259 57.918 27.4
      vertex 88 57.9 27.4
    endloop
  endfacet
  facet normal -0 0 1
    outer loop
      vertex 87.4565 62.0284 27.4
      vertex 87.7259 57.918 27.4
      vertex 87.7259 62.082 27.4
    endloop
  endfacet
  facet normal 0 0 1
    outer loop
      vertex 87.4565 62.0284 27.4
      vertex 87.4565 57.9716 27.4
      vertex 87.7259 57.918 27.4
    endloop
  endfacet
  facet normal -0 0 1
    outer loop
      vertex 87.1964 61.9401 27.4
      vertex 87.4565 57.9716 27.4
      vertex 87.4565 62.0284 27.4
    endloop
  endfacet
  facet normal 0 0 1
    outer loop
      vertex 87.1964 61.9401 27.4
      vertex 87.1964 58.0599 27.4
      vertex 87.4565 57.9716 27.4
    endloop
  endfacet
  facet normal -0 0 1
    outer loop
      vertex 86.95 61.8187 27.4
      vertex 87.1964 58.0599 27.4
      vertex 87.1964 61.9401 27.4
    endloop
  endfacet
  facet normal 0 0 1
    outer loop
      vertex 86.95 61.8187 27.4
      vertex 86.95 58.1813 27.4
      vertex 87.1964 58.0599 27.4
    endloop
  endfacet
  facet normal -0 0 1
    outer loop
      vertex 86.7216 61.666 27.4
      vertex 86.95 58.1813 27.4
      vertex 86.95 61.8187 27.4
    endloop
  endfacet
  facet normal 0 0 1
    outer loop
      vertex 86.7216 61.666 27.4
      vertex 86.7216 58.334 27.4
      vertex 86.95 58.1813 27.4
    endloop
  endfacet
  facet normal -0 0 1
    outer loop
      vertex 86.5151 61.4849 27.4
      vertex 86.7216 58.334 27.4
      vertex 86.7216 61.666 27.4
    endloop
  endfacet
  facet normal 0 0 1
    outer loop
      vertex 86.5151 61.4849 27.4
      vertex 86.5151 58.5151 27.4
      vertex 86.7216 58.334 27.4
    endloop
  endfacet
  facet normal -0 0 1
    outer loop
      vertex 86.334 61.2784 27.4
      vertex 86.5151 58.5151 27.4
      vertex 86.5151 61.4849 27.4
    endloop
  endfacet
  facet normal 0 0 1
    outer loop
      vertex 86.334 61.2784 27.4
      vertex 86.334 58.7216 27.4
      vertex 86.5151 58.5151 27.4
    endloop
  endfacet
  facet normal -0 0 1
    outer loop
      vertex 86.1814 61.05 27.4
      vertex 86.334 58.7216 27.4
      vertex 86.334 61.2784 27.4
    endloop
  endfacet
  facet normal 0 0 1
    outer loop
      vertex 86.1814 61.05 27.4
      vertex 86.1814 58.95 27.4
      vertex 86.334 58.7216 27.4
    endloop
  endfacet
  facet normal -0 0 1
    outer loop
      vertex 86.0599 60.8036 27.4
      vertex 86.1814 58.95 27.4
      vertex 86.1814 61.05 27.4
    endloop
  endfacet
  facet normal 0 0 1
    outer loop
      vertex 86.0599 60.8036 27.4
      vertex 86.0599 59.1964 27.4
      vertex 86.1814 58.95 27.4
    endloop
  endfacet
  facet normal -0 0 1
    outer loop
      vertex 85.9716 60.5435 27.4
      vertex 86.0599 59.1964 27.4
      vertex 86.0599 60.8036 27.4
    endloop
  endfacet
  facet normal 0 0 1
    outer loop
      vertex 85.9716 60.5435 27.4
      vertex 85.9716 59.4565 27.4
      vertex 86.0599 59.1964 27.4
    endloop
  endfacet
  facet normal -0 0 1
    outer loop
      vertex 85.918 60.2741 27.4
      vertex 85.9716 59.4565 27.4
      vertex 85.9716 60.5435 27.4
    endloop
  endfacet
  facet normal 0 0 1
    outer loop
      vertex 85.918 60.2741 27.4
      vertex 85.918 59.7259 27.4
      vertex 85.9716 59.4565 27.4
    endloop
  endfacet
  facet normal 0 -0 1
    outer loop
      vertex 85.918 59.7259 27.4
      vertex 85.918 60.2741 27.4
      vertex 85.9 60 27.4
    endloop
  endfacet
  facet normal 0.441964 0.897033 -0
    outer loop
      vertex 87.1964 58.0599 27.4
      vertex 86.95 58.1813 33
      vertex 87.1964 58.0599 33
    endloop
  endfacet
  facet normal 0.441964 0.897033 0
    outer loop
      vertex 86.95 58.1813 33
      vertex 87.1964 58.0599 27.4
      vertex 86.95 58.1813 27.4
    endloop
  endfacet
  facet normal 0.980757 0.195234 0
    outer loop
      vertex 15.4701 15.9568 8
      vertex 15.3807 16.4059 3
      vertex 15.3807 16.4059 8
    endloop
  endfacet
  facet normal 0.980757 0.195234 0
    outer loop
      vertex 15.3807 16.4059 3
      vertex 15.4701 15.9568 8
      vertex 15.4701 15.9568 3
    endloop
  endfacet
  facet normal 0.997865 0.0653156 0
    outer loop
      vertex 15.5 15.5 8
      vertex 15.4701 15.9568 3
      vertex 15.4701 15.9568 8
    endloop
  endfacet
  facet normal 0.997865 0.0653156 0
    outer loop
      vertex 15.4701 15.9568 3
      vertex 15.5 15.5 8
      vertex 15.5 15.5 3
    endloop
  endfacet
  facet normal 0.321335 -0.946966 0
    outer loop
      vertex 12.9059 12.1193 3
      vertex 13.3394 12.2664 8
      vertex 12.9059 12.1193 8
    endloop
  endfacet
  facet normal 0.321335 -0.946966 0
    outer loop
      vertex 13.3394 12.2664 8
      vertex 12.9059 12.1193 3
      vertex 13.3394 12.2664 3
    endloop
  endfacet
  facet normal 0.831445 0.555607 0
    outer loop
      vertex 15.0311 17.25 8
      vertex 14.7767 17.6307 3
      vertex 14.7767 17.6307 8
    endloop
  endfacet
  facet normal 0.831445 0.555607 0
    outer loop
      vertex 14.7767 17.6307 3
      vertex 15.0311 17.25 8
      vertex 15.0311 17.25 3
    endloop
  endfacet
  facet normal -0.896869 0.442297 0
    outer loop
      vertex 8.76642 16.8394 3
      vertex 8.96891 17.25 8
      vertex 8.96891 17.25 3
    endloop
  endfacet
  facet normal -0.896869 0.442297 0
    outer loop
      vertex 8.96891 17.25 8
      vertex 8.76642 16.8394 3
      vertex 8.76642 16.8394 8
    endloop
  endfacet
  facet normal -0.555647 0.831418 0
    outer loop
      vertex 10.25 18.5311 3
      vertex 9.86934 18.2767 8
      vertex 10.25 18.5311 8
    endloop
  endfacet
  facet normal -0.555647 0.831418 0
    outer loop
      vertex 9.86934 18.2767 8
      vertex 10.25 18.5311 3
      vertex 9.86934 18.2767 3
    endloop
  endfacet
  facet normal -0.659267 0.751909 0
    outer loop
      vertex 9.86934 18.2767 3
      vertex 9.52513 17.9749 8
      vertex 9.86934 18.2767 8
    endloop
  endfacet
  facet normal -0.659267 0.751909 0
    outer loop
      vertex 9.52513 17.9749 8
      vertex 9.86934 18.2767 3
      vertex 9.52513 17.9749 3
    endloop
  endfacet
  facet normal -0.751824 0.659364 0
    outer loop
      vertex 9.22326 17.6307 3
      vertex 9.52513 17.9749 8
      vertex 9.52513 17.9749 3
    endloop
  endfacet
  facet normal -0.751824 0.659364 0
    outer loop
      vertex 9.52513 17.9749 8
      vertex 9.22326 17.6307 3
      vertex 9.22326 17.6307 8
    endloop
  endfacet
  facet normal 0.946966 -0.321335 0
    outer loop
      vertex 15.2336 14.1606 8
      vertex 15.3807 14.5941 3
      vertex 15.3807 14.5941 8
    endloop
  endfacet
  facet normal 0.946966 -0.321335 0
    outer loop
      vertex 15.3807 14.5941 3
      vertex 15.2336 14.1606 8
      vertex 15.2336 14.1606 3
    endloop
  endfacet
  facet normal -0.997859 0.0654026 0
    outer loop
      vertex 8.5 15.5 3
      vertex 8.52994 15.9568 8
      vertex 8.52994 15.9568 3
    endloop
  endfacet
  facet normal -0.997859 0.0654026 0
    outer loop
      vertex 8.52994 15.9568 8
      vertex 8.5 15.5 3
      vertex 8.5 15.5 8
    endloop
  endfacet
  facet normal 0.555607 0.831445 -0
    outer loop
      vertex 14.1307 18.2767 3
      vertex 13.75 18.5311 8
      vertex 14.1307 18.2767 8
    endloop
  endfacet
  facet normal 0.555607 0.831445 0
    outer loop
      vertex 13.75 18.5311 8
      vertex 14.1307 18.2767 3
      vertex 13.75 18.5311 3
    endloop
  endfacet
  facet normal -0.321335 -0.946966 0
    outer loop
      vertex 10.6606 12.2664 3
      vertex 11.0941 12.1193 8
      vertex 10.6606 12.2664 8
    endloop
  endfacet
  facet normal -0.321335 -0.946966 -0
    outer loop
      vertex 11.0941 12.1193 8
      vertex 10.6606 12.2664 3
      vertex 11.0941 12.1193 3
    endloop
  endfacet
  facet normal 0.195234 -0.980757 0
    outer loop
      vertex 12.4568 12.0299 3
      vertex 12.9059 12.1193 8
      vertex 12.4568 12.0299 8
    endloop
  endfacet
  facet normal 0.195234 -0.980757 0
    outer loop
      vertex 12.9059 12.1193 8
      vertex 12.4568 12.0299 3
      vertex 12.9059 12.1193 3
    endloop
  endfacet
  facet normal -0.321335 0.946966 0
    outer loop
      vertex 11.0941 18.8807 3
      vertex 10.6606 18.7336 8
      vertex 11.0941 18.8807 8
    endloop
  endfacet
  facet normal -0.321335 0.946966 0
    outer loop
      vertex 10.6606 18.7336 8
      vertex 11.0941 18.8807 3
      vertex 10.6606 18.7336 3
    endloop
  endfacet
  facet normal -0.831495 -0.555532 0
    outer loop
      vertex 9.22326 13.3693 3
      vertex 8.96891 13.75 8
      vertex 8.96891 13.75 3
    endloop
  endfacet
  facet normal -0.831495 -0.555532 0
    outer loop
      vertex 8.96891 13.75 8
      vertex 9.22326 13.3693 3
      vertex 9.22326 13.3693 8
    endloop
  endfacet
  facet normal 0.555607 -0.831445 0
    outer loop
      vertex 13.75 12.4689 3
      vertex 14.1307 12.7233 8
      vertex 13.75 12.4689 8
    endloop
  endfacet
  facet normal 0.555607 -0.831445 0
    outer loop
      vertex 14.1307 12.7233 8
      vertex 13.75 12.4689 3
      vertex 14.1307 12.7233 3
    endloop
  endfacet
  facet normal -0.946926 0.321452 0
    outer loop
      vertex 8.61926 16.4059 3
      vertex 8.76642 16.8394 8
      vertex 8.76642 16.8394 3
    endloop
  endfacet
  facet normal -0.946926 0.321452 0
    outer loop
      vertex 8.76642 16.8394 8
      vertex 8.61926 16.4059 3
      vertex 8.61926 16.4059 8
    endloop
  endfacet
  facet normal 0.321335 0.946966 -0
    outer loop
      vertex 13.3394 18.7336 3
      vertex 12.9059 18.8807 8
      vertex 13.3394 18.7336 8
    endloop
  endfacet
  facet normal 0.321335 0.946966 0
    outer loop
      vertex 12.9059 18.8807 8
      vertex 13.3394 18.7336 3
      vertex 12.9059 18.8807 3
    endloop
  endfacet
  facet normal 0.0653156 0.997865 -0
    outer loop
      vertex 12.4568 18.9701 3
      vertex 12 19 8
      vertex 12.4568 18.9701 8
    endloop
  endfacet
  facet normal 0.0653156 0.997865 0
    outer loop
      vertex 12 19 8
      vertex 12.4568 18.9701 3
      vertex 12 19 3
    endloop
  endfacet
  facet normal -0.442314 0.89686 0
    outer loop
      vertex 10.6606 18.7336 3
      vertex 10.25 18.5311 8
      vertex 10.6606 18.7336 8
    endloop
  endfacet
  facet normal -0.442314 0.89686 0
    outer loop
      vertex 10.25 18.5311 8
      vertex 10.6606 18.7336 3
      vertex 10.25 18.5311 3
    endloop
  endfacet
  facet normal 0.831445 -0.555607 0
    outer loop
      vertex 14.7767 13.3693 8
      vertex 15.0311 13.75 3
      vertex 15.0311 13.75 8
    endloop
  endfacet
  facet normal 0.831445 -0.555607 0
    outer loop
      vertex 15.0311 13.75 3
      vertex 14.7767 13.3693 8
      vertex 14.7767 13.3693 3
    endloop
  endfacet
  facet normal -0.997859 -0.0654026 0
    outer loop
      vertex 8.52994 15.0432 3
      vertex 8.5 15.5 8
      vertex 8.5 15.5 3
    endloop
  endfacet
  facet normal -0.997859 -0.0654026 0
    outer loop
      vertex 8.5 15.5 8
      vertex 8.52994 15.0432 3
      vertex 8.52994 15.0432 8
    endloop
  endfacet
  facet normal -0.946926 -0.321452 0
    outer loop
      vertex 8.76642 14.1606 3
      vertex 8.61926 14.5941 8
      vertex 8.61926 14.5941 3
    endloop
  endfacet
  facet normal -0.946926 -0.321452 0
    outer loop
      vertex 8.61926 14.5941 8
      vertex 8.76642 14.1606 3
      vertex 8.76642 14.1606 8
    endloop
  endfacet
  facet normal -0.659267 -0.751909 0
    outer loop
      vertex 9.52513 13.0251 3
      vertex 9.86934 12.7233 8
      vertex 9.52513 13.0251 8
    endloop
  endfacet
  facet normal -0.659267 -0.751909 -0
    outer loop
      vertex 9.86934 12.7233 8
      vertex 9.52513 13.0251 3
      vertex 9.86934 12.7233 3
    endloop
  endfacet
  facet normal 0.442314 0.89686 -0
    outer loop
      vertex 13.75 18.5311 3
      vertex 13.3394 18.7336 8
      vertex 13.75 18.5311 8
    endloop
  endfacet
  facet normal 0.442314 0.89686 0
    outer loop
      vertex 13.3394 18.7336 8
      vertex 13.75 18.5311 3
      vertex 13.3394 18.7336 3
    endloop
  endfacet
  facet normal -0.195234 0.980757 0
    outer loop
      vertex 11.5432 18.9701 3
      vertex 11.0941 18.8807 8
      vertex 11.5432 18.9701 8
    endloop
  endfacet
  facet normal -0.195234 0.980757 0
    outer loop
      vertex 11.0941 18.8807 8
      vertex 11.5432 18.9701 3
      vertex 11.0941 18.8807 3
    endloop
  endfacet
  facet normal 0.7519 0.659278 0
    outer loop
      vertex 14.7767 17.6307 8
      vertex 14.4749 17.9749 3
      vertex 14.4749 17.9749 8
    endloop
  endfacet
  facet normal 0.7519 0.659278 0
    outer loop
      vertex 14.4749 17.9749 3
      vertex 14.7767 17.6307 8
      vertex 14.7767 17.6307 3
    endloop
  endfacet
  facet normal 0.195234 0.980757 -0
    outer loop
      vertex 12.9059 18.8807 3
      vertex 12.4568 18.9701 8
      vertex 12.9059 18.8807 8
    endloop
  endfacet
  facet normal 0.195234 0.980757 0
    outer loop
      vertex 12.4568 18.9701 8
      vertex 12.9059 18.8807 3
      vertex 12.4568 18.9701 3
    endloop
  endfacet
  facet normal 0.7519 -0.659278 0
    outer loop
      vertex 14.4749 13.0251 8
      vertex 14.7767 13.3693 3
      vertex 14.7767 13.3693 8
    endloop
  endfacet
  facet normal 0.7519 -0.659278 0
    outer loop
      vertex 14.7767 13.3693 3
      vertex 14.4749 13.0251 8
      vertex 14.4749 13.0251 3
    endloop
  endfacet
  facet normal -0.442314 -0.89686 0
    outer loop
      vertex 10.25 12.4689 3
      vertex 10.6606 12.2664 8
      vertex 10.25 12.4689 8
    endloop
  endfacet
  facet normal -0.442314 -0.89686 -0
    outer loop
      vertex 10.6606 12.2664 8
      vertex 10.25 12.4689 3
      vertex 10.6606 12.2664 3
    endloop
  endfacet
  facet normal -0.0653156 0.997865 0
    outer loop
      vertex 12 19 3
      vertex 11.5432 18.9701 8
      vertex 12 19 8
    endloop
  endfacet
  facet normal -0.0653156 0.997865 0
    outer loop
      vertex 11.5432 18.9701 8
      vertex 12 19 3
      vertex 11.5432 18.9701 3
    endloop
  endfacet
  facet normal -0.98079 0.195066 0
    outer loop
      vertex 8.52994 15.9568 3
      vertex 8.61926 16.4059 8
      vertex 8.61926 16.4059 3
    endloop
  endfacet
  facet normal -0.98079 0.195066 0
    outer loop
      vertex 8.61926 16.4059 8
      vertex 8.52994 15.9568 3
      vertex 8.52994 15.9568 8
    endloop
  endfacet
  facet normal 0.0653156 -0.997865 0
    outer loop
      vertex 12 12 3
      vertex 12.4568 12.0299 8
      vertex 12 12 8
    endloop
  endfacet
  facet normal 0.0653156 -0.997865 0
    outer loop
      vertex 12.4568 12.0299 8
      vertex 12 12 3
      vertex 12.4568 12.0299 3
    endloop
  endfacet
  facet normal 0.442314 -0.89686 0
    outer loop
      vertex 13.3394 12.2664 3
      vertex 13.75 12.4689 8
      vertex 13.3394 12.2664 8
    endloop
  endfacet
  facet normal 0.442314 -0.89686 0
    outer loop
      vertex 13.75 12.4689 8
      vertex 13.3394 12.2664 3
      vertex 13.75 12.4689 3
    endloop
  endfacet
  facet normal 0.659278 -0.7519 0
    outer loop
      vertex 14.1307 12.7233 3
      vertex 14.4749 13.0251 8
      vertex 14.1307 12.7233 8
    endloop
  endfacet
  facet normal 0.659278 -0.7519 0
    outer loop
      vertex 14.4749 13.0251 8
      vertex 14.1307 12.7233 3
      vertex 14.4749 13.0251 3
    endloop
  endfacet
  facet normal -0.896869 -0.442297 0
    outer loop
      vertex 8.96891 13.75 3
      vertex 8.76642 14.1606 8
      vertex 8.76642 14.1606 3
    endloop
  endfacet
  facet normal -0.896869 -0.442297 0
    outer loop
      vertex 8.76642 14.1606 8
      vertex 8.96891 13.75 3
      vertex 8.96891 13.75 8
    endloop
  endfacet
  facet normal 0.89686 -0.442314 0
    outer loop
      vertex 15.0311 13.75 8
      vertex 15.2336 14.1606 3
      vertex 15.2336 14.1606 8
    endloop
  endfacet
  facet normal 0.89686 -0.442314 0
    outer loop
      vertex 15.2336 14.1606 3
      vertex 15.0311 13.75 8
      vertex 15.0311 13.75 3
    endloop
  endfacet
  facet normal 0.659278 0.7519 -0
    outer loop
      vertex 14.4749 17.9749 3
      vertex 14.1307 18.2767 8
      vertex 14.4749 17.9749 8
    endloop
  endfacet
  facet normal 0.659278 0.7519 0
    outer loop
      vertex 14.1307 18.2767 8
      vertex 14.4749 17.9749 3
      vertex 14.1307 18.2767 3
    endloop
  endfacet
  facet normal 0.997865 -0.0653156 0
    outer loop
      vertex 15.4701 15.0432 8
      vertex 15.5 15.5 3
      vertex 15.5 15.5 8
    endloop
  endfacet
  facet normal 0.997865 -0.0653156 0
    outer loop
      vertex 15.5 15.5 3
      vertex 15.4701 15.0432 8
      vertex 15.4701 15.0432 3
    endloop
  endfacet
  facet normal -0.555647 -0.831418 0
    outer loop
      vertex 9.86934 12.7233 3
      vertex 10.25 12.4689 8
      vertex 9.86934 12.7233 8
    endloop
  endfacet
  facet normal -0.555647 -0.831418 -0
    outer loop
      vertex 10.25 12.4689 8
      vertex 9.86934 12.7233 3
      vertex 10.25 12.4689 3
    endloop
  endfacet
  facet normal 0.89686 0.442314 0
    outer loop
      vertex 15.2336 16.8394 8
      vertex 15.0311 17.25 3
      vertex 15.0311 17.25 8
    endloop
  endfacet
  facet normal 0.89686 0.442314 0
    outer loop
      vertex 15.0311 17.25 3
      vertex 15.2336 16.8394 8
      vertex 15.2336 16.8394 3
    endloop
  endfacet
  facet normal 0.980757 -0.195234 0
    outer loop
      vertex 15.3807 14.5941 8
      vertex 15.4701 15.0432 3
      vertex 15.4701 15.0432 8
    endloop
  endfacet
  facet normal 0.980757 -0.195234 0
    outer loop
      vertex 15.4701 15.0432 3
      vertex 15.3807 14.5941 8
      vertex 15.3807 14.5941 3
    endloop
  endfacet
  facet normal 0.946966 0.321335 0
    outer loop
      vertex 15.3807 16.4059 8
      vertex 15.2336 16.8394 3
      vertex 15.2336 16.8394 8
    endloop
  endfacet
  facet normal 0.946966 0.321335 0
    outer loop
      vertex 15.2336 16.8394 3
      vertex 15.3807 16.4059 8
      vertex 15.3807 16.4059 3
    endloop
  endfacet
  facet normal -0.98079 -0.195066 0
    outer loop
      vertex 8.61926 14.5941 3
      vertex 8.52994 15.0432 8
      vertex 8.52994 15.0432 3
    endloop
  endfacet
  facet normal -0.98079 -0.195066 0
    outer loop
      vertex 8.52994 15.0432 8
      vertex 8.61926 14.5941 3
      vertex 8.61926 14.5941 8
    endloop
  endfacet
  facet normal -0.751824 -0.659364 0
    outer loop
      vertex 9.52513 13.0251 3
      vertex 9.22326 13.3693 8
      vertex 9.22326 13.3693 3
    endloop
  endfacet
  facet normal -0.751824 -0.659364 0
    outer loop
      vertex 9.22326 13.3693 8
      vertex 9.52513 13.0251 3
      vertex 9.52513 13.0251 8
    endloop
  endfacet
  facet normal 0 0 1
    outer loop
      vertex 13.35 15.5 8
      vertex 15.5 15.5 8
      vertex 15.4701 15.9568 8
    endloop
  endfacet
  facet normal 0 0 1
    outer loop
      vertex 13.3385 15.6762 8
      vertex 15.4701 15.9568 8
      vertex 15.3807 16.4059 8
    endloop
  endfacet
  facet normal 0 0 1
    outer loop
      vertex 15.5 15.5 8
      vertex 13.35 15.5 8
      vertex 15.4701 15.0432 8
    endloop
  endfacet
  facet normal 0 0 1
    outer loop
      vertex 13.304 15.8494 8
      vertex 15.3807 16.4059 8
      vertex 15.2336 16.8394 8
    endloop
  endfacet
  facet normal -0 0 1
    outer loop
      vertex 13.3385 15.3238 8
      vertex 15.4701 15.0432 8
      vertex 13.35 15.5 8
    endloop
  endfacet
  facet normal 0 0 1
    outer loop
      vertex 13.2472 16.0166 8
      vertex 15.2336 16.8394 8
      vertex 15.0311 17.25 8
    endloop
  endfacet
  facet normal 0 0 1
    outer loop
      vertex 15.4701 15.0432 8
      vertex 13.3385 15.3238 8
      vertex 15.3807 14.5941 8
    endloop
  endfacet
  facet normal 0 0 1
    outer loop
      vertex 13.1691 16.175 8
      vertex 15.0311 17.25 8
      vertex 14.7767 17.6307 8
    endloop
  endfacet
  facet normal -0 0 1
    outer loop
      vertex 13.304 15.1506 8
      vertex 15.3807 14.5941 8
      vertex 13.3385 15.3238 8
    endloop
  endfacet
  facet normal 0 0 1
    outer loop
      vertex 13.071 16.3218 8
      vertex 14.7767 17.6307 8
      vertex 14.4749 17.9749 8
    endloop
  endfacet
  facet normal 0 0 1
    outer loop
      vertex 15.3807 14.5941 8
      vertex 13.304 15.1506 8
      vertex 15.2336 14.1606 8
    endloop
  endfacet
  facet normal 0 0 1
    outer loop
      vertex 12.9546 16.4546 8
      vertex 14.4749 17.9749 8
      vertex 14.1307 18.2767 8
    endloop
  endfacet
  facet normal -0 0 1
    outer loop
      vertex 13.2472 14.9834 8
      vertex 15.2336 14.1606 8
      vertex 13.304 15.1506 8
    endloop
  endfacet
  facet normal 0 0 1
    outer loop
      vertex 12.8218 16.571 8
      vertex 14.1307 18.2767 8
      vertex 13.75 18.5311 8
    endloop
  endfacet
  facet normal 0 0 1
    outer loop
      vertex 15.2336 14.1606 8
      vertex 13.2472 14.9834 8
      vertex 15.0311 13.75 8
    endloop
  endfacet
  facet normal -0 0 1
    outer loop
      vertex 13.1691 14.825 8
      vertex 15.0311 13.75 8
      vertex 13.2472 14.9834 8
    endloop
  endfacet
  facet normal 0 0 1
    outer loop
      vertex 12.675 16.6691 8
      vertex 13.75 18.5311 8
      vertex 13.3394 18.7336 8
    endloop
  endfacet
  facet normal 0 0 1
    outer loop
      vertex 15.4701 15.9568 8
      vertex 13.3385 15.6762 8
      vertex 13.35 15.5 8
    endloop
  endfacet
  facet normal 0 0 1
    outer loop
      vertex 15.3807 16.4059 8
      vertex 13.304 15.8494 8
      vertex 13.3385 15.6762 8
    endloop
  endfacet
  facet normal 0 0 1
    outer loop
      vertex 15.2336 16.8394 8
      vertex 13.2472 16.0166 8
      vertex 13.304 15.8494 8
    endloop
  endfacet
  facet normal 0 0 1
    outer loop
      vertex 15.0311 17.25 8
      vertex 13.1691 16.175 8
      vertex 13.2472 16.0166 8
    endloop
  endfacet
  facet normal 0 0 1
    outer loop
      vertex 14.7767 17.6307 8
      vertex 13.071 16.3218 8
      vertex 13.1691 16.175 8
    endloop
  endfacet
  facet normal 0 0 1
    outer loop
      vertex 14.4749 17.9749 8
      vertex 12.9546 16.4546 8
      vertex 13.071 16.3218 8
    endloop
  endfacet
  facet normal 0 0 1
    outer loop
      vertex 12.5166 16.7472 8
      vertex 13.3394 18.7336 8
      vertex 12.9059 18.8807 8
    endloop
  endfacet
  facet normal 0 0 1
    outer loop
      vertex 14.1307 18.2767 8
      vertex 12.8218 16.571 8
      vertex 12.9546 16.4546 8
    endloop
  endfacet
  facet normal 0 0 1
    outer loop
      vertex 13.75 18.5311 8
      vertex 12.675 16.6691 8
      vertex 12.8218 16.571 8
    endloop
  endfacet
  facet normal 0 0 1
    outer loop
      vertex 13.3394 18.7336 8
      vertex 12.5166 16.7472 8
      vertex 12.675 16.6691 8
    endloop
  endfacet
  facet normal 0 0 1
    outer loop
      vertex 12.3494 16.804 8
      vertex 12.9059 18.8807 8
      vertex 12.4568 18.9701 8
    endloop
  endfacet
  facet normal 0 0 1
    outer loop
      vertex 12.9059 18.8807 8
      vertex 12.3494 16.804 8
      vertex 12.5166 16.7472 8
    endloop
  endfacet
  facet normal 0 0 1
    outer loop
      vertex 12.4568 18.9701 8
      vertex 12.1762 16.8385 8
      vertex 12.3494 16.804 8
    endloop
  endfacet
  facet normal 0 0 1
    outer loop
      vertex 12 19 8
      vertex 12.1762 16.8385 8
      vertex 12.4568 18.9701 8
    endloop
  endfacet
  facet normal 0 0 1
    outer loop
      vertex 12 19 8
      vertex 12 16.85 8
      vertex 12.1762 16.8385 8
    endloop
  endfacet
  facet normal 0 0 1
    outer loop
      vertex 12 19 8
      vertex 11.8238 16.8385 8
      vertex 12 16.85 8
    endloop
  endfacet
  facet normal -0 0 1
    outer loop
      vertex 11.5432 18.9701 8
      vertex 11.8238 16.8385 8
      vertex 12 19 8
    endloop
  endfacet
  facet normal 0 0 1
    outer loop
      vertex 11.8238 16.8385 8
      vertex 11.5432 18.9701 8
      vertex 11.6506 16.804 8
    endloop
  endfacet
  facet normal -0 0 1
    outer loop
      vertex 11.0941 18.8807 8
      vertex 11.6506 16.804 8
      vertex 11.5432 18.9701 8
    endloop
  endfacet
  facet normal 0 0 1
    outer loop
      vertex 11.6506 16.804 8
      vertex 11.0941 18.8807 8
      vertex 11.4834 16.7472 8
    endloop
  endfacet
  facet normal -0 0 1
    outer loop
      vertex 10.6606 18.7336 8
      vertex 11.4834 16.7472 8
      vertex 11.0941 18.8807 8
    endloop
  endfacet
  facet normal 0 0 1
    outer loop
      vertex 11.4834 16.7472 8
      vertex 10.6606 18.7336 8
      vertex 11.325 16.6691 8
    endloop
  endfacet
  facet normal -0 0 1
    outer loop
      vertex 10.25 18.5311 8
      vertex 11.325 16.6691 8
      vertex 10.6606 18.7336 8
    endloop
  endfacet
  facet normal 0 0 1
    outer loop
      vertex 11.325 16.6691 8
      vertex 10.25 18.5311 8
      vertex 11.1782 16.571 8
    endloop
  endfacet
  facet normal -0 0 1
    outer loop
      vertex 9.86934 18.2767 8
      vertex 11.1782 16.571 8
      vertex 10.25 18.5311 8
    endloop
  endfacet
  facet normal 0 0 1
    outer loop
      vertex 11.1782 16.571 8
      vertex 9.86934 18.2767 8
      vertex 11.0454 16.4546 8
    endloop
  endfacet
  facet normal -0 0 1
    outer loop
      vertex 9.52513 17.9749 8
      vertex 11.0454 16.4546 8
      vertex 9.86934 18.2767 8
    endloop
  endfacet
  facet normal 0 0 1
    outer loop
      vertex 11.0454 16.4546 8
      vertex 9.52513 17.9749 8
      vertex 10.929 16.3218 8
    endloop
  endfacet
  facet normal -0 0 1
    outer loop
      vertex 9.22326 17.6307 8
      vertex 10.929 16.3218 8
      vertex 9.52513 17.9749 8
    endloop
  endfacet
  facet normal 0 0 1
    outer loop
      vertex 10.929 16.3218 8
      vertex 9.22326 17.6307 8
      vertex 10.8309 16.175 8
    endloop
  endfacet
  facet normal -0 0 1
    outer loop
      vertex 8.96891 17.25 8
      vertex 10.8309 16.175 8
      vertex 9.22326 17.6307 8
    endloop
  endfacet
  facet normal 0 0 1
    outer loop
      vertex 15.0311 13.75 8
      vertex 13.1691 14.825 8
      vertex 14.7767 13.3693 8
    endloop
  endfacet
  facet normal -0 0 1
    outer loop
      vertex 13.071 14.6782 8
      vertex 14.7767 13.3693 8
      vertex 13.1691 14.825 8
    endloop
  endfacet
  facet normal 0 0 1
    outer loop
      vertex 14.7767 13.3693 8
      vertex 13.071 14.6782 8
      vertex 14.4749 13.0251 8
    endloop
  endfacet
  facet normal -0 0 1
    outer loop
      vertex 12.9546 14.5454 8
      vertex 14.4749 13.0251 8
      vertex 13.071 14.6782 8
    endloop
  endfacet
  facet normal 0 0 1
    outer loop
      vertex 14.4749 13.0251 8
      vertex 12.9546 14.5454 8
      vertex 14.1307 12.7233 8
    endloop
  endfacet
  facet normal -0 0 1
    outer loop
      vertex 12.8218 14.429 8
      vertex 14.1307 12.7233 8
      vertex 12.9546 14.5454 8
    endloop
  endfacet
  facet normal 0 0 1
    outer loop
      vertex 14.1307 12.7233 8
      vertex 12.8218 14.429 8
      vertex 13.75 12.4689 8
    endloop
  endfacet
  facet normal -0 0 1
    outer loop
      vertex 12.675 14.3309 8
      vertex 13.75 12.4689 8
      vertex 12.8218 14.429 8
    endloop
  endfacet
  facet normal 0 0 1
    outer loop
      vertex 13.75 12.4689 8
      vertex 12.675 14.3309 8
      vertex 13.3394 12.2664 8
    endloop
  endfacet
  facet normal -0 0 1
    outer loop
      vertex 12.5166 14.2528 8
      vertex 13.3394 12.2664 8
      vertex 12.675 14.3309 8
    endloop
  endfacet
  facet normal 0 0 1
    outer loop
      vertex 13.3394 12.2664 8
      vertex 12.5166 14.2528 8
      vertex 12.9059 12.1193 8
    endloop
  endfacet
  facet normal -0 0 1
    outer loop
      vertex 12.3494 14.196 8
      vertex 12.9059 12.1193 8
      vertex 12.5166 14.2528 8
    endloop
  endfacet
  facet normal 0 0 1
    outer loop
      vertex 12.9059 12.1193 8
      vertex 12.3494 14.196 8
      vertex 12.4568 12.0299 8
    endloop
  endfacet
  facet normal -0 0 1
    outer loop
      vertex 12.1762 14.1615 8
      vertex 12.4568 12.0299 8
      vertex 12.3494 14.196 8
    endloop
  endfacet
  facet normal -0 0 1
    outer loop
      vertex 12 14.15 8
      vertex 12.4568 12.0299 8
      vertex 12.1762 14.1615 8
    endloop
  endfacet
  facet normal 0 0 1
    outer loop
      vertex 12 14.15 8
      vertex 12 12 8
      vertex 12.4568 12.0299 8
    endloop
  endfacet
  facet normal 0 0 1
    outer loop
      vertex 11.8238 14.1615 8
      vertex 12 12 8
      vertex 12 14.15 8
    endloop
  endfacet
  facet normal 0 0 1
    outer loop
      vertex 11.5432 12.0299 8
      vertex 11.8238 14.1615 8
      vertex 11.6506 14.196 8
    endloop
  endfacet
  facet normal 0 0 1
    outer loop
      vertex 11.8238 14.1615 8
      vertex 11.5432 12.0299 8
      vertex 12 12 8
    endloop
  endfacet
  facet normal 0 0 1
    outer loop
      vertex 11.0941 12.1193 8
      vertex 11.6506 14.196 8
      vertex 11.4834 14.2528 8
    endloop
  endfacet
  facet normal 0 0 1
    outer loop
      vertex 10.6606 12.2664 8
      vertex 11.4834 14.2528 8
      vertex 11.325 14.3309 8
    endloop
  endfacet
  facet normal 0 0 1
    outer loop
      vertex 10.25 12.4689 8
      vertex 11.325 14.3309 8
      vertex 11.1782 14.429 8
    endloop
  endfacet
  facet normal 0 0 1
    outer loop
      vertex 11.6506 14.196 8
      vertex 11.0941 12.1193 8
      vertex 11.5432 12.0299 8
    endloop
  endfacet
  facet normal 0 0 1
    outer loop
      vertex 9.86934 12.7233 8
      vertex 11.1782 14.429 8
      vertex 11.0454 14.5454 8
    endloop
  endfacet
  facet normal 0 0 1
    outer loop
      vertex 9.52513 13.0251 8
      vertex 11.0454 14.5454 8
      vertex 10.929 14.6782 8
    endloop
  endfacet
  facet normal 0 0 1
    outer loop
      vertex 9.22326 13.3693 8
      vertex 10.929 14.6782 8
      vertex 10.8309 14.825 8
    endloop
  endfacet
  facet normal 0 0 1
    outer loop
      vertex 8.96891 13.75 8
      vertex 10.8309 14.825 8
      vertex 10.7528 14.9834 8
    endloop
  endfacet
  facet normal 0 0 1
    outer loop
      vertex 8.76642 14.1606 8
      vertex 10.7528 14.9834 8
      vertex 10.696 15.1506 8
    endloop
  endfacet
  facet normal 0 0 1
    outer loop
      vertex 8.61926 14.5941 8
      vertex 10.696 15.1506 8
      vertex 10.6615 15.3238 8
    endloop
  endfacet
  facet normal 0 0 1
    outer loop
      vertex 11.4834 14.2528 8
      vertex 10.6606 12.2664 8
      vertex 11.0941 12.1193 8
    endloop
  endfacet
  facet normal 0 0 1
    outer loop
      vertex 8.52994 15.0432 8
      vertex 10.6615 15.3238 8
      vertex 10.65 15.5 8
    endloop
  endfacet
  facet normal 0 0 1
    outer loop
      vertex 10.8309 16.175 8
      vertex 8.96891 17.25 8
      vertex 10.7528 16.0166 8
    endloop
  endfacet
  facet normal 0 0 1
    outer loop
      vertex 11.325 14.3309 8
      vertex 10.25 12.4689 8
      vertex 10.6606 12.2664 8
    endloop
  endfacet
  facet normal -0 0 1
    outer loop
      vertex 8.76642 16.8394 8
      vertex 10.7528 16.0166 8
      vertex 8.96891 17.25 8
    endloop
  endfacet
  facet normal 0 0 1
    outer loop
      vertex 11.1782 14.429 8
      vertex 9.86934 12.7233 8
      vertex 10.25 12.4689 8
    endloop
  endfacet
  facet normal 0 0 1
    outer loop
      vertex 10.7528 16.0166 8
      vertex 8.76642 16.8394 8
      vertex 10.696 15.8494 8
    endloop
  endfacet
  facet normal 0 0 1
    outer loop
      vertex 11.0454 14.5454 8
      vertex 9.52513 13.0251 8
      vertex 9.86934 12.7233 8
    endloop
  endfacet
  facet normal -0 0 1
    outer loop
      vertex 8.61926 16.4059 8
      vertex 10.696 15.8494 8
      vertex 8.76642 16.8394 8
    endloop
  endfacet
  facet normal 0 0 1
    outer loop
      vertex 10.929 14.6782 8
      vertex 9.22326 13.3693 8
      vertex 9.52513 13.0251 8
    endloop
  endfacet
  facet normal 0 0 1
    outer loop
      vertex 10.696 15.8494 8
      vertex 8.61926 16.4059 8
      vertex 10.6615 15.6762 8
    endloop
  endfacet
  facet normal 0 0 1
    outer loop
      vertex 10.8309 14.825 8
      vertex 8.96891 13.75 8
      vertex 9.22326 13.3693 8
    endloop
  endfacet
  facet normal -0 0 1
    outer loop
      vertex 8.52994 15.9568 8
      vertex 10.6615 15.6762 8
      vertex 8.61926 16.4059 8
    endloop
  endfacet
  facet normal 0 0 1
    outer loop
      vertex 10.7528 14.9834 8
      vertex 8.76642 14.1606 8
      vertex 8.96891 13.75 8
    endloop
  endfacet
  facet normal 0 0 1
    outer loop
      vertex 10.6615 15.6762 8
      vertex 8.52994 15.9568 8
      vertex 10.65 15.5 8
    endloop
  endfacet
  facet normal 0 0 1
    outer loop
      vertex 10.696 15.1506 8
      vertex 8.61926 14.5941 8
      vertex 8.76642 14.1606 8
    endloop
  endfacet
  facet normal 0 0 1
    outer loop
      vertex 8.5 15.5 8
      vertex 10.65 15.5 8
      vertex 8.52994 15.9568 8
    endloop
  endfacet
  facet normal 0 0 1
    outer loop
      vertex 10.6615 15.3238 8
      vertex 8.52994 15.0432 8
      vertex 8.61926 14.5941 8
    endloop
  endfacet
  facet normal 0 0 1
    outer loop
      vertex 10.65 15.5 8
      vertex 8.5 15.5 8
      vertex 8.52994 15.0432 8
    endloop
  endfacet
  facet normal -0.195234 -0.980757 0
    outer loop
      vertex 11.0941 12.1193 3
      vertex 11.5432 12.0299 8
      vertex 11.0941 12.1193 8
    endloop
  endfacet
  facet normal -0.195234 -0.980757 -0
    outer loop
      vertex 11.5432 12.0299 8
      vertex 11.0941 12.1193 3
      vertex 11.5432 12.0299 3
    endloop
  endfacet
  facet normal -0.831495 0.555532 0
    outer loop
      vertex 8.96891 17.25 3
      vertex 9.22326 17.6307 8
      vertex 9.22326 17.6307 3
    endloop
  endfacet
  facet normal -0.831495 0.555532 0
    outer loop
      vertex 9.22326 17.6307 8
      vertex 8.96891 17.25 3
      vertex 8.96891 17.25 8
    endloop
  endfacet
  facet normal -0.0653156 -0.997865 0
    outer loop
      vertex 11.5432 12.0299 3
      vertex 12 12 8
      vertex 11.5432 12.0299 8
    endloop
  endfacet
  facet normal -0.0653156 -0.997865 -0
    outer loop
      vertex 12 12 8
      vertex 11.5432 12.0299 3
      vertex 12 12 3
    endloop
  endfacet
  facet normal -0.195354 -0.980733 0
    outer loop
      vertex 12.1762 16.8385 3
      vertex 12.3494 16.804 8
      vertex 12.1762 16.8385 8
    endloop
  endfacet
  facet normal -0.195354 -0.980733 -0
    outer loop
      vertex 12.3494 16.804 8
      vertex 12.1762 16.8385 3
      vertex 12.3494 16.804 3
    endloop
  endfacet
  facet normal -0.980733 -0.195354 0
    outer loop
      vertex 13.3385 15.6762 3
      vertex 13.304 15.8494 8
      vertex 13.304 15.8494 3
    endloop
  endfacet
  facet normal -0.980733 -0.195354 0
    outer loop
      vertex 13.304 15.8494 8
      vertex 13.3385 15.6762 3
      vertex 13.3385 15.6762 8
    endloop
  endfacet
  facet normal -0.997877 -0.0651282 0
    outer loop
      vertex 13.35 15.5 3
      vertex 13.3385 15.6762 8
      vertex 13.3385 15.6762 3
    endloop
  endfacet
  facet normal -0.997877 -0.0651282 0
    outer loop
      vertex 13.3385 15.6762 8
      vertex 13.35 15.5 3
      vertex 13.35 15.5 8
    endloop
  endfacet
  facet normal -0.946856 -0.321659 0
    outer loop
      vertex 13.304 15.8494 3
      vertex 13.2472 16.0166 8
      vertex 13.2472 16.0166 3
    endloop
  endfacet
  facet normal -0.946856 -0.321659 0
    outer loop
      vertex 13.2472 16.0166 8
      vertex 13.304 15.8494 3
      vertex 13.304 15.8494 8
    endloop
  endfacet
  facet normal -0.83144 -0.555615 0
    outer loop
      vertex 13.1691 16.175 3
      vertex 13.071 16.3218 8
      vertex 13.071 16.3218 3
    endloop
  endfacet
  facet normal -0.83144 -0.555615 0
    outer loop
      vertex 13.071 16.3218 8
      vertex 13.1691 16.175 3
      vertex 13.1691 16.175 8
    endloop
  endfacet
  facet normal -0.321659 -0.946856 0
    outer loop
      vertex 12.3494 16.804 3
      vertex 12.5166 16.7472 8
      vertex 12.3494 16.804 8
    endloop
  endfacet
  facet normal -0.321659 -0.946856 -0
    outer loop
      vertex 12.5166 16.7472 8
      vertex 12.3494 16.804 3
      vertex 12.5166 16.7472 3
    endloop
  endfacet
  facet normal 0.980733 0.195354 0
    outer loop
      vertex 10.696 15.1506 8
      vertex 10.6615 15.3238 3
      vertex 10.6615 15.3238 8
    endloop
  endfacet
  facet normal 0.980733 0.195354 0
    outer loop
      vertex 10.6615 15.3238 3
      vertex 10.696 15.1506 8
      vertex 10.696 15.1506 3
    endloop
  endfacet
  facet normal -0.997877 0.0651282 0
    outer loop
      vertex 13.3385 15.3238 3
      vertex 13.35 15.5 8
      vertex 13.35 15.5 3
    endloop
  endfacet
  facet normal -0.997877 0.0651282 0
    outer loop
      vertex 13.35 15.5 8
      vertex 13.3385 15.3238 3
      vertex 13.3385 15.3238 8
    endloop
  endfacet
  facet normal 0.997877 0.0651282 0
    outer loop
      vertex 10.6615 15.3238 8
      vertex 10.65 15.5 3
      vertex 10.65 15.5 8
    endloop
  endfacet
  facet normal 0.997877 0.0651282 0
    outer loop
      vertex 10.65 15.5 3
      vertex 10.6615 15.3238 8
      vertex 10.6615 15.3238 3
    endloop
  endfacet
  facet normal 0.321659 0.946856 -0
    outer loop
      vertex 11.6506 14.196 3
      vertex 11.4834 14.2528 8
      vertex 11.6506 14.196 8
    endloop
  endfacet
  facet normal 0.321659 0.946856 0
    outer loop
      vertex 11.4834 14.2528 8
      vertex 11.6506 14.196 3
      vertex 11.4834 14.2528 3
    endloop
  endfacet
  facet normal -0.896905 -0.442224 0
    outer loop
      vertex 13.2472 16.0166 3
      vertex 13.1691 16.175 8
      vertex 13.1691 16.175 3
    endloop
  endfacet
  facet normal -0.896905 -0.442224 0
    outer loop
      vertex 13.1691 16.175 8
      vertex 13.2472 16.0166 3
      vertex 13.2472 16.0166 8
    endloop
  endfacet
  facet normal -0.752015 -0.659146 0
    outer loop
      vertex 13.071 16.3218 3
      vertex 12.9546 16.4546 8
      vertex 12.9546 16.4546 3
    endloop
  endfacet
  facet normal -0.752015 -0.659146 0
    outer loop
      vertex 12.9546 16.4546 8
      vertex 13.071 16.3218 3
      vertex 13.071 16.3218 8
    endloop
  endfacet
  facet normal -0.946856 0.321659 0
    outer loop
      vertex 13.2472 14.9834 3
      vertex 13.304 15.1506 8
      vertex 13.304 15.1506 3
    endloop
  endfacet
  facet normal -0.946856 0.321659 0
    outer loop
      vertex 13.304 15.1506 8
      vertex 13.2472 14.9834 3
      vertex 13.2472 14.9834 8
    endloop
  endfacet
  facet normal 0.752015 0.659146 0
    outer loop
      vertex 11.0454 14.5454 8
      vertex 10.929 14.6782 3
      vertex 10.929 14.6782 8
    endloop
  endfacet
  facet normal 0.752015 0.659146 0
    outer loop
      vertex 10.929 14.6782 3
      vertex 11.0454 14.5454 8
      vertex 11.0454 14.5454 3
    endloop
  endfacet
  facet normal -0.980733 0.195354 0
    outer loop
      vertex 13.304 15.1506 3
      vertex 13.3385 15.3238 8
      vertex 13.3385 15.3238 3
    endloop
  endfacet
  facet normal -0.980733 0.195354 0
    outer loop
      vertex 13.3385 15.3238 8
      vertex 13.304 15.1506 3
      vertex 13.304 15.1506 8
    endloop
  endfacet
  facet normal -0.0651282 0.997877 0
    outer loop
      vertex 12.1762 14.1615 3
      vertex 12 14.15 8
      vertex 12.1762 14.1615 8
    endloop
  endfacet
  facet normal -0.0651282 0.997877 0
    outer loop
      vertex 12 14.15 8
      vertex 12.1762 14.1615 3
      vertex 12 14.15 3
    endloop
  endfacet
  facet normal 0.946856 0.321659 0
    outer loop
      vertex 10.7528 14.9834 8
      vertex 10.696 15.1506 3
      vertex 10.696 15.1506 8
    endloop
  endfacet
  facet normal 0.946856 0.321659 0
    outer loop
      vertex 10.696 15.1506 3
      vertex 10.7528 14.9834 8
      vertex 10.7528 14.9834 3
    endloop
  endfacet
  facet normal -0.83144 0.555615 0
    outer loop
      vertex 13.071 14.6782 3
      vertex 13.1691 14.825 8
      vertex 13.1691 14.825 3
    endloop
  endfacet
  facet normal -0.83144 0.555615 0
    outer loop
      vertex 13.1691 14.825 8
      vertex 13.071 14.6782 3
      vertex 13.071 14.6782 8
    endloop
  endfacet
  facet normal -0.442224 -0.896905 0
    outer loop
      vertex 12.5166 16.7472 3
      vertex 12.675 16.6691 8
      vertex 12.5166 16.7472 8
    endloop
  endfacet
  facet normal -0.442224 -0.896905 -0
    outer loop
      vertex 12.675 16.6691 8
      vertex 12.5166 16.7472 3
      vertex 12.675 16.6691 3
    endloop
  endfacet
  facet normal 0.442224 -0.896905 0
    outer loop
      vertex 11.325 16.6691 3
      vertex 11.4834 16.7472 8
      vertex 11.325 16.6691 8
    endloop
  endfacet
  facet normal 0.442224 -0.896905 0
    outer loop
      vertex 11.4834 16.7472 8
      vertex 11.325 16.6691 3
      vertex 11.4834 16.7472 3
    endloop
  endfacet
  facet normal -0.442224 0.896905 0
    outer loop
      vertex 12.675 14.3309 3
      vertex 12.5166 14.2528 8
      vertex 12.675 14.3309 8
    endloop
  endfacet
  facet normal -0.442224 0.896905 0
    outer loop
      vertex 12.5166 14.2528 8
      vertex 12.675 14.3309 3
      vertex 12.5166 14.2528 3
    endloop
  endfacet
  facet normal -0.321659 0.946856 0
    outer loop
      vertex 12.5166 14.2528 3
      vertex 12.3494 14.196 8
      vertex 12.5166 14.2528 8
    endloop
  endfacet
  facet normal -0.321659 0.946856 0
    outer loop
      vertex 12.3494 14.196 8
      vertex 12.5166 14.2528 3
      vertex 12.3494 14.196 3
    endloop
  endfacet
  facet normal 0.195354 0.980733 -0
    outer loop
      vertex 11.8238 14.1615 3
      vertex 11.6506 14.196 8
      vertex 11.8238 14.1615 8
    endloop
  endfacet
  facet normal 0.195354 0.980733 0
    outer loop
      vertex 11.6506 14.196 8
      vertex 11.8238 14.1615 3
      vertex 11.6506 14.196 3
    endloop
  endfacet
  facet normal 0.946856 -0.321659 0
    outer loop
      vertex 10.696 15.8494 8
      vertex 10.7528 16.0166 3
      vertex 10.7528 16.0166 8
    endloop
  endfacet
  facet normal 0.946856 -0.321659 0
    outer loop
      vertex 10.7528 16.0166 3
      vertex 10.696 15.8494 8
      vertex 10.696 15.8494 3
    endloop
  endfacet
  facet normal 0.195354 -0.980733 0
    outer loop
      vertex 11.6506 16.804 3
      vertex 11.8238 16.8385 8
      vertex 11.6506 16.804 8
    endloop
  endfacet
  facet normal 0.195354 -0.980733 0
    outer loop
      vertex 11.8238 16.8385 8
      vertex 11.6506 16.804 3
      vertex 11.8238 16.8385 3
    endloop
  endfacet
  facet normal 0.555615 -0.83144 0
    outer loop
      vertex 11.1782 16.571 3
      vertex 11.325 16.6691 8
      vertex 11.1782 16.571 8
    endloop
  endfacet
  facet normal 0.555615 -0.83144 0
    outer loop
      vertex 11.325 16.6691 8
      vertex 11.1782 16.571 3
      vertex 11.325 16.6691 3
    endloop
  endfacet
  facet normal -0.555615 0.83144 0
    outer loop
      vertex 12.8218 14.429 3
      vertex 12.675 14.3309 8
      vertex 12.8218 14.429 8
    endloop
  endfacet
  facet normal -0.555615 0.83144 0
    outer loop
      vertex 12.675 14.3309 8
      vertex 12.8218 14.429 3
      vertex 12.675 14.3309 3
    endloop
  endfacet
  facet normal -0.195354 0.980733 0
    outer loop
      vertex 12.3494 14.196 3
      vertex 12.1762 14.1615 8
      vertex 12.3494 14.196 8
    endloop
  endfacet
  facet normal -0.195354 0.980733 0
    outer loop
      vertex 12.1762 14.1615 8
      vertex 12.3494 14.196 3
      vertex 12.1762 14.1615 3
    endloop
  endfacet
  facet normal 0.896905 -0.442224 0
    outer loop
      vertex 10.7528 16.0166 8
      vertex 10.8309 16.175 3
      vertex 10.8309 16.175 8
    endloop
  endfacet
  facet normal 0.896905 -0.442224 0
    outer loop
      vertex 10.8309 16.175 3
      vertex 10.7528 16.0166 8
      vertex 10.7528 16.0166 3
    endloop
  endfacet
  facet normal 0.83144 -0.555615 0
    outer loop
      vertex 10.8309 16.175 8
      vertex 10.929 16.3218 3
      vertex 10.929 16.3218 8
    endloop
  endfacet
  facet normal 0.83144 -0.555615 0
    outer loop
      vertex 10.929 16.3218 3
      vertex 10.8309 16.175 8
      vertex 10.8309 16.175 3
    endloop
  endfacet
  facet normal 0.0651282 0.997877 -0
    outer loop
      vertex 12 14.15 3
      vertex 11.8238 14.1615 8
      vertex 12 14.15 8
    endloop
  endfacet
  facet normal 0.0651282 0.997877 0
    outer loop
      vertex 11.8238 14.1615 8
      vertex 12 14.15 3
      vertex 11.8238 14.1615 3
    endloop
  endfacet
  facet normal 0.0651282 -0.997877 0
    outer loop
      vertex 11.8238 16.8385 3
      vertex 12 16.85 8
      vertex 11.8238 16.8385 8
    endloop
  endfacet
  facet normal 0.0651282 -0.997877 0
    outer loop
      vertex 12 16.85 8
      vertex 11.8238 16.8385 3
      vertex 12 16.85 3
    endloop
  endfacet
  facet normal 0.659146 -0.752015 0
    outer loop
      vertex 11.0454 16.4546 3
      vertex 11.1782 16.571 8
      vertex 11.0454 16.4546 8
    endloop
  endfacet
  facet normal 0.659146 -0.752015 0
    outer loop
      vertex 11.1782 16.571 8
      vertex 11.0454 16.4546 3
      vertex 11.1782 16.571 3
    endloop
  endfacet
  facet normal 0.659146 0.752015 -0
    outer loop
      vertex 11.1782 14.429 3
      vertex 11.0454 14.5454 8
      vertex 11.1782 14.429 8
    endloop
  endfacet
  facet normal 0.659146 0.752015 0
    outer loop
      vertex 11.0454 14.5454 8
      vertex 11.1782 14.429 3
      vertex 11.0454 14.5454 3
    endloop
  endfacet
  facet normal 0.752015 -0.659146 0
    outer loop
      vertex 10.929 16.3218 8
      vertex 11.0454 16.4546 3
      vertex 11.0454 16.4546 8
    endloop
  endfacet
  facet normal 0.752015 -0.659146 0
    outer loop
      vertex 11.0454 16.4546 3
      vertex 10.929 16.3218 8
      vertex 10.929 16.3218 3
    endloop
  endfacet
  facet normal -0.752015 0.659146 0
    outer loop
      vertex 12.9546 14.5454 3
      vertex 13.071 14.6782 8
      vertex 13.071 14.6782 3
    endloop
  endfacet
  facet normal -0.752015 0.659146 0
    outer loop
      vertex 13.071 14.6782 8
      vertex 12.9546 14.5454 3
      vertex 12.9546 14.5454 8
    endloop
  endfacet
  facet normal -0.896905 0.442224 0
    outer loop
      vertex 13.1691 14.825 3
      vertex 13.2472 14.9834 8
      vertex 13.2472 14.9834 3
    endloop
  endfacet
  facet normal -0.896905 0.442224 0
    outer loop
      vertex 13.2472 14.9834 8
      vertex 13.1691 14.825 3
      vertex 13.1691 14.825 8
    endloop
  endfacet
  facet normal 0.555615 0.83144 -0
    outer loop
      vertex 11.325 14.3309 3
      vertex 11.1782 14.429 8
      vertex 11.325 14.3309 8
    endloop
  endfacet
  facet normal 0.555615 0.83144 0
    outer loop
      vertex 11.1782 14.429 8
      vertex 11.325 14.3309 3
      vertex 11.1782 14.429 3
    endloop
  endfacet
  facet normal 0.980733 -0.195354 0
    outer loop
      vertex 10.6615 15.6762 8
      vertex 10.696 15.8494 3
      vertex 10.696 15.8494 8
    endloop
  endfacet
  facet normal 0.980733 -0.195354 0
    outer loop
      vertex 10.696 15.8494 3
      vertex 10.6615 15.6762 8
      vertex 10.6615 15.6762 3
    endloop
  endfacet
  facet normal -0.0651282 -0.997877 0
    outer loop
      vertex 12 16.85 3
      vertex 12.1762 16.8385 8
      vertex 12 16.85 8
    endloop
  endfacet
  facet normal -0.0651282 -0.997877 -0
    outer loop
      vertex 12.1762 16.8385 8
      vertex 12 16.85 3
      vertex 12.1762 16.8385 3
    endloop
  endfacet
  facet normal -0.555615 -0.83144 0
    outer loop
      vertex 12.675 16.6691 3
      vertex 12.8218 16.571 8
      vertex 12.675 16.6691 8
    endloop
  endfacet
  facet normal -0.555615 -0.83144 -0
    outer loop
      vertex 12.8218 16.571 8
      vertex 12.675 16.6691 3
      vertex 12.8218 16.571 3
    endloop
  endfacet
  facet normal 0.321659 -0.946856 0
    outer loop
      vertex 11.4834 16.7472 3
      vertex 11.6506 16.804 8
      vertex 11.4834 16.7472 8
    endloop
  endfacet
  facet normal 0.321659 -0.946856 0
    outer loop
      vertex 11.6506 16.804 8
      vertex 11.4834 16.7472 3
      vertex 11.6506 16.804 3
    endloop
  endfacet
  facet normal 0.997877 -0.0651282 0
    outer loop
      vertex 10.65 15.5 8
      vertex 10.6615 15.6762 3
      vertex 10.6615 15.6762 8
    endloop
  endfacet
  facet normal 0.997877 -0.0651282 0
    outer loop
      vertex 10.6615 15.6762 3
      vertex 10.65 15.5 8
      vertex 10.65 15.5 3
    endloop
  endfacet
  facet normal -0.659146 -0.752015 0
    outer loop
      vertex 12.8218 16.571 3
      vertex 12.9546 16.4546 8
      vertex 12.8218 16.571 8
    endloop
  endfacet
  facet normal -0.659146 -0.752015 -0
    outer loop
      vertex 12.9546 16.4546 8
      vertex 12.8218 16.571 3
      vertex 12.9546 16.4546 3
    endloop
  endfacet
  facet normal 0.896905 0.442224 0
    outer loop
      vertex 10.8309 14.825 8
      vertex 10.7528 14.9834 3
      vertex 10.7528 14.9834 8
    endloop
  endfacet
  facet normal 0.896905 0.442224 0
    outer loop
      vertex 10.7528 14.9834 3
      vertex 10.8309 14.825 8
      vertex 10.8309 14.825 3
    endloop
  endfacet
  facet normal 0.442224 0.896905 -0
    outer loop
      vertex 11.4834 14.2528 3
      vertex 11.325 14.3309 8
      vertex 11.4834 14.2528 8
    endloop
  endfacet
  facet normal 0.442224 0.896905 0
    outer loop
      vertex 11.325 14.3309 8
      vertex 11.4834 14.2528 3
      vertex 11.325 14.3309 3
    endloop
  endfacet
  facet normal -0.659146 0.752015 0
    outer loop
      vertex 12.9546 14.5454 3
      vertex 12.8218 14.429 8
      vertex 12.9546 14.5454 8
    endloop
  endfacet
  facet normal -0.659146 0.752015 0
    outer loop
      vertex 12.8218 14.429 8
      vertex 12.9546 14.5454 3
      vertex 12.8218 14.429 3
    endloop
  endfacet
  facet normal 0.83144 0.555615 0
    outer loop
      vertex 10.929 14.6782 8
      vertex 10.8309 14.825 3
      vertex 10.8309 14.825 8
    endloop
  endfacet
  facet normal 0.83144 0.555615 0
    outer loop
      vertex 10.8309 14.825 3
      vertex 10.929 14.6782 8
      vertex 10.929 14.6782 3
    endloop
  endfacet
  facet normal 0.980757 0.195234 0
    outer loop
      vertex 15.4701 52.9568 8
      vertex 15.3807 53.4059 3
      vertex 15.3807 53.4059 8
    endloop
  endfacet
  facet normal 0.980757 0.195234 0
    outer loop
      vertex 15.3807 53.4059 3
      vertex 15.4701 52.9568 8
      vertex 15.4701 52.9568 3
    endloop
  endfacet
  facet normal 0.997865 0.0653156 0
    outer loop
      vertex 15.5 52.5 8
      vertex 15.4701 52.9568 3
      vertex 15.4701 52.9568 8
    endloop
  endfacet
  facet normal 0.997865 0.0653156 0
    outer loop
      vertex 15.4701 52.9568 3
      vertex 15.5 52.5 8
      vertex 15.5 52.5 3
    endloop
  endfacet
  facet normal 0.321335 -0.946966 0
    outer loop
      vertex 12.9059 49.1193 3
      vertex 13.3394 49.2664 8
      vertex 12.9059 49.1193 8
    endloop
  endfacet
  facet normal 0.321335 -0.946966 0
    outer loop
      vertex 13.3394 49.2664 8
      vertex 12.9059 49.1193 3
      vertex 13.3394 49.2664 3
    endloop
  endfacet
  facet normal 0.831445 0.555607 0
    outer loop
      vertex 15.0311 54.25 8
      vertex 14.7767 54.6307 3
      vertex 14.7767 54.6307 8
    endloop
  endfacet
  facet normal 0.831445 0.555607 0
    outer loop
      vertex 14.7767 54.6307 3
      vertex 15.0311 54.25 8
      vertex 15.0311 54.25 3
    endloop
  endfacet
  facet normal -0.896869 0.442297 0
    outer loop
      vertex 8.76642 53.8394 3
      vertex 8.96891 54.25 8
      vertex 8.96891 54.25 3
    endloop
  endfacet
  facet normal -0.896869 0.442297 0
    outer loop
      vertex 8.96891 54.25 8
      vertex 8.76642 53.8394 3
      vertex 8.76642 53.8394 8
    endloop
  endfacet
  facet normal -0.555647 0.831418 0
    outer loop
      vertex 10.25 55.5311 3
      vertex 9.86934 55.2767 8
      vertex 10.25 55.5311 8
    endloop
  endfacet
  facet normal -0.555647 0.831418 0
    outer loop
      vertex 9.86934 55.2767 8
      vertex 10.25 55.5311 3
      vertex 9.86934 55.2767 3
    endloop
  endfacet
  facet normal -0.659267 0.751909 0
    outer loop
      vertex 9.86934 55.2767 3
      vertex 9.52513 54.9749 8
      vertex 9.86934 55.2767 8
    endloop
  endfacet
  facet normal -0.659267 0.751909 0
    outer loop
      vertex 9.52513 54.9749 8
      vertex 9.86934 55.2767 3
      vertex 9.52513 54.9749 3
    endloop
  endfacet
  facet normal -0.751824 0.659364 0
    outer loop
      vertex 9.22326 54.6307 3
      vertex 9.52513 54.9749 8
      vertex 9.52513 54.9749 3
    endloop
  endfacet
  facet normal -0.751824 0.659364 0
    outer loop
      vertex 9.52513 54.9749 8
      vertex 9.22326 54.6307 3
      vertex 9.22326 54.6307 8
    endloop
  endfacet
  facet normal 0.946966 -0.321335 0
    outer loop
      vertex 15.2336 51.1606 8
      vertex 15.3807 51.5941 3
      vertex 15.3807 51.5941 8
    endloop
  endfacet
  facet normal 0.946966 -0.321335 0
    outer loop
      vertex 15.3807 51.5941 3
      vertex 15.2336 51.1606 8
      vertex 15.2336 51.1606 3
    endloop
  endfacet
  facet normal -0.997859 0.0654026 0
    outer loop
      vertex 8.5 52.5 3
      vertex 8.52994 52.9568 8
      vertex 8.52994 52.9568 3
    endloop
  endfacet
  facet normal -0.997859 0.0654026 0
    outer loop
      vertex 8.52994 52.9568 8
      vertex 8.5 52.5 3
      vertex 8.5 52.5 8
    endloop
  endfacet
  facet normal 0.555607 0.831445 -0
    outer loop
      vertex 14.1307 55.2767 3
      vertex 13.75 55.5311 8
      vertex 14.1307 55.2767 8
    endloop
  endfacet
  facet normal 0.555607 0.831445 0
    outer loop
      vertex 13.75 55.5311 8
      vertex 14.1307 55.2767 3
      vertex 13.75 55.5311 3
    endloop
  endfacet
  facet normal -0.321335 -0.946966 0
    outer loop
      vertex 10.6606 49.2664 3
      vertex 11.0941 49.1193 8
      vertex 10.6606 49.2664 8
    endloop
  endfacet
  facet normal -0.321335 -0.946966 -0
    outer loop
      vertex 11.0941 49.1193 8
      vertex 10.6606 49.2664 3
      vertex 11.0941 49.1193 3
    endloop
  endfacet
  facet normal 0.195234 -0.980757 0
    outer loop
      vertex 12.4568 49.0299 3
      vertex 12.9059 49.1193 8
      vertex 12.4568 49.0299 8
    endloop
  endfacet
  facet normal 0.195234 -0.980757 0
    outer loop
      vertex 12.9059 49.1193 8
      vertex 12.4568 49.0299 3
      vertex 12.9059 49.1193 3
    endloop
  endfacet
  facet normal -0.321335 0.946966 0
    outer loop
      vertex 11.0941 55.8807 3
      vertex 10.6606 55.7336 8
      vertex 11.0941 55.8807 8
    endloop
  endfacet
  facet normal -0.321335 0.946966 0
    outer loop
      vertex 10.6606 55.7336 8
      vertex 11.0941 55.8807 3
      vertex 10.6606 55.7336 3
    endloop
  endfacet
  facet normal -0.831495 -0.555532 0
    outer loop
      vertex 9.22326 50.3693 3
      vertex 8.96891 50.75 8
      vertex 8.96891 50.75 3
    endloop
  endfacet
  facet normal -0.831495 -0.555532 0
    outer loop
      vertex 8.96891 50.75 8
      vertex 9.22326 50.3693 3
      vertex 9.22326 50.3693 8
    endloop
  endfacet
  facet normal 0.555607 -0.831445 0
    outer loop
      vertex 13.75 49.4689 3
      vertex 14.1307 49.7233 8
      vertex 13.75 49.4689 8
    endloop
  endfacet
  facet normal 0.555607 -0.831445 0
    outer loop
      vertex 14.1307 49.7233 8
      vertex 13.75 49.4689 3
      vertex 14.1307 49.7233 3
    endloop
  endfacet
  facet normal -0.946926 0.321452 0
    outer loop
      vertex 8.61926 53.4059 3
      vertex 8.76642 53.8394 8
      vertex 8.76642 53.8394 3
    endloop
  endfacet
  facet normal -0.946926 0.321452 0
    outer loop
      vertex 8.76642 53.8394 8
      vertex 8.61926 53.4059 3
      vertex 8.61926 53.4059 8
    endloop
  endfacet
  facet normal 0.321335 0.946966 -0
    outer loop
      vertex 13.3394 55.7336 3
      vertex 12.9059 55.8807 8
      vertex 13.3394 55.7336 8
    endloop
  endfacet
  facet normal 0.321335 0.946966 0
    outer loop
      vertex 12.9059 55.8807 8
      vertex 13.3394 55.7336 3
      vertex 12.9059 55.8807 3
    endloop
  endfacet
  facet normal 0.0653156 0.997865 -0
    outer loop
      vertex 12.4568 55.9701 3
      vertex 12 56 8
      vertex 12.4568 55.9701 8
    endloop
  endfacet
  facet normal 0.0653156 0.997865 0
    outer loop
      vertex 12 56 8
      vertex 12.4568 55.9701 3
      vertex 12 56 3
    endloop
  endfacet
  facet normal -0.442314 0.89686 0
    outer loop
      vertex 10.6606 55.7336 3
      vertex 10.25 55.5311 8
      vertex 10.6606 55.7336 8
    endloop
  endfacet
  facet normal -0.442314 0.89686 0
    outer loop
      vertex 10.25 55.5311 8
      vertex 10.6606 55.7336 3
      vertex 10.25 55.5311 3
    endloop
  endfacet
  facet normal 0.831445 -0.555607 0
    outer loop
      vertex 14.7767 50.3693 8
      vertex 15.0311 50.75 3
      vertex 15.0311 50.75 8
    endloop
  endfacet
  facet normal 0.831445 -0.555607 0
    outer loop
      vertex 15.0311 50.75 3
      vertex 14.7767 50.3693 8
      vertex 14.7767 50.3693 3
    endloop
  endfacet
  facet normal -0.997859 -0.0654026 0
    outer loop
      vertex 8.52994 52.0432 3
      vertex 8.5 52.5 8
      vertex 8.5 52.5 3
    endloop
  endfacet
  facet normal -0.997859 -0.0654026 0
    outer loop
      vertex 8.5 52.5 8
      vertex 8.52994 52.0432 3
      vertex 8.52994 52.0432 8
    endloop
  endfacet
  facet normal -0.946926 -0.321452 0
    outer loop
      vertex 8.76642 51.1606 3
      vertex 8.61926 51.5941 8
      vertex 8.61926 51.5941 3
    endloop
  endfacet
  facet normal -0.946926 -0.321452 0
    outer loop
      vertex 8.61926 51.5941 8
      vertex 8.76642 51.1606 3
      vertex 8.76642 51.1606 8
    endloop
  endfacet
  facet normal -0.659267 -0.751909 0
    outer loop
      vertex 9.52513 50.0251 3
      vertex 9.86934 49.7233 8
      vertex 9.52513 50.0251 8
    endloop
  endfacet
  facet normal -0.659267 -0.751909 -0
    outer loop
      vertex 9.86934 49.7233 8
      vertex 9.52513 50.0251 3
      vertex 9.86934 49.7233 3
    endloop
  endfacet
  facet normal 0.442314 0.89686 -0
    outer loop
      vertex 13.75 55.5311 3
      vertex 13.3394 55.7336 8
      vertex 13.75 55.5311 8
    endloop
  endfacet
  facet normal 0.442314 0.89686 0
    outer loop
      vertex 13.3394 55.7336 8
      vertex 13.75 55.5311 3
      vertex 13.3394 55.7336 3
    endloop
  endfacet
  facet normal -0.195234 0.980757 0
    outer loop
      vertex 11.5432 55.9701 3
      vertex 11.0941 55.8807 8
      vertex 11.5432 55.9701 8
    endloop
  endfacet
  facet normal -0.195234 0.980757 0
    outer loop
      vertex 11.0941 55.8807 8
      vertex 11.5432 55.9701 3
      vertex 11.0941 55.8807 3
    endloop
  endfacet
  facet normal 0.7519 0.659278 0
    outer loop
      vertex 14.7767 54.6307 8
      vertex 14.4749 54.9749 3
      vertex 14.4749 54.9749 8
    endloop
  endfacet
  facet normal 0.7519 0.659278 0
    outer loop
      vertex 14.4749 54.9749 3
      vertex 14.7767 54.6307 8
      vertex 14.7767 54.6307 3
    endloop
  endfacet
  facet normal 0.195234 0.980757 -0
    outer loop
      vertex 12.9059 55.8807 3
      vertex 12.4568 55.9701 8
      vertex 12.9059 55.8807 8
    endloop
  endfacet
  facet normal 0.195234 0.980757 0
    outer loop
      vertex 12.4568 55.9701 8
      vertex 12.9059 55.8807 3
      vertex 12.4568 55.9701 3
    endloop
  endfacet
  facet normal 0.7519 -0.659278 0
    outer loop
      vertex 14.4749 50.0251 8
      vertex 14.7767 50.3693 3
      vertex 14.7767 50.3693 8
    endloop
  endfacet
  facet normal 0.7519 -0.659278 0
    outer loop
      vertex 14.7767 50.3693 3
      vertex 14.4749 50.0251 8
      vertex 14.4749 50.0251 3
    endloop
  endfacet
  facet normal -0.442314 -0.89686 0
    outer loop
      vertex 10.25 49.4689 3
      vertex 10.6606 49.2664 8
      vertex 10.25 49.4689 8
    endloop
  endfacet
  facet normal -0.442314 -0.89686 -0
    outer loop
      vertex 10.6606 49.2664 8
      vertex 10.25 49.4689 3
      vertex 10.6606 49.2664 3
    endloop
  endfacet
  facet normal -0.0653156 0.997865 0
    outer loop
      vertex 12 56 3
      vertex 11.5432 55.9701 8
      vertex 12 56 8
    endloop
  endfacet
  facet normal -0.0653156 0.997865 0
    outer loop
      vertex 11.5432 55.9701 8
      vertex 12 56 3
      vertex 11.5432 55.9701 3
    endloop
  endfacet
  facet normal -0.98079 0.195066 0
    outer loop
      vertex 8.52994 52.9568 3
      vertex 8.61926 53.4059 8
      vertex 8.61926 53.4059 3
    endloop
  endfacet
  facet normal -0.98079 0.195066 0
    outer loop
      vertex 8.61926 53.4059 8
      vertex 8.52994 52.9568 3
      vertex 8.52994 52.9568 8
    endloop
  endfacet
  facet normal 0.0653156 -0.997865 0
    outer loop
      vertex 12 49 3
      vertex 12.4568 49.0299 8
      vertex 12 49 8
    endloop
  endfacet
  facet normal 0.0653156 -0.997865 0
    outer loop
      vertex 12.4568 49.0299 8
      vertex 12 49 3
      vertex 12.4568 49.0299 3
    endloop
  endfacet
  facet normal 0.442314 -0.89686 0
    outer loop
      vertex 13.3394 49.2664 3
      vertex 13.75 49.4689 8
      vertex 13.3394 49.2664 8
    endloop
  endfacet
  facet normal 0.442314 -0.89686 0
    outer loop
      vertex 13.75 49.4689 8
      vertex 13.3394 49.2664 3
      vertex 13.75 49.4689 3
    endloop
  endfacet
  facet normal 0.659278 -0.7519 0
    outer loop
      vertex 14.1307 49.7233 3
      vertex 14.4749 50.0251 8
      vertex 14.1307 49.7233 8
    endloop
  endfacet
  facet normal 0.659278 -0.7519 0
    outer loop
      vertex 14.4749 50.0251 8
      vertex 14.1307 49.7233 3
      vertex 14.4749 50.0251 3
    endloop
  endfacet
  facet normal -0.896869 -0.442297 0
    outer loop
      vertex 8.96891 50.75 3
      vertex 8.76642 51.1606 8
      vertex 8.76642 51.1606 3
    endloop
  endfacet
  facet normal -0.896869 -0.442297 0
    outer loop
      vertex 8.76642 51.1606 8
      vertex 8.96891 50.75 3
      vertex 8.96891 50.75 8
    endloop
  endfacet
  facet normal 0.89686 -0.442314 0
    outer loop
      vertex 15.0311 50.75 8
      vertex 15.2336 51.1606 3
      vertex 15.2336 51.1606 8
    endloop
  endfacet
  facet normal 0.89686 -0.442314 0
    outer loop
      vertex 15.2336 51.1606 3
      vertex 15.0311 50.75 8
      vertex 15.0311 50.75 3
    endloop
  endfacet
  facet normal 0.659278 0.7519 -0
    outer loop
      vertex 14.4749 54.9749 3
      vertex 14.1307 55.2767 8
      vertex 14.4749 54.9749 8
    endloop
  endfacet
  facet normal 0.659278 0.7519 0
    outer loop
      vertex 14.1307 55.2767 8
      vertex 14.4749 54.9749 3
      vertex 14.1307 55.2767 3
    endloop
  endfacet
  facet normal 0.997865 -0.0653156 0
    outer loop
      vertex 15.4701 52.0432 8
      vertex 15.5 52.5 3
      vertex 15.5 52.5 8
    endloop
  endfacet
  facet normal 0.997865 -0.0653156 0
    outer loop
      vertex 15.5 52.5 3
      vertex 15.4701 52.0432 8
      vertex 15.4701 52.0432 3
    endloop
  endfacet
  facet normal -0.555647 -0.831418 0
    outer loop
      vertex 9.86934 49.7233 3
      vertex 10.25 49.4689 8
      vertex 9.86934 49.7233 8
    endloop
  endfacet
  facet normal -0.555647 -0.831418 -0
    outer loop
      vertex 10.25 49.4689 8
      vertex 9.86934 49.7233 3
      vertex 10.25 49.4689 3
    endloop
  endfacet
  facet normal 0.89686 0.442314 0
    outer loop
      vertex 15.2336 53.8394 8
      vertex 15.0311 54.25 3
      vertex 15.0311 54.25 8
    endloop
  endfacet
  facet normal 0.89686 0.442314 0
    outer loop
      vertex 15.0311 54.25 3
      vertex 15.2336 53.8394 8
      vertex 15.2336 53.8394 3
    endloop
  endfacet
  facet normal 0.980757 -0.195234 0
    outer loop
      vertex 15.3807 51.5941 8
      vertex 15.4701 52.0432 3
      vertex 15.4701 52.0432 8
    endloop
  endfacet
  facet normal 0.980757 -0.195234 0
    outer loop
      vertex 15.4701 52.0432 3
      vertex 15.3807 51.5941 8
      vertex 15.3807 51.5941 3
    endloop
  endfacet
  facet normal 0.946966 0.321335 0
    outer loop
      vertex 15.3807 53.4059 8
      vertex 15.2336 53.8394 3
      vertex 15.2336 53.8394 8
    endloop
  endfacet
  facet normal 0.946966 0.321335 0
    outer loop
      vertex 15.2336 53.8394 3
      vertex 15.3807 53.4059 8
      vertex 15.3807 53.4059 3
    endloop
  endfacet
  facet normal -0.98079 -0.195066 0
    outer loop
      vertex 8.61926 51.5941 3
      vertex 8.52994 52.0432 8
      vertex 8.52994 52.0432 3
    endloop
  endfacet
  facet normal -0.98079 -0.195066 0
    outer loop
      vertex 8.52994 52.0432 8
      vertex 8.61926 51.5941 3
      vertex 8.61926 51.5941 8
    endloop
  endfacet
  facet normal -0.751824 -0.659364 0
    outer loop
      vertex 9.52513 50.0251 3
      vertex 9.22326 50.3693 8
      vertex 9.22326 50.3693 3
    endloop
  endfacet
  facet normal -0.751824 -0.659364 0
    outer loop
      vertex 9.22326 50.3693 8
      vertex 9.52513 50.0251 3
      vertex 9.52513 50.0251 8
    endloop
  endfacet
  facet normal 0 0 1
    outer loop
      vertex 13.35 52.5 8
      vertex 15.5 52.5 8
      vertex 15.4701 52.9568 8
    endloop
  endfacet
  facet normal 0 0 1
    outer loop
      vertex 13.3385 52.6762 8
      vertex 15.4701 52.9568 8
      vertex 15.3807 53.4059 8
    endloop
  endfacet
  facet normal 0 0 1
    outer loop
      vertex 15.5 52.5 8
      vertex 13.35 52.5 8
      vertex 15.4701 52.0432 8
    endloop
  endfacet
  facet normal 0 0 1
    outer loop
      vertex 13.304 52.8494 8
      vertex 15.3807 53.4059 8
      vertex 15.2336 53.8394 8
    endloop
  endfacet
  facet normal -0 0 1
    outer loop
      vertex 13.3385 52.3238 8
      vertex 15.4701 52.0432 8
      vertex 13.35 52.5 8
    endloop
  endfacet
  facet normal 0 0 1
    outer loop
      vertex 13.2472 53.0166 8
      vertex 15.2336 53.8394 8
      vertex 15.0311 54.25 8
    endloop
  endfacet
  facet normal 0 0 1
    outer loop
      vertex 15.4701 52.0432 8
      vertex 13.3385 52.3238 8
      vertex 15.3807 51.5941 8
    endloop
  endfacet
  facet normal 0 0 1
    outer loop
      vertex 13.1691 53.175 8
      vertex 15.0311 54.25 8
      vertex 14.7767 54.6307 8
    endloop
  endfacet
  facet normal -0 0 1
    outer loop
      vertex 13.304 52.1506 8
      vertex 15.3807 51.5941 8
      vertex 13.3385 52.3238 8
    endloop
  endfacet
  facet normal 0 0 1
    outer loop
      vertex 13.071 53.3218 8
      vertex 14.7767 54.6307 8
      vertex 14.4749 54.9749 8
    endloop
  endfacet
  facet normal 0 0 1
    outer loop
      vertex 15.3807 51.5941 8
      vertex 13.304 52.1506 8
      vertex 15.2336 51.1606 8
    endloop
  endfacet
  facet normal 0 0 1
    outer loop
      vertex 12.9546 53.4546 8
      vertex 14.4749 54.9749 8
      vertex 14.1307 55.2767 8
    endloop
  endfacet
  facet normal -0 0 1
    outer loop
      vertex 13.2472 51.9834 8
      vertex 15.2336 51.1606 8
      vertex 13.304 52.1506 8
    endloop
  endfacet
  facet normal 0 0 1
    outer loop
      vertex 12.8218 53.571 8
      vertex 14.1307 55.2767 8
      vertex 13.75 55.5311 8
    endloop
  endfacet
  facet normal 0 0 1
    outer loop
      vertex 15.2336 51.1606 8
      vertex 13.2472 51.9834 8
      vertex 15.0311 50.75 8
    endloop
  endfacet
  facet normal -0 0 1
    outer loop
      vertex 13.1691 51.825 8
      vertex 15.0311 50.75 8
      vertex 13.2472 51.9834 8
    endloop
  endfacet
  facet normal 0 0 1
    outer loop
      vertex 12.675 53.6691 8
      vertex 13.75 55.5311 8
      vertex 13.3394 55.7336 8
    endloop
  endfacet
  facet normal 0 0 1
    outer loop
      vertex 15.4701 52.9568 8
      vertex 13.3385 52.6762 8
      vertex 13.35 52.5 8
    endloop
  endfacet
  facet normal 0 0 1
    outer loop
      vertex 15.3807 53.4059 8
      vertex 13.304 52.8494 8
      vertex 13.3385 52.6762 8
    endloop
  endfacet
  facet normal 0 0 1
    outer loop
      vertex 15.2336 53.8394 8
      vertex 13.2472 53.0166 8
      vertex 13.304 52.8494 8
    endloop
  endfacet
  facet normal 0 0 1
    outer loop
      vertex 15.0311 54.25 8
      vertex 13.1691 53.175 8
      vertex 13.2472 53.0166 8
    endloop
  endfacet
  facet normal 0 0 1
    outer loop
      vertex 14.7767 54.6307 8
      vertex 13.071 53.3218 8
      vertex 13.1691 53.175 8
    endloop
  endfacet
  facet normal 0 0 1
    outer loop
      vertex 14.4749 54.9749 8
      vertex 12.9546 53.4546 8
      vertex 13.071 53.3218 8
    endloop
  endfacet
  facet normal 0 0 1
    outer loop
      vertex 12.5166 53.7472 8
      vertex 13.3394 55.7336 8
      vertex 12.9059 55.8807 8
    endloop
  endfacet
  facet normal 0 0 1
    outer loop
      vertex 14.1307 55.2767 8
      vertex 12.8218 53.571 8
      vertex 12.9546 53.4546 8
    endloop
  endfacet
  facet normal 0 0 1
    outer loop
      vertex 13.75 55.5311 8
      vertex 12.675 53.6691 8
      vertex 12.8218 53.571 8
    endloop
  endfacet
  facet normal 0 0 1
    outer loop
      vertex 13.3394 55.7336 8
      vertex 12.5166 53.7472 8
      vertex 12.675 53.6691 8
    endloop
  endfacet
  facet normal 0 0 1
    outer loop
      vertex 12.3494 53.804 8
      vertex 12.9059 55.8807 8
      vertex 12.4568 55.9701 8
    endloop
  endfacet
  facet normal 0 0 1
    outer loop
      vertex 12.9059 55.8807 8
      vertex 12.3494 53.804 8
      vertex 12.5166 53.7472 8
    endloop
  endfacet
  facet normal 0 0 1
    outer loop
      vertex 12.4568 55.9701 8
      vertex 12.1762 53.8385 8
      vertex 12.3494 53.804 8
    endloop
  endfacet
  facet normal 0 0 1
    outer loop
      vertex 12 56 8
      vertex 12.1762 53.8385 8
      vertex 12.4568 55.9701 8
    endloop
  endfacet
  facet normal 0 0 1
    outer loop
      vertex 12 56 8
      vertex 12 53.85 8
      vertex 12.1762 53.8385 8
    endloop
  endfacet
  facet normal 0 0 1
    outer loop
      vertex 12 56 8
      vertex 11.8238 53.8385 8
      vertex 12 53.85 8
    endloop
  endfacet
  facet normal -0 0 1
    outer loop
      vertex 11.5432 55.9701 8
      vertex 11.8238 53.8385 8
      vertex 12 56 8
    endloop
  endfacet
  facet normal 0 0 1
    outer loop
      vertex 11.8238 53.8385 8
      vertex 11.5432 55.9701 8
      vertex 11.6506 53.804 8
    endloop
  endfacet
  facet normal -0 0 1
    outer loop
      vertex 11.0941 55.8807 8
      vertex 11.6506 53.804 8
      vertex 11.5432 55.9701 8
    endloop
  endfacet
  facet normal 0 0 1
    outer loop
      vertex 11.6506 53.804 8
      vertex 11.0941 55.8807 8
      vertex 11.4834 53.7472 8
    endloop
  endfacet
  facet normal -0 0 1
    outer loop
      vertex 10.6606 55.7336 8
      vertex 11.4834 53.7472 8
      vertex 11.0941 55.8807 8
    endloop
  endfacet
  facet normal 0 0 1
    outer loop
      vertex 11.4834 53.7472 8
      vertex 10.6606 55.7336 8
      vertex 11.325 53.6691 8
    endloop
  endfacet
  facet normal -0 0 1
    outer loop
      vertex 10.25 55.5311 8
      vertex 11.325 53.6691 8
      vertex 10.6606 55.7336 8
    endloop
  endfacet
  facet normal 0 0 1
    outer loop
      vertex 11.325 53.6691 8
      vertex 10.25 55.5311 8
      vertex 11.1782 53.571 8
    endloop
  endfacet
  facet normal -0 0 1
    outer loop
      vertex 9.86934 55.2767 8
      vertex 11.1782 53.571 8
      vertex 10.25 55.5311 8
    endloop
  endfacet
  facet normal 0 0 1
    outer loop
      vertex 11.1782 53.571 8
      vertex 9.86934 55.2767 8
      vertex 11.0454 53.4546 8
    endloop
  endfacet
  facet normal -0 0 1
    outer loop
      vertex 9.52513 54.9749 8
      vertex 11.0454 53.4546 8
      vertex 9.86934 55.2767 8
    endloop
  endfacet
  facet normal 0 0 1
    outer loop
      vertex 11.0454 53.4546 8
      vertex 9.52513 54.9749 8
      vertex 10.929 53.3218 8
    endloop
  endfacet
  facet normal -0 0 1
    outer loop
      vertex 9.22326 54.6307 8
      vertex 10.929 53.3218 8
      vertex 9.52513 54.9749 8
    endloop
  endfacet
  facet normal 0 0 1
    outer loop
      vertex 10.929 53.3218 8
      vertex 9.22326 54.6307 8
      vertex 10.8309 53.175 8
    endloop
  endfacet
  facet normal -0 0 1
    outer loop
      vertex 8.96891 54.25 8
      vertex 10.8309 53.175 8
      vertex 9.22326 54.6307 8
    endloop
  endfacet
  facet normal 0 0 1
    outer loop
      vertex 15.0311 50.75 8
      vertex 13.1691 51.825 8
      vertex 14.7767 50.3693 8
    endloop
  endfacet
  facet normal -0 0 1
    outer loop
      vertex 13.071 51.6782 8
      vertex 14.7767 50.3693 8
      vertex 13.1691 51.825 8
    endloop
  endfacet
  facet normal 0 0 1
    outer loop
      vertex 14.7767 50.3693 8
      vertex 13.071 51.6782 8
      vertex 14.4749 50.0251 8
    endloop
  endfacet
  facet normal -0 0 1
    outer loop
      vertex 12.9546 51.5454 8
      vertex 14.4749 50.0251 8
      vertex 13.071 51.6782 8
    endloop
  endfacet
  facet normal 0 0 1
    outer loop
      vertex 14.4749 50.0251 8
      vertex 12.9546 51.5454 8
      vertex 14.1307 49.7233 8
    endloop
  endfacet
  facet normal -0 0 1
    outer loop
      vertex 12.8218 51.429 8
      vertex 14.1307 49.7233 8
      vertex 12.9546 51.5454 8
    endloop
  endfacet
  facet normal 0 0 1
    outer loop
      vertex 14.1307 49.7233 8
      vertex 12.8218 51.429 8
      vertex 13.75 49.4689 8
    endloop
  endfacet
  facet normal -0 0 1
    outer loop
      vertex 12.675 51.3309 8
      vertex 13.75 49.4689 8
      vertex 12.8218 51.429 8
    endloop
  endfacet
  facet normal 0 0 1
    outer loop
      vertex 13.75 49.4689 8
      vertex 12.675 51.3309 8
      vertex 13.3394 49.2664 8
    endloop
  endfacet
  facet normal -0 0 1
    outer loop
      vertex 12.5166 51.2528 8
      vertex 13.3394 49.2664 8
      vertex 12.675 51.3309 8
    endloop
  endfacet
  facet normal 0 0 1
    outer loop
      vertex 13.3394 49.2664 8
      vertex 12.5166 51.2528 8
      vertex 12.9059 49.1193 8
    endloop
  endfacet
  facet normal -0 0 1
    outer loop
      vertex 12.3494 51.196 8
      vertex 12.9059 49.1193 8
      vertex 12.5166 51.2528 8
    endloop
  endfacet
  facet normal 0 0 1
    outer loop
      vertex 12.9059 49.1193 8
      vertex 12.3494 51.196 8
      vertex 12.4568 49.0299 8
    endloop
  endfacet
  facet normal -0 0 1
    outer loop
      vertex 12.1762 51.1615 8
      vertex 12.4568 49.0299 8
      vertex 12.3494 51.196 8
    endloop
  endfacet
  facet normal -0 0 1
    outer loop
      vertex 12 51.15 8
      vertex 12.4568 49.0299 8
      vertex 12.1762 51.1615 8
    endloop
  endfacet
  facet normal 0 0 1
    outer loop
      vertex 12 51.15 8
      vertex 12 49 8
      vertex 12.4568 49.0299 8
    endloop
  endfacet
  facet normal 0 0 1
    outer loop
      vertex 11.8238 51.1615 8
      vertex 12 49 8
      vertex 12 51.15 8
    endloop
  endfacet
  facet normal 0 0 1
    outer loop
      vertex 11.5432 49.0299 8
      vertex 11.8238 51.1615 8
      vertex 11.6506 51.196 8
    endloop
  endfacet
  facet normal 0 0 1
    outer loop
      vertex 11.8238 51.1615 8
      vertex 11.5432 49.0299 8
      vertex 12 49 8
    endloop
  endfacet
  facet normal 0 0 1
    outer loop
      vertex 11.0941 49.1193 8
      vertex 11.6506 51.196 8
      vertex 11.4834 51.2528 8
    endloop
  endfacet
  facet normal 0 0 1
    outer loop
      vertex 10.6606 49.2664 8
      vertex 11.4834 51.2528 8
      vertex 11.325 51.3309 8
    endloop
  endfacet
  facet normal 0 0 1
    outer loop
      vertex 10.25 49.4689 8
      vertex 11.325 51.3309 8
      vertex 11.1782 51.429 8
    endloop
  endfacet
  facet normal 0 0 1
    outer loop
      vertex 11.6506 51.196 8
      vertex 11.0941 49.1193 8
      vertex 11.5432 49.0299 8
    endloop
  endfacet
  facet normal 0 0 1
    outer loop
      vertex 9.86934 49.7233 8
      vertex 11.1782 51.429 8
      vertex 11.0454 51.5454 8
    endloop
  endfacet
  facet normal 0 0 1
    outer loop
      vertex 9.52513 50.0251 8
      vertex 11.0454 51.5454 8
      vertex 10.929 51.6782 8
    endloop
  endfacet
  facet normal 0 0 1
    outer loop
      vertex 9.22326 50.3693 8
      vertex 10.929 51.6782 8
      vertex 10.8309 51.825 8
    endloop
  endfacet
  facet normal 0 0 1
    outer loop
      vertex 8.96891 50.75 8
      vertex 10.8309 51.825 8
      vertex 10.7528 51.9834 8
    endloop
  endfacet
  facet normal 0 0 1
    outer loop
      vertex 8.76642 51.1606 8
      vertex 10.7528 51.9834 8
      vertex 10.696 52.1506 8
    endloop
  endfacet
  facet normal 0 0 1
    outer loop
      vertex 8.61926 51.5941 8
      vertex 10.696 52.1506 8
      vertex 10.6615 52.3238 8
    endloop
  endfacet
  facet normal 0 0 1
    outer loop
      vertex 11.4834 51.2528 8
      vertex 10.6606 49.2664 8
      vertex 11.0941 49.1193 8
    endloop
  endfacet
  facet normal 0 0 1
    outer loop
      vertex 8.52994 52.0432 8
      vertex 10.6615 52.3238 8
      vertex 10.65 52.5 8
    endloop
  endfacet
  facet normal 0 0 1
    outer loop
      vertex 10.8309 53.175 8
      vertex 8.96891 54.25 8
      vertex 10.7528 53.0166 8
    endloop
  endfacet
  facet normal 0 0 1
    outer loop
      vertex 11.325 51.3309 8
      vertex 10.25 49.4689 8
      vertex 10.6606 49.2664 8
    endloop
  endfacet
  facet normal -0 0 1
    outer loop
      vertex 8.76642 53.8394 8
      vertex 10.7528 53.0166 8
      vertex 8.96891 54.25 8
    endloop
  endfacet
  facet normal 0 0 1
    outer loop
      vertex 11.1782 51.429 8
      vertex 9.86934 49.7233 8
      vertex 10.25 49.4689 8
    endloop
  endfacet
  facet normal 0 0 1
    outer loop
      vertex 10.7528 53.0166 8
      vertex 8.76642 53.8394 8
      vertex 10.696 52.8494 8
    endloop
  endfacet
  facet normal 0 0 1
    outer loop
      vertex 11.0454 51.5454 8
      vertex 9.52513 50.0251 8
      vertex 9.86934 49.7233 8
    endloop
  endfacet
  facet normal -0 0 1
    outer loop
      vertex 8.61926 53.4059 8
      vertex 10.696 52.8494 8
      vertex 8.76642 53.8394 8
    endloop
  endfacet
  facet normal 0 0 1
    outer loop
      vertex 10.929 51.6782 8
      vertex 9.22326 50.3693 8
      vertex 9.52513 50.0251 8
    endloop
  endfacet
  facet normal 0 0 1
    outer loop
      vertex 10.696 52.8494 8
      vertex 8.61926 53.4059 8
      vertex 10.6615 52.6762 8
    endloop
  endfacet
  facet normal 0 0 1
    outer loop
      vertex 10.8309 51.825 8
      vertex 8.96891 50.75 8
      vertex 9.22326 50.3693 8
    endloop
  endfacet
  facet normal -0 0 1
    outer loop
      vertex 8.52994 52.9568 8
      vertex 10.6615 52.6762 8
      vertex 8.61926 53.4059 8
    endloop
  endfacet
  facet normal 0 0 1
    outer loop
      vertex 10.7528 51.9834 8
      vertex 8.76642 51.1606 8
      vertex 8.96891 50.75 8
    endloop
  endfacet
  facet normal 0 0 1
    outer loop
      vertex 10.6615 52.6762 8
      vertex 8.52994 52.9568 8
      vertex 10.65 52.5 8
    endloop
  endfacet
  facet normal 0 0 1
    outer loop
      vertex 10.696 52.1506 8
      vertex 8.61926 51.5941 8
      vertex 8.76642 51.1606 8
    endloop
  endfacet
  facet normal 0 0 1
    outer loop
      vertex 8.5 52.5 8
      vertex 10.65 52.5 8
      vertex 8.52994 52.9568 8
    endloop
  endfacet
  facet normal 0 0 1
    outer loop
      vertex 10.6615 52.3238 8
      vertex 8.52994 52.0432 8
      vertex 8.61926 51.5941 8
    endloop
  endfacet
  facet normal 0 0 1
    outer loop
      vertex 10.65 52.5 8
      vertex 8.5 52.5 8
      vertex 8.52994 52.0432 8
    endloop
  endfacet
  facet normal -0.195234 -0.980757 0
    outer loop
      vertex 11.0941 49.1193 3
      vertex 11.5432 49.0299 8
      vertex 11.0941 49.1193 8
    endloop
  endfacet
  facet normal -0.195234 -0.980757 -0
    outer loop
      vertex 11.5432 49.0299 8
      vertex 11.0941 49.1193 3
      vertex 11.5432 49.0299 3
    endloop
  endfacet
  facet normal -0.831495 0.555532 0
    outer loop
      vertex 8.96891 54.25 3
      vertex 9.22326 54.6307 8
      vertex 9.22326 54.6307 3
    endloop
  endfacet
  facet normal -0.831495 0.555532 0
    outer loop
      vertex 9.22326 54.6307 8
      vertex 8.96891 54.25 3
      vertex 8.96891 54.25 8
    endloop
  endfacet
  facet normal -0.0653156 -0.997865 0
    outer loop
      vertex 11.5432 49.0299 3
      vertex 12 49 8
      vertex 11.5432 49.0299 8
    endloop
  endfacet
  facet normal -0.0653156 -0.997865 -0
    outer loop
      vertex 12 49 8
      vertex 11.5432 49.0299 3
      vertex 12 49 3
    endloop
  endfacet
  facet normal -0.195354 -0.980733 0
    outer loop
      vertex 12.1762 53.8385 3
      vertex 12.3494 53.804 8
      vertex 12.1762 53.8385 8
    endloop
  endfacet
  facet normal -0.195354 -0.980733 -0
    outer loop
      vertex 12.3494 53.804 8
      vertex 12.1762 53.8385 3
      vertex 12.3494 53.804 3
    endloop
  endfacet
  facet normal -0.980733 -0.195354 0
    outer loop
      vertex 13.3385 52.6762 3
      vertex 13.304 52.8494 8
      vertex 13.304 52.8494 3
    endloop
  endfacet
  facet normal -0.980733 -0.195354 0
    outer loop
      vertex 13.304 52.8494 8
      vertex 13.3385 52.6762 3
      vertex 13.3385 52.6762 8
    endloop
  endfacet
  facet normal -0.997877 -0.0651282 0
    outer loop
      vertex 13.35 52.5 3
      vertex 13.3385 52.6762 8
      vertex 13.3385 52.6762 3
    endloop
  endfacet
  facet normal -0.997877 -0.0651282 0
    outer loop
      vertex 13.3385 52.6762 8
      vertex 13.35 52.5 3
      vertex 13.35 52.5 8
    endloop
  endfacet
  facet normal -0.946856 -0.321659 0
    outer loop
      vertex 13.304 52.8494 3
      vertex 13.2472 53.0166 8
      vertex 13.2472 53.0166 3
    endloop
  endfacet
  facet normal -0.946856 -0.321659 0
    outer loop
      vertex 13.2472 53.0166 8
      vertex 13.304 52.8494 3
      vertex 13.304 52.8494 8
    endloop
  endfacet
  facet normal -0.83144 -0.555615 0
    outer loop
      vertex 13.1691 53.175 3
      vertex 13.071 53.3218 8
      vertex 13.071 53.3218 3
    endloop
  endfacet
  facet normal -0.83144 -0.555615 0
    outer loop
      vertex 13.071 53.3218 8
      vertex 13.1691 53.175 3
      vertex 13.1691 53.175 8
    endloop
  endfacet
  facet normal -0.321659 -0.946856 0
    outer loop
      vertex 12.3494 53.804 3
      vertex 12.5166 53.7472 8
      vertex 12.3494 53.804 8
    endloop
  endfacet
  facet normal -0.321659 -0.946856 -0
    outer loop
      vertex 12.5166 53.7472 8
      vertex 12.3494 53.804 3
      vertex 12.5166 53.7472 3
    endloop
  endfacet
  facet normal 0.980733 0.195354 0
    outer loop
      vertex 10.696 52.1506 8
      vertex 10.6615 52.3238 3
      vertex 10.6615 52.3238 8
    endloop
  endfacet
  facet normal 0.980733 0.195354 0
    outer loop
      vertex 10.6615 52.3238 3
      vertex 10.696 52.1506 8
      vertex 10.696 52.1506 3
    endloop
  endfacet
  facet normal -0.997877 0.0651282 0
    outer loop
      vertex 13.3385 52.3238 3
      vertex 13.35 52.5 8
      vertex 13.35 52.5 3
    endloop
  endfacet
  facet normal -0.997877 0.0651282 0
    outer loop
      vertex 13.35 52.5 8
      vertex 13.3385 52.3238 3
      vertex 13.3385 52.3238 8
    endloop
  endfacet
  facet normal 0.997877 0.0651282 0
    outer loop
      vertex 10.6615 52.3238 8
      vertex 10.65 52.5 3
      vertex 10.65 52.5 8
    endloop
  endfacet
  facet normal 0.997877 0.0651282 0
    outer loop
      vertex 10.65 52.5 3
      vertex 10.6615 52.3238 8
      vertex 10.6615 52.3238 3
    endloop
  endfacet
  facet normal 0.321659 0.946856 -0
    outer loop
      vertex 11.6506 51.196 3
      vertex 11.4834 51.2528 8
      vertex 11.6506 51.196 8
    endloop
  endfacet
  facet normal 0.321659 0.946856 0
    outer loop
      vertex 11.4834 51.2528 8
      vertex 11.6506 51.196 3
      vertex 11.4834 51.2528 3
    endloop
  endfacet
  facet normal -0.896905 -0.442224 0
    outer loop
      vertex 13.2472 53.0166 3
      vertex 13.1691 53.175 8
      vertex 13.1691 53.175 3
    endloop
  endfacet
  facet normal -0.896905 -0.442224 0
    outer loop
      vertex 13.1691 53.175 8
      vertex 13.2472 53.0166 3
      vertex 13.2472 53.0166 8
    endloop
  endfacet
  facet normal -0.752015 -0.659146 0
    outer loop
      vertex 13.071 53.3218 3
      vertex 12.9546 53.4546 8
      vertex 12.9546 53.4546 3
    endloop
  endfacet
  facet normal -0.752015 -0.659146 0
    outer loop
      vertex 12.9546 53.4546 8
      vertex 13.071 53.3218 3
      vertex 13.071 53.3218 8
    endloop
  endfacet
  facet normal -0.946856 0.321659 0
    outer loop
      vertex 13.2472 51.9834 3
      vertex 13.304 52.1506 8
      vertex 13.304 52.1506 3
    endloop
  endfacet
  facet normal -0.946856 0.321659 0
    outer loop
      vertex 13.304 52.1506 8
      vertex 13.2472 51.9834 3
      vertex 13.2472 51.9834 8
    endloop
  endfacet
  facet normal 0.752015 0.659146 0
    outer loop
      vertex 11.0454 51.5454 8
      vertex 10.929 51.6782 3
      vertex 10.929 51.6782 8
    endloop
  endfacet
  facet normal 0.752015 0.659146 0
    outer loop
      vertex 10.929 51.6782 3
      vertex 11.0454 51.5454 8
      vertex 11.0454 51.5454 3
    endloop
  endfacet
  facet normal -0.980733 0.195354 0
    outer loop
      vertex 13.304 52.1506 3
      vertex 13.3385 52.3238 8
      vertex 13.3385 52.3238 3
    endloop
  endfacet
  facet normal -0.980733 0.195354 0
    outer loop
      vertex 13.3385 52.3238 8
      vertex 13.304 52.1506 3
      vertex 13.304 52.1506 8
    endloop
  endfacet
  facet normal -0.0651282 0.997877 0
    outer loop
      vertex 12.1762 51.1615 3
      vertex 12 51.15 8
      vertex 12.1762 51.1615 8
    endloop
  endfacet
  facet normal -0.0651282 0.997877 0
    outer loop
      vertex 12 51.15 8
      vertex 12.1762 51.1615 3
      vertex 12 51.15 3
    endloop
  endfacet
  facet normal 0.946856 0.321659 0
    outer loop
      vertex 10.7528 51.9834 8
      vertex 10.696 52.1506 3
      vertex 10.696 52.1506 8
    endloop
  endfacet
  facet normal 0.946856 0.321659 0
    outer loop
      vertex 10.696 52.1506 3
      vertex 10.7528 51.9834 8
      vertex 10.7528 51.9834 3
    endloop
  endfacet
  facet normal -0.83144 0.555615 0
    outer loop
      vertex 13.071 51.6782 3
      vertex 13.1691 51.825 8
      vertex 13.1691 51.825 3
    endloop
  endfacet
  facet normal -0.83144 0.555615 0
    outer loop
      vertex 13.1691 51.825 8
      vertex 13.071 51.6782 3
      vertex 13.071 51.6782 8
    endloop
  endfacet
  facet normal -0.442224 -0.896905 0
    outer loop
      vertex 12.5166 53.7472 3
      vertex 12.675 53.6691 8
      vertex 12.5166 53.7472 8
    endloop
  endfacet
  facet normal -0.442224 -0.896905 -0
    outer loop
      vertex 12.675 53.6691 8
      vertex 12.5166 53.7472 3
      vertex 12.675 53.6691 3
    endloop
  endfacet
  facet normal 0.442224 -0.896905 0
    outer loop
      vertex 11.325 53.6691 3
      vertex 11.4834 53.7472 8
      vertex 11.325 53.6691 8
    endloop
  endfacet
  facet normal 0.442224 -0.896905 0
    outer loop
      vertex 11.4834 53.7472 8
      vertex 11.325 53.6691 3
      vertex 11.4834 53.7472 3
    endloop
  endfacet
  facet normal -0.442224 0.896905 0
    outer loop
      vertex 12.675 51.3309 3
      vertex 12.5166 51.2528 8
      vertex 12.675 51.3309 8
    endloop
  endfacet
  facet normal -0.442224 0.896905 0
    outer loop
      vertex 12.5166 51.2528 8
      vertex 12.675 51.3309 3
      vertex 12.5166 51.2528 3
    endloop
  endfacet
  facet normal -0.321659 0.946856 0
    outer loop
      vertex 12.5166 51.2528 3
      vertex 12.3494 51.196 8
      vertex 12.5166 51.2528 8
    endloop
  endfacet
  facet normal -0.321659 0.946856 0
    outer loop
      vertex 12.3494 51.196 8
      vertex 12.5166 51.2528 3
      vertex 12.3494 51.196 3
    endloop
  endfacet
  facet normal 0.195354 0.980733 -0
    outer loop
      vertex 11.8238 51.1615 3
      vertex 11.6506 51.196 8
      vertex 11.8238 51.1615 8
    endloop
  endfacet
  facet normal 0.195354 0.980733 0
    outer loop
      vertex 11.6506 51.196 8
      vertex 11.8238 51.1615 3
      vertex 11.6506 51.196 3
    endloop
  endfacet
  facet normal 0.946856 -0.321659 0
    outer loop
      vertex 10.696 52.8494 8
      vertex 10.7528 53.0166 3
      vertex 10.7528 53.0166 8
    endloop
  endfacet
  facet normal 0.946856 -0.321659 0
    outer loop
      vertex 10.7528 53.0166 3
      vertex 10.696 52.8494 8
      vertex 10.696 52.8494 3
    endloop
  endfacet
  facet normal 0.195354 -0.980733 0
    outer loop
      vertex 11.6506 53.804 3
      vertex 11.8238 53.8385 8
      vertex 11.6506 53.804 8
    endloop
  endfacet
  facet normal 0.195354 -0.980733 0
    outer loop
      vertex 11.8238 53.8385 8
      vertex 11.6506 53.804 3
      vertex 11.8238 53.8385 3
    endloop
  endfacet
  facet normal 0.555615 -0.83144 0
    outer loop
      vertex 11.1782 53.571 3
      vertex 11.325 53.6691 8
      vertex 11.1782 53.571 8
    endloop
  endfacet
  facet normal 0.555615 -0.83144 0
    outer loop
      vertex 11.325 53.6691 8
      vertex 11.1782 53.571 3
      vertex 11.325 53.6691 3
    endloop
  endfacet
  facet normal -0.555615 0.83144 0
    outer loop
      vertex 12.8218 51.429 3
      vertex 12.675 51.3309 8
      vertex 12.8218 51.429 8
    endloop
  endfacet
  facet normal -0.555615 0.83144 0
    outer loop
      vertex 12.675 51.3309 8
      vertex 12.8218 51.429 3
      vertex 12.675 51.3309 3
    endloop
  endfacet
  facet normal -0.195354 0.980733 0
    outer loop
      vertex 12.3494 51.196 3
      vertex 12.1762 51.1615 8
      vertex 12.3494 51.196 8
    endloop
  endfacet
  facet normal -0.195354 0.980733 0
    outer loop
      vertex 12.1762 51.1615 8
      vertex 12.3494 51.196 3
      vertex 12.1762 51.1615 3
    endloop
  endfacet
  facet normal 0.896905 -0.442224 0
    outer loop
      vertex 10.7528 53.0166 8
      vertex 10.8309 53.175 3
      vertex 10.8309 53.175 8
    endloop
  endfacet
  facet normal 0.896905 -0.442224 0
    outer loop
      vertex 10.8309 53.175 3
      vertex 10.7528 53.0166 8
      vertex 10.7528 53.0166 3
    endloop
  endfacet
  facet normal 0.83144 -0.555615 0
    outer loop
      vertex 10.8309 53.175 8
      vertex 10.929 53.3218 3
      vertex 10.929 53.3218 8
    endloop
  endfacet
  facet normal 0.83144 -0.555615 0
    outer loop
      vertex 10.929 53.3218 3
      vertex 10.8309 53.175 8
      vertex 10.8309 53.175 3
    endloop
  endfacet
  facet normal 0.0651282 0.997877 -0
    outer loop
      vertex 12 51.15 3
      vertex 11.8238 51.1615 8
      vertex 12 51.15 8
    endloop
  endfacet
  facet normal 0.0651282 0.997877 0
    outer loop
      vertex 11.8238 51.1615 8
      vertex 12 51.15 3
      vertex 11.8238 51.1615 3
    endloop
  endfacet
  facet normal 0.0651282 -0.997877 0
    outer loop
      vertex 11.8238 53.8385 3
      vertex 12 53.85 8
      vertex 11.8238 53.8385 8
    endloop
  endfacet
  facet normal 0.0651282 -0.997877 0
    outer loop
      vertex 12 53.85 8
      vertex 11.8238 53.8385 3
      vertex 12 53.85 3
    endloop
  endfacet
  facet normal 0.659146 -0.752015 0
    outer loop
      vertex 11.0454 53.4546 3
      vertex 11.1782 53.571 8
      vertex 11.0454 53.4546 8
    endloop
  endfacet
  facet normal 0.659146 -0.752015 0
    outer loop
      vertex 11.1782 53.571 8
      vertex 11.0454 53.4546 3
      vertex 11.1782 53.571 3
    endloop
  endfacet
  facet normal 0.659146 0.752015 -0
    outer loop
      vertex 11.1782 51.429 3
      vertex 11.0454 51.5454 8
      vertex 11.1782 51.429 8
    endloop
  endfacet
  facet normal 0.659146 0.752015 0
    outer loop
      vertex 11.0454 51.5454 8
      vertex 11.1782 51.429 3
      vertex 11.0454 51.5454 3
    endloop
  endfacet
  facet normal 0.752015 -0.659146 0
    outer loop
      vertex 10.929 53.3218 8
      vertex 11.0454 53.4546 3
      vertex 11.0454 53.4546 8
    endloop
  endfacet
  facet normal 0.752015 -0.659146 0
    outer loop
      vertex 11.0454 53.4546 3
      vertex 10.929 53.3218 8
      vertex 10.929 53.3218 3
    endloop
  endfacet
  facet normal -0.752015 0.659146 0
    outer loop
      vertex 12.9546 51.5454 3
      vertex 13.071 51.6782 8
      vertex 13.071 51.6782 3
    endloop
  endfacet
  facet normal -0.752015 0.659146 0
    outer loop
      vertex 13.071 51.6782 8
      vertex 12.9546 51.5454 3
      vertex 12.9546 51.5454 8
    endloop
  endfacet
  facet normal -0.896905 0.442224 0
    outer loop
      vertex 13.1691 51.825 3
      vertex 13.2472 51.9834 8
      vertex 13.2472 51.9834 3
    endloop
  endfacet
  facet normal -0.896905 0.442224 0
    outer loop
      vertex 13.2472 51.9834 8
      vertex 13.1691 51.825 3
      vertex 13.1691 51.825 8
    endloop
  endfacet
  facet normal 0.555615 0.83144 -0
    outer loop
      vertex 11.325 51.3309 3
      vertex 11.1782 51.429 8
      vertex 11.325 51.3309 8
    endloop
  endfacet
  facet normal 0.555615 0.83144 0
    outer loop
      vertex 11.1782 51.429 8
      vertex 11.325 51.3309 3
      vertex 11.1782 51.429 3
    endloop
  endfacet
  facet normal 0.980733 -0.195354 0
    outer loop
      vertex 10.6615 52.6762 8
      vertex 10.696 52.8494 3
      vertex 10.696 52.8494 8
    endloop
  endfacet
  facet normal 0.980733 -0.195354 0
    outer loop
      vertex 10.696 52.8494 3
      vertex 10.6615 52.6762 8
      vertex 10.6615 52.6762 3
    endloop
  endfacet
  facet normal -0.0651282 -0.997877 0
    outer loop
      vertex 12 53.85 3
      vertex 12.1762 53.8385 8
      vertex 12 53.85 8
    endloop
  endfacet
  facet normal -0.0651282 -0.997877 -0
    outer loop
      vertex 12.1762 53.8385 8
      vertex 12 53.85 3
      vertex 12.1762 53.8385 3
    endloop
  endfacet
  facet normal -0.555615 -0.83144 0
    outer loop
      vertex 12.675 53.6691 3
      vertex 12.8218 53.571 8
      vertex 12.675 53.6691 8
    endloop
  endfacet
  facet normal -0.555615 -0.83144 -0
    outer loop
      vertex 12.8218 53.571 8
      vertex 12.675 53.6691 3
      vertex 12.8218 53.571 3
    endloop
  endfacet
  facet normal 0.321659 -0.946856 0
    outer loop
      vertex 11.4834 53.7472 3
      vertex 11.6506 53.804 8
      vertex 11.4834 53.7472 8
    endloop
  endfacet
  facet normal 0.321659 -0.946856 0
    outer loop
      vertex 11.6506 53.804 8
      vertex 11.4834 53.7472 3
      vertex 11.6506 53.804 3
    endloop
  endfacet
  facet normal 0.997877 -0.0651282 0
    outer loop
      vertex 10.65 52.5 8
      vertex 10.6615 52.6762 3
      vertex 10.6615 52.6762 8
    endloop
  endfacet
  facet normal 0.997877 -0.0651282 0
    outer loop
      vertex 10.6615 52.6762 3
      vertex 10.65 52.5 8
      vertex 10.65 52.5 3
    endloop
  endfacet
  facet normal -0.659146 -0.752015 0
    outer loop
      vertex 12.8218 53.571 3
      vertex 12.9546 53.4546 8
      vertex 12.8218 53.571 8
    endloop
  endfacet
  facet normal -0.659146 -0.752015 -0
    outer loop
      vertex 12.9546 53.4546 8
      vertex 12.8218 53.571 3
      vertex 12.9546 53.4546 3
    endloop
  endfacet
  facet normal 0.896905 0.442224 0
    outer loop
      vertex 10.8309 51.825 8
      vertex 10.7528 51.9834 3
      vertex 10.7528 51.9834 8
    endloop
  endfacet
  facet normal 0.896905 0.442224 0
    outer loop
      vertex 10.7528 51.9834 3
      vertex 10.8309 51.825 8
      vertex 10.8309 51.825 3
    endloop
  endfacet
  facet normal 0.442224 0.896905 -0
    outer loop
      vertex 11.4834 51.2528 3
      vertex 11.325 51.3309 8
      vertex 11.4834 51.2528 8
    endloop
  endfacet
  facet normal 0.442224 0.896905 0
    outer loop
      vertex 11.325 51.3309 8
      vertex 11.4834 51.2528 3
      vertex 11.325 51.3309 3
    endloop
  endfacet
  facet normal -0.659146 0.752015 0
    outer loop
      vertex 12.9546 51.5454 3
      vertex 12.8218 51.429 8
      vertex 12.9546 51.5454 8
    endloop
  endfacet
  facet normal -0.659146 0.752015 0
    outer loop
      vertex 12.8218 51.429 8
      vertex 12.9546 51.5454 3
      vertex 12.8218 51.429 3
    endloop
  endfacet
  facet normal 0.83144 0.555615 0
    outer loop
      vertex 10.929 51.6782 8
      vertex 10.8309 51.825 3
      vertex 10.8309 51.825 8
    endloop
  endfacet
  facet normal 0.83144 0.555615 0
    outer loop
      vertex 10.8309 51.825 3
      vertex 10.929 51.6782 8
      vertex 10.929 51.6782 3
    endloop
  endfacet
  facet normal 0.980757 0.195234 0
    outer loop
      vertex 87.4701 15.9568 8
      vertex 87.3807 16.4059 3
      vertex 87.3807 16.4059 8
    endloop
  endfacet
  facet normal 0.980757 0.195234 0
    outer loop
      vertex 87.3807 16.4059 3
      vertex 87.4701 15.9568 8
      vertex 87.4701 15.9568 3
    endloop
  endfacet
  facet normal 0.997865 0.0653156 0
    outer loop
      vertex 87.5 15.5 8
      vertex 87.4701 15.9568 3
      vertex 87.4701 15.9568 8
    endloop
  endfacet
  facet normal 0.997865 0.0653156 0
    outer loop
      vertex 87.4701 15.9568 3
      vertex 87.5 15.5 8
      vertex 87.5 15.5 3
    endloop
  endfacet
  facet normal 0.321335 -0.946966 0
    outer loop
      vertex 84.9059 12.1193 3
      vertex 85.3394 12.2664 8
      vertex 84.9059 12.1193 8
    endloop
  endfacet
  facet normal 0.321335 -0.946966 0
    outer loop
      vertex 85.3394 12.2664 8
      vertex 84.9059 12.1193 3
      vertex 85.3394 12.2664 3
    endloop
  endfacet
  facet normal 0.831445 0.555607 0
    outer loop
      vertex 87.0311 17.25 8
      vertex 86.7767 17.6307 3
      vertex 86.7767 17.6307 8
    endloop
  endfacet
  facet normal 0.831445 0.555607 0
    outer loop
      vertex 86.7767 17.6307 3
      vertex 87.0311 17.25 8
      vertex 87.0311 17.25 3
    endloop
  endfacet
  facet normal -0.89686 0.442314 0
    outer loop
      vertex 80.7664 16.8394 3
      vertex 80.9689 17.25 8
      vertex 80.9689 17.25 3
    endloop
  endfacet
  facet normal -0.89686 0.442314 0
    outer loop
      vertex 80.9689 17.25 8
      vertex 80.7664 16.8394 3
      vertex 80.7664 16.8394 8
    endloop
  endfacet
  facet normal -0.555607 0.831445 0
    outer loop
      vertex 82.25 18.5311 3
      vertex 81.8693 18.2767 8
      vertex 82.25 18.5311 8
    endloop
  endfacet
  facet normal -0.555607 0.831445 0
    outer loop
      vertex 81.8693 18.2767 8
      vertex 82.25 18.5311 3
      vertex 81.8693 18.2767 3
    endloop
  endfacet
  facet normal -0.659278 0.7519 0
    outer loop
      vertex 81.8693 18.2767 3
      vertex 81.5251 17.9749 8
      vertex 81.8693 18.2767 8
    endloop
  endfacet
  facet normal -0.659278 0.7519 0
    outer loop
      vertex 81.5251 17.9749 8
      vertex 81.8693 18.2767 3
      vertex 81.5251 17.9749 3
    endloop
  endfacet
  facet normal -0.7519 0.659278 0
    outer loop
      vertex 81.2233 17.6307 3
      vertex 81.5251 17.9749 8
      vertex 81.5251 17.9749 3
    endloop
  endfacet
  facet normal -0.7519 0.659278 0
    outer loop
      vertex 81.5251 17.9749 8
      vertex 81.2233 17.6307 3
      vertex 81.2233 17.6307 8
    endloop
  endfacet
  facet normal 0.946966 -0.321335 0
    outer loop
      vertex 87.2336 14.1606 8
      vertex 87.3807 14.5941 3
      vertex 87.3807 14.5941 8
    endloop
  endfacet
  facet normal 0.946966 -0.321335 0
    outer loop
      vertex 87.3807 14.5941 3
      vertex 87.2336 14.1606 8
      vertex 87.2336 14.1606 3
    endloop
  endfacet
  facet normal -0.997865 0.0653156 0
    outer loop
      vertex 80.5 15.5 3
      vertex 80.5299 15.9568 8
      vertex 80.5299 15.9568 3
    endloop
  endfacet
  facet normal -0.997865 0.0653156 0
    outer loop
      vertex 80.5299 15.9568 8
      vertex 80.5 15.5 3
      vertex 80.5 15.5 8
    endloop
  endfacet
  facet normal 0.555607 0.831445 -0
    outer loop
      vertex 86.1307 18.2767 3
      vertex 85.75 18.5311 8
      vertex 86.1307 18.2767 8
    endloop
  endfacet
  facet normal 0.555607 0.831445 0
    outer loop
      vertex 85.75 18.5311 8
      vertex 86.1307 18.2767 3
      vertex 85.75 18.5311 3
    endloop
  endfacet
  facet normal -0.321335 -0.946966 0
    outer loop
      vertex 82.6606 12.2664 3
      vertex 83.0941 12.1193 8
      vertex 82.6606 12.2664 8
    endloop
  endfacet
  facet normal -0.321335 -0.946966 -0
    outer loop
      vertex 83.0941 12.1193 8
      vertex 82.6606 12.2664 3
      vertex 83.0941 12.1193 3
    endloop
  endfacet
  facet normal 0.195234 -0.980757 0
    outer loop
      vertex 84.4568 12.0299 3
      vertex 84.9059 12.1193 8
      vertex 84.4568 12.0299 8
    endloop
  endfacet
  facet normal 0.195234 -0.980757 0
    outer loop
      vertex 84.9059 12.1193 8
      vertex 84.4568 12.0299 3
      vertex 84.9059 12.1193 3
    endloop
  endfacet
  facet normal -0.321335 0.946966 0
    outer loop
      vertex 83.0941 18.8807 3
      vertex 82.6606 18.7336 8
      vertex 83.0941 18.8807 8
    endloop
  endfacet
  facet normal -0.321335 0.946966 0
    outer loop
      vertex 82.6606 18.7336 8
      vertex 83.0941 18.8807 3
      vertex 82.6606 18.7336 3
    endloop
  endfacet
  facet normal -0.831445 -0.555607 0
    outer loop
      vertex 81.2233 13.3693 3
      vertex 80.9689 13.75 8
      vertex 80.9689 13.75 3
    endloop
  endfacet
  facet normal -0.831445 -0.555607 0
    outer loop
      vertex 80.9689 13.75 8
      vertex 81.2233 13.3693 3
      vertex 81.2233 13.3693 8
    endloop
  endfacet
  facet normal 0.555607 -0.831445 0
    outer loop
      vertex 85.75 12.4689 3
      vertex 86.1307 12.7233 8
      vertex 85.75 12.4689 8
    endloop
  endfacet
  facet normal 0.555607 -0.831445 0
    outer loop
      vertex 86.1307 12.7233 8
      vertex 85.75 12.4689 3
      vertex 86.1307 12.7233 3
    endloop
  endfacet
  facet normal -0.946966 0.321335 0
    outer loop
      vertex 80.6193 16.4059 3
      vertex 80.7664 16.8394 8
      vertex 80.7664 16.8394 3
    endloop
  endfacet
  facet normal -0.946966 0.321335 0
    outer loop
      vertex 80.7664 16.8394 8
      vertex 80.6193 16.4059 3
      vertex 80.6193 16.4059 8
    endloop
  endfacet
  facet normal 0.321335 0.946966 -0
    outer loop
      vertex 85.3394 18.7336 3
      vertex 84.9059 18.8807 8
      vertex 85.3394 18.7336 8
    endloop
  endfacet
  facet normal 0.321335 0.946966 0
    outer loop
      vertex 84.9059 18.8807 8
      vertex 85.3394 18.7336 3
      vertex 84.9059 18.8807 3
    endloop
  endfacet
  facet normal 0.0653156 0.997865 -0
    outer loop
      vertex 84.4568 18.9701 3
      vertex 84 19 8
      vertex 84.4568 18.9701 8
    endloop
  endfacet
  facet normal 0.0653156 0.997865 0
    outer loop
      vertex 84 19 8
      vertex 84.4568 18.9701 3
      vertex 84 19 3
    endloop
  endfacet
  facet normal -0.442314 0.89686 0
    outer loop
      vertex 82.6606 18.7336 3
      vertex 82.25 18.5311 8
      vertex 82.6606 18.7336 8
    endloop
  endfacet
  facet normal -0.442314 0.89686 0
    outer loop
      vertex 82.25 18.5311 8
      vertex 82.6606 18.7336 3
      vertex 82.25 18.5311 3
    endloop
  endfacet
  facet normal 0.831445 -0.555607 0
    outer loop
      vertex 86.7767 13.3693 8
      vertex 87.0311 13.75 3
      vertex 87.0311 13.75 8
    endloop
  endfacet
  facet normal 0.831445 -0.555607 0
    outer loop
      vertex 87.0311 13.75 3
      vertex 86.7767 13.3693 8
      vertex 86.7767 13.3693 3
    endloop
  endfacet
  facet normal -0.997865 -0.0653156 0
    outer loop
      vertex 80.5299 15.0432 3
      vertex 80.5 15.5 8
      vertex 80.5 15.5 3
    endloop
  endfacet
  facet normal -0.997865 -0.0653156 0
    outer loop
      vertex 80.5 15.5 8
      vertex 80.5299 15.0432 3
      vertex 80.5299 15.0432 8
    endloop
  endfacet
  facet normal -0.946966 -0.321335 0
    outer loop
      vertex 80.7664 14.1606 3
      vertex 80.6193 14.5941 8
      vertex 80.6193 14.5941 3
    endloop
  endfacet
  facet normal -0.946966 -0.321335 0
    outer loop
      vertex 80.6193 14.5941 8
      vertex 80.7664 14.1606 3
      vertex 80.7664 14.1606 8
    endloop
  endfacet
  facet normal -0.659278 -0.7519 0
    outer loop
      vertex 81.5251 13.0251 3
      vertex 81.8693 12.7233 8
      vertex 81.5251 13.0251 8
    endloop
  endfacet
  facet normal -0.659278 -0.7519 -0
    outer loop
      vertex 81.8693 12.7233 8
      vertex 81.5251 13.0251 3
      vertex 81.8693 12.7233 3
    endloop
  endfacet
  facet normal 0.442314 0.89686 -0
    outer loop
      vertex 85.75 18.5311 3
      vertex 85.3394 18.7336 8
      vertex 85.75 18.5311 8
    endloop
  endfacet
  facet normal 0.442314 0.89686 0
    outer loop
      vertex 85.3394 18.7336 8
      vertex 85.75 18.5311 3
      vertex 85.3394 18.7336 3
    endloop
  endfacet
  facet normal -0.195234 0.980757 0
    outer loop
      vertex 83.5432 18.9701 3
      vertex 83.0941 18.8807 8
      vertex 83.5432 18.9701 8
    endloop
  endfacet
  facet normal -0.195234 0.980757 0
    outer loop
      vertex 83.0941 18.8807 8
      vertex 83.5432 18.9701 3
      vertex 83.0941 18.8807 3
    endloop
  endfacet
  facet normal 0.7519 0.659278 0
    outer loop
      vertex 86.7767 17.6307 8
      vertex 86.4749 17.9749 3
      vertex 86.4749 17.9749 8
    endloop
  endfacet
  facet normal 0.7519 0.659278 0
    outer loop
      vertex 86.4749 17.9749 3
      vertex 86.7767 17.6307 8
      vertex 86.7767 17.6307 3
    endloop
  endfacet
  facet normal 0.195234 0.980757 -0
    outer loop
      vertex 84.9059 18.8807 3
      vertex 84.4568 18.9701 8
      vertex 84.9059 18.8807 8
    endloop
  endfacet
  facet normal 0.195234 0.980757 0
    outer loop
      vertex 84.4568 18.9701 8
      vertex 84.9059 18.8807 3
      vertex 84.4568 18.9701 3
    endloop
  endfacet
  facet normal 0.7519 -0.659278 0
    outer loop
      vertex 86.4749 13.0251 8
      vertex 86.7767 13.3693 3
      vertex 86.7767 13.3693 8
    endloop
  endfacet
  facet normal 0.7519 -0.659278 0
    outer loop
      vertex 86.7767 13.3693 3
      vertex 86.4749 13.0251 8
      vertex 86.4749 13.0251 3
    endloop
  endfacet
  facet normal -0.442314 -0.89686 0
    outer loop
      vertex 82.25 12.4689 3
      vertex 82.6606 12.2664 8
      vertex 82.25 12.4689 8
    endloop
  endfacet
  facet normal -0.442314 -0.89686 -0
    outer loop
      vertex 82.6606 12.2664 8
      vertex 82.25 12.4689 3
      vertex 82.6606 12.2664 3
    endloop
  endfacet
  facet normal -0.0653156 0.997865 0
    outer loop
      vertex 84 19 3
      vertex 83.5432 18.9701 8
      vertex 84 19 8
    endloop
  endfacet
  facet normal -0.0653156 0.997865 0
    outer loop
      vertex 83.5432 18.9701 8
      vertex 84 19 3
      vertex 83.5432 18.9701 3
    endloop
  endfacet
  facet normal -0.980757 0.195234 0
    outer loop
      vertex 80.5299 15.9568 3
      vertex 80.6193 16.4059 8
      vertex 80.6193 16.4059 3
    endloop
  endfacet
  facet normal -0.980757 0.195234 0
    outer loop
      vertex 80.6193 16.4059 8
      vertex 80.5299 15.9568 3
      vertex 80.5299 15.9568 8
    endloop
  endfacet
  facet normal 0.0653156 -0.997865 0
    outer loop
      vertex 84 12 3
      vertex 84.4568 12.0299 8
      vertex 84 12 8
    endloop
  endfacet
  facet normal 0.0653156 -0.997865 0
    outer loop
      vertex 84.4568 12.0299 8
      vertex 84 12 3
      vertex 84.4568 12.0299 3
    endloop
  endfacet
  facet normal 0.442314 -0.89686 0
    outer loop
      vertex 85.3394 12.2664 3
      vertex 85.75 12.4689 8
      vertex 85.3394 12.2664 8
    endloop
  endfacet
  facet normal 0.442314 -0.89686 0
    outer loop
      vertex 85.75 12.4689 8
      vertex 85.3394 12.2664 3
      vertex 85.75 12.4689 3
    endloop
  endfacet
  facet normal 0.659278 -0.7519 0
    outer loop
      vertex 86.1307 12.7233 3
      vertex 86.4749 13.0251 8
      vertex 86.1307 12.7233 8
    endloop
  endfacet
  facet normal 0.659278 -0.7519 0
    outer loop
      vertex 86.4749 13.0251 8
      vertex 86.1307 12.7233 3
      vertex 86.4749 13.0251 3
    endloop
  endfacet
  facet normal -0.89686 -0.442314 0
    outer loop
      vertex 80.9689 13.75 3
      vertex 80.7664 14.1606 8
      vertex 80.7664 14.1606 3
    endloop
  endfacet
  facet normal -0.89686 -0.442314 0
    outer loop
      vertex 80.7664 14.1606 8
      vertex 80.9689 13.75 3
      vertex 80.9689 13.75 8
    endloop
  endfacet
  facet normal 0.89686 -0.442314 0
    outer loop
      vertex 87.0311 13.75 8
      vertex 87.2336 14.1606 3
      vertex 87.2336 14.1606 8
    endloop
  endfacet
  facet normal 0.89686 -0.442314 0
    outer loop
      vertex 87.2336 14.1606 3
      vertex 87.0311 13.75 8
      vertex 87.0311 13.75 3
    endloop
  endfacet
  facet normal 0.659278 0.7519 -0
    outer loop
      vertex 86.4749 17.9749 3
      vertex 86.1307 18.2767 8
      vertex 86.4749 17.9749 8
    endloop
  endfacet
  facet normal 0.659278 0.7519 0
    outer loop
      vertex 86.1307 18.2767 8
      vertex 86.4749 17.9749 3
      vertex 86.1307 18.2767 3
    endloop
  endfacet
  facet normal 0.997865 -0.0653156 0
    outer loop
      vertex 87.4701 15.0432 8
      vertex 87.5 15.5 3
      vertex 87.5 15.5 8
    endloop
  endfacet
  facet normal 0.997865 -0.0653156 0
    outer loop
      vertex 87.5 15.5 3
      vertex 87.4701 15.0432 8
      vertex 87.4701 15.0432 3
    endloop
  endfacet
  facet normal -0.555607 -0.831445 0
    outer loop
      vertex 81.8693 12.7233 3
      vertex 82.25 12.4689 8
      vertex 81.8693 12.7233 8
    endloop
  endfacet
  facet normal -0.555607 -0.831445 -0
    outer loop
      vertex 82.25 12.4689 8
      vertex 81.8693 12.7233 3
      vertex 82.25 12.4689 3
    endloop
  endfacet
  facet normal 0.89686 0.442314 0
    outer loop
      vertex 87.2336 16.8394 8
      vertex 87.0311 17.25 3
      vertex 87.0311 17.25 8
    endloop
  endfacet
  facet normal 0.89686 0.442314 0
    outer loop
      vertex 87.0311 17.25 3
      vertex 87.2336 16.8394 8
      vertex 87.2336 16.8394 3
    endloop
  endfacet
  facet normal 0.980757 -0.195234 0
    outer loop
      vertex 87.3807 14.5941 8
      vertex 87.4701 15.0432 3
      vertex 87.4701 15.0432 8
    endloop
  endfacet
  facet normal 0.980757 -0.195234 0
    outer loop
      vertex 87.4701 15.0432 3
      vertex 87.3807 14.5941 8
      vertex 87.3807 14.5941 3
    endloop
  endfacet
  facet normal 0.946966 0.321335 0
    outer loop
      vertex 87.3807 16.4059 8
      vertex 87.2336 16.8394 3
      vertex 87.2336 16.8394 8
    endloop
  endfacet
  facet normal 0.946966 0.321335 0
    outer loop
      vertex 87.2336 16.8394 3
      vertex 87.3807 16.4059 8
      vertex 87.3807 16.4059 3
    endloop
  endfacet
  facet normal -0.980757 -0.195234 0
    outer loop
      vertex 80.6193 14.5941 3
      vertex 80.5299 15.0432 8
      vertex 80.5299 15.0432 3
    endloop
  endfacet
  facet normal -0.980757 -0.195234 0
    outer loop
      vertex 80.5299 15.0432 8
      vertex 80.6193 14.5941 3
      vertex 80.6193 14.5941 8
    endloop
  endfacet
  facet normal -0.7519 -0.659278 0
    outer loop
      vertex 81.5251 13.0251 3
      vertex 81.2233 13.3693 8
      vertex 81.2233 13.3693 3
    endloop
  endfacet
  facet normal -0.7519 -0.659278 0
    outer loop
      vertex 81.2233 13.3693 8
      vertex 81.5251 13.0251 3
      vertex 81.5251 13.0251 8
    endloop
  endfacet
  facet normal 0 0 1
    outer loop
      vertex 85.35 15.5 8
      vertex 87.5 15.5 8
      vertex 87.4701 15.9568 8
    endloop
  endfacet
  facet normal 0 0 1
    outer loop
      vertex 85.3384 15.6762 8
      vertex 87.4701 15.9568 8
      vertex 87.3807 16.4059 8
    endloop
  endfacet
  facet normal 0 0 1
    outer loop
      vertex 87.5 15.5 8
      vertex 85.35 15.5 8
      vertex 87.4701 15.0432 8
    endloop
  endfacet
  facet normal 0 0 1
    outer loop
      vertex 85.304 15.8494 8
      vertex 87.3807 16.4059 8
      vertex 87.2336 16.8394 8
    endloop
  endfacet
  facet normal -0 0 1
    outer loop
      vertex 85.3384 15.3238 8
      vertex 87.4701 15.0432 8
      vertex 85.35 15.5 8
    endloop
  endfacet
  facet normal 0 0 1
    outer loop
      vertex 85.2472 16.0166 8
      vertex 87.2336 16.8394 8
      vertex 87.0311 17.25 8
    endloop
  endfacet
  facet normal 0 0 1
    outer loop
      vertex 87.4701 15.0432 8
      vertex 85.3384 15.3238 8
      vertex 87.3807 14.5941 8
    endloop
  endfacet
  facet normal 0 0 1
    outer loop
      vertex 85.1691 16.175 8
      vertex 87.0311 17.25 8
      vertex 86.7767 17.6307 8
    endloop
  endfacet
  facet normal -0 0 1
    outer loop
      vertex 85.304 15.1506 8
      vertex 87.3807 14.5941 8
      vertex 85.3384 15.3238 8
    endloop
  endfacet
  facet normal 0 0 1
    outer loop
      vertex 85.071 16.3218 8
      vertex 86.7767 17.6307 8
      vertex 86.4749 17.9749 8
    endloop
  endfacet
  facet normal 0 0 1
    outer loop
      vertex 87.3807 14.5941 8
      vertex 85.304 15.1506 8
      vertex 87.2336 14.1606 8
    endloop
  endfacet
  facet normal 0 0 1
    outer loop
      vertex 84.9546 16.4546 8
      vertex 86.4749 17.9749 8
      vertex 86.1307 18.2767 8
    endloop
  endfacet
  facet normal -0 0 1
    outer loop
      vertex 85.2472 14.9834 8
      vertex 87.2336 14.1606 8
      vertex 85.304 15.1506 8
    endloop
  endfacet
  facet normal 0 0 1
    outer loop
      vertex 84.8218 16.571 8
      vertex 86.1307 18.2767 8
      vertex 85.75 18.5311 8
    endloop
  endfacet
  facet normal 0 0 1
    outer loop
      vertex 87.2336 14.1606 8
      vertex 85.2472 14.9834 8
      vertex 87.0311 13.75 8
    endloop
  endfacet
  facet normal -0 0 1
    outer loop
      vertex 85.1691 14.825 8
      vertex 87.0311 13.75 8
      vertex 85.2472 14.9834 8
    endloop
  endfacet
  facet normal 0 0 1
    outer loop
      vertex 84.675 16.6691 8
      vertex 85.75 18.5311 8
      vertex 85.3394 18.7336 8
    endloop
  endfacet
  facet normal 0 0 1
    outer loop
      vertex 87.4701 15.9568 8
      vertex 85.3384 15.6762 8
      vertex 85.35 15.5 8
    endloop
  endfacet
  facet normal 0 0 1
    outer loop
      vertex 87.3807 16.4059 8
      vertex 85.304 15.8494 8
      vertex 85.3384 15.6762 8
    endloop
  endfacet
  facet normal 0 0 1
    outer loop
      vertex 87.2336 16.8394 8
      vertex 85.2472 16.0166 8
      vertex 85.304 15.8494 8
    endloop
  endfacet
  facet normal 0 0 1
    outer loop
      vertex 87.0311 17.25 8
      vertex 85.1691 16.175 8
      vertex 85.2472 16.0166 8
    endloop
  endfacet
  facet normal 0 0 1
    outer loop
      vertex 86.7767 17.6307 8
      vertex 85.071 16.3218 8
      vertex 85.1691 16.175 8
    endloop
  endfacet
  facet normal 0 0 1
    outer loop
      vertex 86.4749 17.9749 8
      vertex 84.9546 16.4546 8
      vertex 85.071 16.3218 8
    endloop
  endfacet
  facet normal 0 0 1
    outer loop
      vertex 84.5166 16.7472 8
      vertex 85.3394 18.7336 8
      vertex 84.9059 18.8807 8
    endloop
  endfacet
  facet normal 0 0 1
    outer loop
      vertex 86.1307 18.2767 8
      vertex 84.8218 16.571 8
      vertex 84.9546 16.4546 8
    endloop
  endfacet
  facet normal 0 0 1
    outer loop
      vertex 85.75 18.5311 8
      vertex 84.675 16.6691 8
      vertex 84.8218 16.571 8
    endloop
  endfacet
  facet normal 0 0 1
    outer loop
      vertex 85.3394 18.7336 8
      vertex 84.5166 16.7472 8
      vertex 84.675 16.6691 8
    endloop
  endfacet
  facet normal 0 0 1
    outer loop
      vertex 84.3494 16.804 8
      vertex 84.9059 18.8807 8
      vertex 84.4568 18.9701 8
    endloop
  endfacet
  facet normal 0 0 1
    outer loop
      vertex 84.9059 18.8807 8
      vertex 84.3494 16.804 8
      vertex 84.5166 16.7472 8
    endloop
  endfacet
  facet normal 0 0 1
    outer loop
      vertex 84.4568 18.9701 8
      vertex 84.1762 16.8385 8
      vertex 84.3494 16.804 8
    endloop
  endfacet
  facet normal 0 0 1
    outer loop
      vertex 84 19 8
      vertex 84.1762 16.8385 8
      vertex 84.4568 18.9701 8
    endloop
  endfacet
  facet normal 0 0 1
    outer loop
      vertex 84 19 8
      vertex 84 16.85 8
      vertex 84.1762 16.8385 8
    endloop
  endfacet
  facet normal 0 0 1
    outer loop
      vertex 84 19 8
      vertex 83.8238 16.8385 8
      vertex 84 16.85 8
    endloop
  endfacet
  facet normal -0 0 1
    outer loop
      vertex 83.5432 18.9701 8
      vertex 83.8238 16.8385 8
      vertex 84 19 8
    endloop
  endfacet
  facet normal 0 0 1
    outer loop
      vertex 83.8238 16.8385 8
      vertex 83.5432 18.9701 8
      vertex 83.6506 16.804 8
    endloop
  endfacet
  facet normal -0 0 1
    outer loop
      vertex 83.0941 18.8807 8
      vertex 83.6506 16.804 8
      vertex 83.5432 18.9701 8
    endloop
  endfacet
  facet normal 0 0 1
    outer loop
      vertex 83.6506 16.804 8
      vertex 83.0941 18.8807 8
      vertex 83.4834 16.7472 8
    endloop
  endfacet
  facet normal -0 0 1
    outer loop
      vertex 82.6606 18.7336 8
      vertex 83.4834 16.7472 8
      vertex 83.0941 18.8807 8
    endloop
  endfacet
  facet normal 0 0 1
    outer loop
      vertex 83.4834 16.7472 8
      vertex 82.6606 18.7336 8
      vertex 83.325 16.6691 8
    endloop
  endfacet
  facet normal -0 0 1
    outer loop
      vertex 82.25 18.5311 8
      vertex 83.325 16.6691 8
      vertex 82.6606 18.7336 8
    endloop
  endfacet
  facet normal 0 0 1
    outer loop
      vertex 83.325 16.6691 8
      vertex 82.25 18.5311 8
      vertex 83.1782 16.571 8
    endloop
  endfacet
  facet normal -0 0 1
    outer loop
      vertex 81.8693 18.2767 8
      vertex 83.1782 16.571 8
      vertex 82.25 18.5311 8
    endloop
  endfacet
  facet normal 0 0 1
    outer loop
      vertex 83.1782 16.571 8
      vertex 81.8693 18.2767 8
      vertex 83.0454 16.4546 8
    endloop
  endfacet
  facet normal -0 0 1
    outer loop
      vertex 81.5251 17.9749 8
      vertex 83.0454 16.4546 8
      vertex 81.8693 18.2767 8
    endloop
  endfacet
  facet normal 0 0 1
    outer loop
      vertex 83.0454 16.4546 8
      vertex 81.5251 17.9749 8
      vertex 82.929 16.3218 8
    endloop
  endfacet
  facet normal -0 0 1
    outer loop
      vertex 81.2233 17.6307 8
      vertex 82.929 16.3218 8
      vertex 81.5251 17.9749 8
    endloop
  endfacet
  facet normal 0 0 1
    outer loop
      vertex 82.929 16.3218 8
      vertex 81.2233 17.6307 8
      vertex 82.8309 16.175 8
    endloop
  endfacet
  facet normal -0 0 1
    outer loop
      vertex 80.9689 17.25 8
      vertex 82.8309 16.175 8
      vertex 81.2233 17.6307 8
    endloop
  endfacet
  facet normal 0 0 1
    outer loop
      vertex 87.0311 13.75 8
      vertex 85.1691 14.825 8
      vertex 86.7767 13.3693 8
    endloop
  endfacet
  facet normal -0 0 1
    outer loop
      vertex 85.071 14.6782 8
      vertex 86.7767 13.3693 8
      vertex 85.1691 14.825 8
    endloop
  endfacet
  facet normal 0 0 1
    outer loop
      vertex 86.7767 13.3693 8
      vertex 85.071 14.6782 8
      vertex 86.4749 13.0251 8
    endloop
  endfacet
  facet normal -0 0 1
    outer loop
      vertex 84.9546 14.5454 8
      vertex 86.4749 13.0251 8
      vertex 85.071 14.6782 8
    endloop
  endfacet
  facet normal 0 0 1
    outer loop
      vertex 86.4749 13.0251 8
      vertex 84.9546 14.5454 8
      vertex 86.1307 12.7233 8
    endloop
  endfacet
  facet normal -0 0 1
    outer loop
      vertex 84.8218 14.429 8
      vertex 86.1307 12.7233 8
      vertex 84.9546 14.5454 8
    endloop
  endfacet
  facet normal 0 0 1
    outer loop
      vertex 86.1307 12.7233 8
      vertex 84.8218 14.429 8
      vertex 85.75 12.4689 8
    endloop
  endfacet
  facet normal -0 0 1
    outer loop
      vertex 84.675 14.3309 8
      vertex 85.75 12.4689 8
      vertex 84.8218 14.429 8
    endloop
  endfacet
  facet normal 0 0 1
    outer loop
      vertex 85.75 12.4689 8
      vertex 84.675 14.3309 8
      vertex 85.3394 12.2664 8
    endloop
  endfacet
  facet normal -0 0 1
    outer loop
      vertex 84.5166 14.2528 8
      vertex 85.3394 12.2664 8
      vertex 84.675 14.3309 8
    endloop
  endfacet
  facet normal 0 0 1
    outer loop
      vertex 85.3394 12.2664 8
      vertex 84.5166 14.2528 8
      vertex 84.9059 12.1193 8
    endloop
  endfacet
  facet normal -0 0 1
    outer loop
      vertex 84.3494 14.196 8
      vertex 84.9059 12.1193 8
      vertex 84.5166 14.2528 8
    endloop
  endfacet
  facet normal 0 0 1
    outer loop
      vertex 84.9059 12.1193 8
      vertex 84.3494 14.196 8
      vertex 84.4568 12.0299 8
    endloop
  endfacet
  facet normal -0 0 1
    outer loop
      vertex 84.1762 14.1615 8
      vertex 84.4568 12.0299 8
      vertex 84.3494 14.196 8
    endloop
  endfacet
  facet normal -0 0 1
    outer loop
      vertex 84 14.15 8
      vertex 84.4568 12.0299 8
      vertex 84.1762 14.1615 8
    endloop
  endfacet
  facet normal 0 0 1
    outer loop
      vertex 84 14.15 8
      vertex 84 12 8
      vertex 84.4568 12.0299 8
    endloop
  endfacet
  facet normal 0 0 1
    outer loop
      vertex 83.8238 14.1615 8
      vertex 84 12 8
      vertex 84 14.15 8
    endloop
  endfacet
  facet normal 0 0 1
    outer loop
      vertex 83.5432 12.0299 8
      vertex 83.8238 14.1615 8
      vertex 83.6506 14.196 8
    endloop
  endfacet
  facet normal 0 0 1
    outer loop
      vertex 83.8238 14.1615 8
      vertex 83.5432 12.0299 8
      vertex 84 12 8
    endloop
  endfacet
  facet normal 0 0 1
    outer loop
      vertex 83.0941 12.1193 8
      vertex 83.6506 14.196 8
      vertex 83.4834 14.2528 8
    endloop
  endfacet
  facet normal 0 0 1
    outer loop
      vertex 82.6606 12.2664 8
      vertex 83.4834 14.2528 8
      vertex 83.325 14.3309 8
    endloop
  endfacet
  facet normal 0 0 1
    outer loop
      vertex 82.25 12.4689 8
      vertex 83.325 14.3309 8
      vertex 83.1782 14.429 8
    endloop
  endfacet
  facet normal 0 0 1
    outer loop
      vertex 83.6506 14.196 8
      vertex 83.0941 12.1193 8
      vertex 83.5432 12.0299 8
    endloop
  endfacet
  facet normal 0 0 1
    outer loop
      vertex 81.8693 12.7233 8
      vertex 83.1782 14.429 8
      vertex 83.0454 14.5454 8
    endloop
  endfacet
  facet normal 0 0 1
    outer loop
      vertex 81.5251 13.0251 8
      vertex 83.0454 14.5454 8
      vertex 82.929 14.6782 8
    endloop
  endfacet
  facet normal 0 0 1
    outer loop
      vertex 81.2233 13.3693 8
      vertex 82.929 14.6782 8
      vertex 82.8309 14.825 8
    endloop
  endfacet
  facet normal 0 0 1
    outer loop
      vertex 80.9689 13.75 8
      vertex 82.8309 14.825 8
      vertex 82.7528 14.9834 8
    endloop
  endfacet
  facet normal 0 0 1
    outer loop
      vertex 80.7664 14.1606 8
      vertex 82.7528 14.9834 8
      vertex 82.696 15.1506 8
    endloop
  endfacet
  facet normal 0 0 1
    outer loop
      vertex 80.6193 14.5941 8
      vertex 82.696 15.1506 8
      vertex 82.6616 15.3238 8
    endloop
  endfacet
  facet normal 0 0 1
    outer loop
      vertex 83.4834 14.2528 8
      vertex 82.6606 12.2664 8
      vertex 83.0941 12.1193 8
    endloop
  endfacet
  facet normal 0 0 1
    outer loop
      vertex 80.5299 15.0432 8
      vertex 82.6616 15.3238 8
      vertex 82.65 15.5 8
    endloop
  endfacet
  facet normal 0 0 1
    outer loop
      vertex 82.8309 16.175 8
      vertex 80.9689 17.25 8
      vertex 82.7528 16.0166 8
    endloop
  endfacet
  facet normal 0 0 1
    outer loop
      vertex 83.325 14.3309 8
      vertex 82.25 12.4689 8
      vertex 82.6606 12.2664 8
    endloop
  endfacet
  facet normal -0 0 1
    outer loop
      vertex 80.7664 16.8394 8
      vertex 82.7528 16.0166 8
      vertex 80.9689 17.25 8
    endloop
  endfacet
  facet normal 0 0 1
    outer loop
      vertex 83.1782 14.429 8
      vertex 81.8693 12.7233 8
      vertex 82.25 12.4689 8
    endloop
  endfacet
  facet normal 0 0 1
    outer loop
      vertex 82.7528 16.0166 8
      vertex 80.7664 16.8394 8
      vertex 82.696 15.8494 8
    endloop
  endfacet
  facet normal 0 0 1
    outer loop
      vertex 83.0454 14.5454 8
      vertex 81.5251 13.0251 8
      vertex 81.8693 12.7233 8
    endloop
  endfacet
  facet normal -0 0 1
    outer loop
      vertex 80.6193 16.4059 8
      vertex 82.696 15.8494 8
      vertex 80.7664 16.8394 8
    endloop
  endfacet
  facet normal 0 0 1
    outer loop
      vertex 82.929 14.6782 8
      vertex 81.2233 13.3693 8
      vertex 81.5251 13.0251 8
    endloop
  endfacet
  facet normal 0 0 1
    outer loop
      vertex 82.696 15.8494 8
      vertex 80.6193 16.4059 8
      vertex 82.6616 15.6762 8
    endloop
  endfacet
  facet normal 0 0 1
    outer loop
      vertex 82.8309 14.825 8
      vertex 80.9689 13.75 8
      vertex 81.2233 13.3693 8
    endloop
  endfacet
  facet normal -0 0 1
    outer loop
      vertex 80.5299 15.9568 8
      vertex 82.6616 15.6762 8
      vertex 80.6193 16.4059 8
    endloop
  endfacet
  facet normal 0 0 1
    outer loop
      vertex 82.7528 14.9834 8
      vertex 80.7664 14.1606 8
      vertex 80.9689 13.75 8
    endloop
  endfacet
  facet normal 0 0 1
    outer loop
      vertex 82.6616 15.6762 8
      vertex 80.5299 15.9568 8
      vertex 82.65 15.5 8
    endloop
  endfacet
  facet normal 0 0 1
    outer loop
      vertex 82.696 15.1506 8
      vertex 80.6193 14.5941 8
      vertex 80.7664 14.1606 8
    endloop
  endfacet
  facet normal 0 0 1
    outer loop
      vertex 80.5 15.5 8
      vertex 82.65 15.5 8
      vertex 80.5299 15.9568 8
    endloop
  endfacet
  facet normal 0 0 1
    outer loop
      vertex 82.6616 15.3238 8
      vertex 80.5299 15.0432 8
      vertex 80.6193 14.5941 8
    endloop
  endfacet
  facet normal 0 0 1
    outer loop
      vertex 82.65 15.5 8
      vertex 80.5 15.5 8
      vertex 80.5299 15.0432 8
    endloop
  endfacet
  facet normal -0.195234 -0.980757 0
    outer loop
      vertex 83.0941 12.1193 3
      vertex 83.5432 12.0299 8
      vertex 83.0941 12.1193 8
    endloop
  endfacet
  facet normal -0.195234 -0.980757 -0
    outer loop
      vertex 83.5432 12.0299 8
      vertex 83.0941 12.1193 3
      vertex 83.5432 12.0299 3
    endloop
  endfacet
  facet normal -0.831445 0.555607 0
    outer loop
      vertex 80.9689 17.25 3
      vertex 81.2233 17.6307 8
      vertex 81.2233 17.6307 3
    endloop
  endfacet
  facet normal -0.831445 0.555607 0
    outer loop
      vertex 81.2233 17.6307 8
      vertex 80.9689 17.25 3
      vertex 80.9689 17.25 8
    endloop
  endfacet
  facet normal -0.0653156 -0.997865 0
    outer loop
      vertex 83.5432 12.0299 3
      vertex 84 12 8
      vertex 83.5432 12.0299 8
    endloop
  endfacet
  facet normal -0.0653156 -0.997865 -0
    outer loop
      vertex 84 12 8
      vertex 83.5432 12.0299 3
      vertex 84 12 3
    endloop
  endfacet
  facet normal -0.195354 -0.980733 0
    outer loop
      vertex 84.1762 16.8385 3
      vertex 84.3494 16.804 8
      vertex 84.1762 16.8385 8
    endloop
  endfacet
  facet normal -0.195354 -0.980733 -0
    outer loop
      vertex 84.3494 16.804 8
      vertex 84.1762 16.8385 3
      vertex 84.3494 16.804 3
    endloop
  endfacet
  facet normal -0.980841 -0.194809 0
    outer loop
      vertex 85.3384 15.6762 3
      vertex 85.304 15.8494 8
      vertex 85.304 15.8494 3
    endloop
  endfacet
  facet normal -0.980841 -0.194809 0
    outer loop
      vertex 85.304 15.8494 8
      vertex 85.3384 15.6762 3
      vertex 85.3384 15.6762 8
    endloop
  endfacet
  facet normal -0.99784 -0.0656921 0
    outer loop
      vertex 85.35 15.5 3
      vertex 85.3384 15.6762 8
      vertex 85.3384 15.6762 3
    endloop
  endfacet
  facet normal -0.99784 -0.0656921 0
    outer loop
      vertex 85.3384 15.6762 8
      vertex 85.35 15.5 3
      vertex 85.35 15.5 8
    endloop
  endfacet
  facet normal -0.946856 -0.321659 0
    outer loop
      vertex 85.304 15.8494 3
      vertex 85.2472 16.0166 8
      vertex 85.2472 16.0166 3
    endloop
  endfacet
  facet normal -0.946856 -0.321659 0
    outer loop
      vertex 85.2472 16.0166 8
      vertex 85.304 15.8494 3
      vertex 85.304 15.8494 8
    endloop
  endfacet
  facet normal -0.83144 -0.555615 0
    outer loop
      vertex 85.1691 16.175 3
      vertex 85.071 16.3218 8
      vertex 85.071 16.3218 3
    endloop
  endfacet
  facet normal -0.83144 -0.555615 0
    outer loop
      vertex 85.071 16.3218 8
      vertex 85.1691 16.175 3
      vertex 85.1691 16.175 8
    endloop
  endfacet
  facet normal -0.321659 -0.946856 0
    outer loop
      vertex 84.3494 16.804 3
      vertex 84.5166 16.7472 8
      vertex 84.3494 16.804 8
    endloop
  endfacet
  facet normal -0.321659 -0.946856 -0
    outer loop
      vertex 84.5166 16.7472 8
      vertex 84.3494 16.804 3
      vertex 84.5166 16.7472 3
    endloop
  endfacet
  facet normal 0.980841 0.194809 0
    outer loop
      vertex 82.696 15.1506 8
      vertex 82.6616 15.3238 3
      vertex 82.6616 15.3238 8
    endloop
  endfacet
  facet normal 0.980841 0.194809 0
    outer loop
      vertex 82.6616 15.3238 3
      vertex 82.696 15.1506 8
      vertex 82.696 15.1506 3
    endloop
  endfacet
  facet normal -0.99784 0.0656921 0
    outer loop
      vertex 85.3384 15.3238 3
      vertex 85.35 15.5 8
      vertex 85.35 15.5 3
    endloop
  endfacet
  facet normal -0.99784 0.0656921 0
    outer loop
      vertex 85.35 15.5 8
      vertex 85.3384 15.3238 3
      vertex 85.3384 15.3238 8
    endloop
  endfacet
  facet normal 0.99784 0.0656921 0
    outer loop
      vertex 82.6616 15.3238 8
      vertex 82.65 15.5 3
      vertex 82.65 15.5 8
    endloop
  endfacet
  facet normal 0.99784 0.0656921 0
    outer loop
      vertex 82.65 15.5 3
      vertex 82.6616 15.3238 8
      vertex 82.6616 15.3238 3
    endloop
  endfacet
  facet normal 0.321659 0.946856 -0
    outer loop
      vertex 83.6506 14.196 3
      vertex 83.4834 14.2528 8
      vertex 83.6506 14.196 8
    endloop
  endfacet
  facet normal 0.321659 0.946856 0
    outer loop
      vertex 83.4834 14.2528 8
      vertex 83.6506 14.196 3
      vertex 83.4834 14.2528 3
    endloop
  endfacet
  facet normal -0.896905 -0.442224 0
    outer loop
      vertex 85.2472 16.0166 3
      vertex 85.1691 16.175 8
      vertex 85.1691 16.175 3
    endloop
  endfacet
  facet normal -0.896905 -0.442224 0
    outer loop
      vertex 85.1691 16.175 8
      vertex 85.2472 16.0166 3
      vertex 85.2472 16.0166 8
    endloop
  endfacet
  facet normal -0.752015 -0.659146 0
    outer loop
      vertex 85.071 16.3218 3
      vertex 84.9546 16.4546 8
      vertex 84.9546 16.4546 3
    endloop
  endfacet
  facet normal -0.752015 -0.659146 0
    outer loop
      vertex 84.9546 16.4546 8
      vertex 85.071 16.3218 3
      vertex 85.071 16.3218 8
    endloop
  endfacet
  facet normal -0.946856 0.321659 0
    outer loop
      vertex 85.2472 14.9834 3
      vertex 85.304 15.1506 8
      vertex 85.304 15.1506 3
    endloop
  endfacet
  facet normal -0.946856 0.321659 0
    outer loop
      vertex 85.304 15.1506 8
      vertex 85.2472 14.9834 3
      vertex 85.2472 14.9834 8
    endloop
  endfacet
  facet normal 0.752015 0.659146 0
    outer loop
      vertex 83.0454 14.5454 8
      vertex 82.929 14.6782 3
      vertex 82.929 14.6782 8
    endloop
  endfacet
  facet normal 0.752015 0.659146 0
    outer loop
      vertex 82.929 14.6782 3
      vertex 83.0454 14.5454 8
      vertex 83.0454 14.5454 3
    endloop
  endfacet
  facet normal -0.980841 0.194809 0
    outer loop
      vertex 85.304 15.1506 3
      vertex 85.3384 15.3238 8
      vertex 85.3384 15.3238 3
    endloop
  endfacet
  facet normal -0.980841 0.194809 0
    outer loop
      vertex 85.3384 15.3238 8
      vertex 85.304 15.1506 3
      vertex 85.304 15.1506 8
    endloop
  endfacet
  facet normal -0.0651282 0.997877 0
    outer loop
      vertex 84.1762 14.1615 3
      vertex 84 14.15 8
      vertex 84.1762 14.1615 8
    endloop
  endfacet
  facet normal -0.0651282 0.997877 0
    outer loop
      vertex 84 14.15 8
      vertex 84.1762 14.1615 3
      vertex 84 14.15 3
    endloop
  endfacet
  facet normal 0.946856 0.321659 0
    outer loop
      vertex 82.7528 14.9834 8
      vertex 82.696 15.1506 3
      vertex 82.696 15.1506 8
    endloop
  endfacet
  facet normal 0.946856 0.321659 0
    outer loop
      vertex 82.696 15.1506 3
      vertex 82.7528 14.9834 8
      vertex 82.7528 14.9834 3
    endloop
  endfacet
  facet normal -0.83144 0.555615 0
    outer loop
      vertex 85.071 14.6782 3
      vertex 85.1691 14.825 8
      vertex 85.1691 14.825 3
    endloop
  endfacet
  facet normal -0.83144 0.555615 0
    outer loop
      vertex 85.1691 14.825 8
      vertex 85.071 14.6782 3
      vertex 85.071 14.6782 8
    endloop
  endfacet
  facet normal -0.442224 -0.896905 0
    outer loop
      vertex 84.5166 16.7472 3
      vertex 84.675 16.6691 8
      vertex 84.5166 16.7472 8
    endloop
  endfacet
  facet normal -0.442224 -0.896905 -0
    outer loop
      vertex 84.675 16.6691 8
      vertex 84.5166 16.7472 3
      vertex 84.675 16.6691 3
    endloop
  endfacet
  facet normal 0.442224 -0.896905 0
    outer loop
      vertex 83.325 16.6691 3
      vertex 83.4834 16.7472 8
      vertex 83.325 16.6691 8
    endloop
  endfacet
  facet normal 0.442224 -0.896905 0
    outer loop
      vertex 83.4834 16.7472 8
      vertex 83.325 16.6691 3
      vertex 83.4834 16.7472 3
    endloop
  endfacet
  facet normal -0.442224 0.896905 0
    outer loop
      vertex 84.675 14.3309 3
      vertex 84.5166 14.2528 8
      vertex 84.675 14.3309 8
    endloop
  endfacet
  facet normal -0.442224 0.896905 0
    outer loop
      vertex 84.5166 14.2528 8
      vertex 84.675 14.3309 3
      vertex 84.5166 14.2528 3
    endloop
  endfacet
  facet normal -0.321659 0.946856 0
    outer loop
      vertex 84.5166 14.2528 3
      vertex 84.3494 14.196 8
      vertex 84.5166 14.2528 8
    endloop
  endfacet
  facet normal -0.321659 0.946856 0
    outer loop
      vertex 84.3494 14.196 8
      vertex 84.5166 14.2528 3
      vertex 84.3494 14.196 3
    endloop
  endfacet
  facet normal 0.195354 0.980733 -0
    outer loop
      vertex 83.8238 14.1615 3
      vertex 83.6506 14.196 8
      vertex 83.8238 14.1615 8
    endloop
  endfacet
  facet normal 0.195354 0.980733 0
    outer loop
      vertex 83.6506 14.196 8
      vertex 83.8238 14.1615 3
      vertex 83.6506 14.196 3
    endloop
  endfacet
  facet normal 0.946856 -0.321659 0
    outer loop
      vertex 82.696 15.8494 8
      vertex 82.7528 16.0166 3
      vertex 82.7528 16.0166 8
    endloop
  endfacet
  facet normal 0.946856 -0.321659 0
    outer loop
      vertex 82.7528 16.0166 3
      vertex 82.696 15.8494 8
      vertex 82.696 15.8494 3
    endloop
  endfacet
  facet normal 0.195354 -0.980733 0
    outer loop
      vertex 83.6506 16.804 3
      vertex 83.8238 16.8385 8
      vertex 83.6506 16.804 8
    endloop
  endfacet
  facet normal 0.195354 -0.980733 0
    outer loop
      vertex 83.8238 16.8385 8
      vertex 83.6506 16.804 3
      vertex 83.8238 16.8385 3
    endloop
  endfacet
  facet normal 0.555615 -0.83144 0
    outer loop
      vertex 83.1782 16.571 3
      vertex 83.325 16.6691 8
      vertex 83.1782 16.571 8
    endloop
  endfacet
  facet normal 0.555615 -0.83144 0
    outer loop
      vertex 83.325 16.6691 8
      vertex 83.1782 16.571 3
      vertex 83.325 16.6691 3
    endloop
  endfacet
  facet normal -0.555615 0.83144 0
    outer loop
      vertex 84.8218 14.429 3
      vertex 84.675 14.3309 8
      vertex 84.8218 14.429 8
    endloop
  endfacet
  facet normal -0.555615 0.83144 0
    outer loop
      vertex 84.675 14.3309 8
      vertex 84.8218 14.429 3
      vertex 84.675 14.3309 3
    endloop
  endfacet
  facet normal -0.195354 0.980733 0
    outer loop
      vertex 84.3494 14.196 3
      vertex 84.1762 14.1615 8
      vertex 84.3494 14.196 8
    endloop
  endfacet
  facet normal -0.195354 0.980733 0
    outer loop
      vertex 84.1762 14.1615 8
      vertex 84.3494 14.196 3
      vertex 84.1762 14.1615 3
    endloop
  endfacet
  facet normal 0.896905 -0.442224 0
    outer loop
      vertex 82.7528 16.0166 8
      vertex 82.8309 16.175 3
      vertex 82.8309 16.175 8
    endloop
  endfacet
  facet normal 0.896905 -0.442224 0
    outer loop
      vertex 82.8309 16.175 3
      vertex 82.7528 16.0166 8
      vertex 82.7528 16.0166 3
    endloop
  endfacet
  facet normal 0.83144 -0.555615 0
    outer loop
      vertex 82.8309 16.175 8
      vertex 82.929 16.3218 3
      vertex 82.929 16.3218 8
    endloop
  endfacet
  facet normal 0.83144 -0.555615 0
    outer loop
      vertex 82.929 16.3218 3
      vertex 82.8309 16.175 8
      vertex 82.8309 16.175 3
    endloop
  endfacet
  facet normal 0.0651282 0.997877 -0
    outer loop
      vertex 84 14.15 3
      vertex 83.8238 14.1615 8
      vertex 84 14.15 8
    endloop
  endfacet
  facet normal 0.0651282 0.997877 0
    outer loop
      vertex 83.8238 14.1615 8
      vertex 84 14.15 3
      vertex 83.8238 14.1615 3
    endloop
  endfacet
  facet normal 0.0651282 -0.997877 0
    outer loop
      vertex 83.8238 16.8385 3
      vertex 84 16.85 8
      vertex 83.8238 16.8385 8
    endloop
  endfacet
  facet normal 0.0651282 -0.997877 0
    outer loop
      vertex 84 16.85 8
      vertex 83.8238 16.8385 3
      vertex 84 16.85 3
    endloop
  endfacet
  facet normal 0.659146 -0.752015 0
    outer loop
      vertex 83.0454 16.4546 3
      vertex 83.1782 16.571 8
      vertex 83.0454 16.4546 8
    endloop
  endfacet
  facet normal 0.659146 -0.752015 0
    outer loop
      vertex 83.1782 16.571 8
      vertex 83.0454 16.4546 3
      vertex 83.1782 16.571 3
    endloop
  endfacet
  facet normal 0.659146 0.752015 -0
    outer loop
      vertex 83.1782 14.429 3
      vertex 83.0454 14.5454 8
      vertex 83.1782 14.429 8
    endloop
  endfacet
  facet normal 0.659146 0.752015 0
    outer loop
      vertex 83.0454 14.5454 8
      vertex 83.1782 14.429 3
      vertex 83.0454 14.5454 3
    endloop
  endfacet
  facet normal 0.752015 -0.659146 0
    outer loop
      vertex 82.929 16.3218 8
      vertex 83.0454 16.4546 3
      vertex 83.0454 16.4546 8
    endloop
  endfacet
  facet normal 0.752015 -0.659146 0
    outer loop
      vertex 83.0454 16.4546 3
      vertex 82.929 16.3218 8
      vertex 82.929 16.3218 3
    endloop
  endfacet
  facet normal -0.752015 0.659146 0
    outer loop
      vertex 84.9546 14.5454 3
      vertex 85.071 14.6782 8
      vertex 85.071 14.6782 3
    endloop
  endfacet
  facet normal -0.752015 0.659146 0
    outer loop
      vertex 85.071 14.6782 8
      vertex 84.9546 14.5454 3
      vertex 84.9546 14.5454 8
    endloop
  endfacet
  facet normal -0.896905 0.442224 0
    outer loop
      vertex 85.1691 14.825 3
      vertex 85.2472 14.9834 8
      vertex 85.2472 14.9834 3
    endloop
  endfacet
  facet normal -0.896905 0.442224 0
    outer loop
      vertex 85.2472 14.9834 8
      vertex 85.1691 14.825 3
      vertex 85.1691 14.825 8
    endloop
  endfacet
  facet normal 0.555615 0.83144 -0
    outer loop
      vertex 83.325 14.3309 3
      vertex 83.1782 14.429 8
      vertex 83.325 14.3309 8
    endloop
  endfacet
  facet normal 0.555615 0.83144 0
    outer loop
      vertex 83.1782 14.429 8
      vertex 83.325 14.3309 3
      vertex 83.1782 14.429 3
    endloop
  endfacet
  facet normal 0.980841 -0.194809 0
    outer loop
      vertex 82.6616 15.6762 8
      vertex 82.696 15.8494 3
      vertex 82.696 15.8494 8
    endloop
  endfacet
  facet normal 0.980841 -0.194809 0
    outer loop
      vertex 82.696 15.8494 3
      vertex 82.6616 15.6762 8
      vertex 82.6616 15.6762 3
    endloop
  endfacet
  facet normal -0.0651282 -0.997877 0
    outer loop
      vertex 84 16.85 3
      vertex 84.1762 16.8385 8
      vertex 84 16.85 8
    endloop
  endfacet
  facet normal -0.0651282 -0.997877 -0
    outer loop
      vertex 84.1762 16.8385 8
      vertex 84 16.85 3
      vertex 84.1762 16.8385 3
    endloop
  endfacet
  facet normal -0.555615 -0.83144 0
    outer loop
      vertex 84.675 16.6691 3
      vertex 84.8218 16.571 8
      vertex 84.675 16.6691 8
    endloop
  endfacet
  facet normal -0.555615 -0.83144 -0
    outer loop
      vertex 84.8218 16.571 8
      vertex 84.675 16.6691 3
      vertex 84.8218 16.571 3
    endloop
  endfacet
  facet normal 0.321659 -0.946856 0
    outer loop
      vertex 83.4834 16.7472 3
      vertex 83.6506 16.804 8
      vertex 83.4834 16.7472 8
    endloop
  endfacet
  facet normal 0.321659 -0.946856 0
    outer loop
      vertex 83.6506 16.804 8
      vertex 83.4834 16.7472 3
      vertex 83.6506 16.804 3
    endloop
  endfacet
  facet normal 0.99784 -0.0656921 0
    outer loop
      vertex 82.65 15.5 8
      vertex 82.6616 15.6762 3
      vertex 82.6616 15.6762 8
    endloop
  endfacet
  facet normal 0.99784 -0.0656921 0
    outer loop
      vertex 82.6616 15.6762 3
      vertex 82.65 15.5 8
      vertex 82.65 15.5 3
    endloop
  endfacet
  facet normal -0.659146 -0.752015 0
    outer loop
      vertex 84.8218 16.571 3
      vertex 84.9546 16.4546 8
      vertex 84.8218 16.571 8
    endloop
  endfacet
  facet normal -0.659146 -0.752015 -0
    outer loop
      vertex 84.9546 16.4546 8
      vertex 84.8218 16.571 3
      vertex 84.9546 16.4546 3
    endloop
  endfacet
  facet normal 0.896905 0.442224 0
    outer loop
      vertex 82.8309 14.825 8
      vertex 82.7528 14.9834 3
      vertex 82.7528 14.9834 8
    endloop
  endfacet
  facet normal 0.896905 0.442224 0
    outer loop
      vertex 82.7528 14.9834 3
      vertex 82.8309 14.825 8
      vertex 82.8309 14.825 3
    endloop
  endfacet
  facet normal 0.442224 0.896905 -0
    outer loop
      vertex 83.4834 14.2528 3
      vertex 83.325 14.3309 8
      vertex 83.4834 14.2528 8
    endloop
  endfacet
  facet normal 0.442224 0.896905 0
    outer loop
      vertex 83.325 14.3309 8
      vertex 83.4834 14.2528 3
      vertex 83.325 14.3309 3
    endloop
  endfacet
  facet normal -0.659146 0.752015 0
    outer loop
      vertex 84.9546 14.5454 3
      vertex 84.8218 14.429 8
      vertex 84.9546 14.5454 8
    endloop
  endfacet
  facet normal -0.659146 0.752015 0
    outer loop
      vertex 84.8218 14.429 8
      vertex 84.9546 14.5454 3
      vertex 84.8218 14.429 3
    endloop
  endfacet
  facet normal 0.83144 0.555615 0
    outer loop
      vertex 82.929 14.6782 8
      vertex 82.8309 14.825 3
      vertex 82.8309 14.825 8
    endloop
  endfacet
  facet normal 0.83144 0.555615 0
    outer loop
      vertex 82.8309 14.825 3
      vertex 82.929 14.6782 8
      vertex 82.929 14.6782 3
    endloop
  endfacet
  facet normal 0.980757 0.195234 0
    outer loop
      vertex 87.4701 52.9568 8
      vertex 87.3807 53.4059 3
      vertex 87.3807 53.4059 8
    endloop
  endfacet
  facet normal 0.980757 0.195234 0
    outer loop
      vertex 87.3807 53.4059 3
      vertex 87.4701 52.9568 8
      vertex 87.4701 52.9568 3
    endloop
  endfacet
  facet normal 0.997865 0.0653156 0
    outer loop
      vertex 87.5 52.5 8
      vertex 87.4701 52.9568 3
      vertex 87.4701 52.9568 8
    endloop
  endfacet
  facet normal 0.997865 0.0653156 0
    outer loop
      vertex 87.4701 52.9568 3
      vertex 87.5 52.5 8
      vertex 87.5 52.5 3
    endloop
  endfacet
  facet normal 0.321335 -0.946966 0
    outer loop
      vertex 84.9059 49.1193 3
      vertex 85.3394 49.2664 8
      vertex 84.9059 49.1193 8
    endloop
  endfacet
  facet normal 0.321335 -0.946966 0
    outer loop
      vertex 85.3394 49.2664 8
      vertex 84.9059 49.1193 3
      vertex 85.3394 49.2664 3
    endloop
  endfacet
  facet normal 0.831445 0.555607 0
    outer loop
      vertex 87.0311 54.25 8
      vertex 86.7767 54.6307 3
      vertex 86.7767 54.6307 8
    endloop
  endfacet
  facet normal 0.831445 0.555607 0
    outer loop
      vertex 86.7767 54.6307 3
      vertex 87.0311 54.25 8
      vertex 87.0311 54.25 3
    endloop
  endfacet
  facet normal -0.89686 0.442314 0
    outer loop
      vertex 80.7664 53.8394 3
      vertex 80.9689 54.25 8
      vertex 80.9689 54.25 3
    endloop
  endfacet
  facet normal -0.89686 0.442314 0
    outer loop
      vertex 80.9689 54.25 8
      vertex 80.7664 53.8394 3
      vertex 80.7664 53.8394 8
    endloop
  endfacet
  facet normal -0.555607 0.831445 0
    outer loop
      vertex 82.25 55.5311 3
      vertex 81.8693 55.2767 8
      vertex 82.25 55.5311 8
    endloop
  endfacet
  facet normal -0.555607 0.831445 0
    outer loop
      vertex 81.8693 55.2767 8
      vertex 82.25 55.5311 3
      vertex 81.8693 55.2767 3
    endloop
  endfacet
  facet normal -0.659278 0.7519 0
    outer loop
      vertex 81.8693 55.2767 3
      vertex 81.5251 54.9749 8
      vertex 81.8693 55.2767 8
    endloop
  endfacet
  facet normal -0.659278 0.7519 0
    outer loop
      vertex 81.5251 54.9749 8
      vertex 81.8693 55.2767 3
      vertex 81.5251 54.9749 3
    endloop
  endfacet
  facet normal -0.7519 0.659278 0
    outer loop
      vertex 81.2233 54.6307 3
      vertex 81.5251 54.9749 8
      vertex 81.5251 54.9749 3
    endloop
  endfacet
  facet normal -0.7519 0.659278 0
    outer loop
      vertex 81.5251 54.9749 8
      vertex 81.2233 54.6307 3
      vertex 81.2233 54.6307 8
    endloop
  endfacet
  facet normal 0.946966 -0.321335 0
    outer loop
      vertex 87.2336 51.1606 8
      vertex 87.3807 51.5941 3
      vertex 87.3807 51.5941 8
    endloop
  endfacet
  facet normal 0.946966 -0.321335 0
    outer loop
      vertex 87.3807 51.5941 3
      vertex 87.2336 51.1606 8
      vertex 87.2336 51.1606 3
    endloop
  endfacet
  facet normal -0.997865 0.0653156 0
    outer loop
      vertex 80.5 52.5 3
      vertex 80.5299 52.9568 8
      vertex 80.5299 52.9568 3
    endloop
  endfacet
  facet normal -0.997865 0.0653156 0
    outer loop
      vertex 80.5299 52.9568 8
      vertex 80.5 52.5 3
      vertex 80.5 52.5 8
    endloop
  endfacet
  facet normal 0.555607 0.831445 -0
    outer loop
      vertex 86.1307 55.2767 3
      vertex 85.75 55.5311 8
      vertex 86.1307 55.2767 8
    endloop
  endfacet
  facet normal 0.555607 0.831445 0
    outer loop
      vertex 85.75 55.5311 8
      vertex 86.1307 55.2767 3
      vertex 85.75 55.5311 3
    endloop
  endfacet
  facet normal -0.321335 -0.946966 0
    outer loop
      vertex 82.6606 49.2664 3
      vertex 83.0941 49.1193 8
      vertex 82.6606 49.2664 8
    endloop
  endfacet
  facet normal -0.321335 -0.946966 -0
    outer loop
      vertex 83.0941 49.1193 8
      vertex 82.6606 49.2664 3
      vertex 83.0941 49.1193 3
    endloop
  endfacet
  facet normal 0.195234 -0.980757 0
    outer loop
      vertex 84.4568 49.0299 3
      vertex 84.9059 49.1193 8
      vertex 84.4568 49.0299 8
    endloop
  endfacet
  facet normal 0.195234 -0.980757 0
    outer loop
      vertex 84.9059 49.1193 8
      vertex 84.4568 49.0299 3
      vertex 84.9059 49.1193 3
    endloop
  endfacet
  facet normal -0.321335 0.946966 0
    outer loop
      vertex 83.0941 55.8807 3
      vertex 82.6606 55.7336 8
      vertex 83.0941 55.8807 8
    endloop
  endfacet
  facet normal -0.321335 0.946966 0
    outer loop
      vertex 82.6606 55.7336 8
      vertex 83.0941 55.8807 3
      vertex 82.6606 55.7336 3
    endloop
  endfacet
  facet normal -0.831445 -0.555607 0
    outer loop
      vertex 81.2233 50.3693 3
      vertex 80.9689 50.75 8
      vertex 80.9689 50.75 3
    endloop
  endfacet
  facet normal -0.831445 -0.555607 0
    outer loop
      vertex 80.9689 50.75 8
      vertex 81.2233 50.3693 3
      vertex 81.2233 50.3693 8
    endloop
  endfacet
  facet normal 0.555607 -0.831445 0
    outer loop
      vertex 85.75 49.4689 3
      vertex 86.1307 49.7233 8
      vertex 85.75 49.4689 8
    endloop
  endfacet
  facet normal 0.555607 -0.831445 0
    outer loop
      vertex 86.1307 49.7233 8
      vertex 85.75 49.4689 3
      vertex 86.1307 49.7233 3
    endloop
  endfacet
  facet normal -0.946966 0.321335 0
    outer loop
      vertex 80.6193 53.4059 3
      vertex 80.7664 53.8394 8
      vertex 80.7664 53.8394 3
    endloop
  endfacet
  facet normal -0.946966 0.321335 0
    outer loop
      vertex 80.7664 53.8394 8
      vertex 80.6193 53.4059 3
      vertex 80.6193 53.4059 8
    endloop
  endfacet
  facet normal 0.321335 0.946966 -0
    outer loop
      vertex 85.3394 55.7336 3
      vertex 84.9059 55.8807 8
      vertex 85.3394 55.7336 8
    endloop
  endfacet
  facet normal 0.321335 0.946966 0
    outer loop
      vertex 84.9059 55.8807 8
      vertex 85.3394 55.7336 3
      vertex 84.9059 55.8807 3
    endloop
  endfacet
  facet normal 0.0653156 0.997865 -0
    outer loop
      vertex 84.4568 55.9701 3
      vertex 84 56 8
      vertex 84.4568 55.9701 8
    endloop
  endfacet
  facet normal 0.0653156 0.997865 0
    outer loop
      vertex 84 56 8
      vertex 84.4568 55.9701 3
      vertex 84 56 3
    endloop
  endfacet
  facet normal -0.442314 0.89686 0
    outer loop
      vertex 82.6606 55.7336 3
      vertex 82.25 55.5311 8
      vertex 82.6606 55.7336 8
    endloop
  endfacet
  facet normal -0.442314 0.89686 0
    outer loop
      vertex 82.25 55.5311 8
      vertex 82.6606 55.7336 3
      vertex 82.25 55.5311 3
    endloop
  endfacet
  facet normal 0.831445 -0.555607 0
    outer loop
      vertex 86.7767 50.3693 8
      vertex 87.0311 50.75 3
      vertex 87.0311 50.75 8
    endloop
  endfacet
  facet normal 0.831445 -0.555607 0
    outer loop
      vertex 87.0311 50.75 3
      vertex 86.7767 50.3693 8
      vertex 86.7767 50.3693 3
    endloop
  endfacet
  facet normal -0.997865 -0.0653156 0
    outer loop
      vertex 80.5299 52.0432 3
      vertex 80.5 52.5 8
      vertex 80.5 52.5 3
    endloop
  endfacet
  facet normal -0.997865 -0.0653156 0
    outer loop
      vertex 80.5 52.5 8
      vertex 80.5299 52.0432 3
      vertex 80.5299 52.0432 8
    endloop
  endfacet
  facet normal -0.946966 -0.321335 0
    outer loop
      vertex 80.7664 51.1606 3
      vertex 80.6193 51.5941 8
      vertex 80.6193 51.5941 3
    endloop
  endfacet
  facet normal -0.946966 -0.321335 0
    outer loop
      vertex 80.6193 51.5941 8
      vertex 80.7664 51.1606 3
      vertex 80.7664 51.1606 8
    endloop
  endfacet
  facet normal -0.659278 -0.7519 0
    outer loop
      vertex 81.5251 50.0251 3
      vertex 81.8693 49.7233 8
      vertex 81.5251 50.0251 8
    endloop
  endfacet
  facet normal -0.659278 -0.7519 -0
    outer loop
      vertex 81.8693 49.7233 8
      vertex 81.5251 50.0251 3
      vertex 81.8693 49.7233 3
    endloop
  endfacet
  facet normal 0.442314 0.89686 -0
    outer loop
      vertex 85.75 55.5311 3
      vertex 85.3394 55.7336 8
      vertex 85.75 55.5311 8
    endloop
  endfacet
  facet normal 0.442314 0.89686 0
    outer loop
      vertex 85.3394 55.7336 8
      vertex 85.75 55.5311 3
      vertex 85.3394 55.7336 3
    endloop
  endfacet
  facet normal -0.195234 0.980757 0
    outer loop
      vertex 83.5432 55.9701 3
      vertex 83.0941 55.8807 8
      vertex 83.5432 55.9701 8
    endloop
  endfacet
  facet normal -0.195234 0.980757 0
    outer loop
      vertex 83.0941 55.8807 8
      vertex 83.5432 55.9701 3
      vertex 83.0941 55.8807 3
    endloop
  endfacet
  facet normal 0.7519 0.659278 0
    outer loop
      vertex 86.7767 54.6307 8
      vertex 86.4749 54.9749 3
      vertex 86.4749 54.9749 8
    endloop
  endfacet
  facet normal 0.7519 0.659278 0
    outer loop
      vertex 86.4749 54.9749 3
      vertex 86.7767 54.6307 8
      vertex 86.7767 54.6307 3
    endloop
  endfacet
  facet normal 0.195234 0.980757 -0
    outer loop
      vertex 84.9059 55.8807 3
      vertex 84.4568 55.9701 8
      vertex 84.9059 55.8807 8
    endloop
  endfacet
  facet normal 0.195234 0.980757 0
    outer loop
      vertex 84.4568 55.9701 8
      vertex 84.9059 55.8807 3
      vertex 84.4568 55.9701 3
    endloop
  endfacet
  facet normal 0.7519 -0.659278 0
    outer loop
      vertex 86.4749 50.0251 8
      vertex 86.7767 50.3693 3
      vertex 86.7767 50.3693 8
    endloop
  endfacet
  facet normal 0.7519 -0.659278 0
    outer loop
      vertex 86.7767 50.3693 3
      vertex 86.4749 50.0251 8
      vertex 86.4749 50.0251 3
    endloop
  endfacet
  facet normal -0.442314 -0.89686 0
    outer loop
      vertex 82.25 49.4689 3
      vertex 82.6606 49.2664 8
      vertex 82.25 49.4689 8
    endloop
  endfacet
  facet normal -0.442314 -0.89686 -0
    outer loop
      vertex 82.6606 49.2664 8
      vertex 82.25 49.4689 3
      vertex 82.6606 49.2664 3
    endloop
  endfacet
  facet normal -0.0653156 0.997865 0
    outer loop
      vertex 84 56 3
      vertex 83.5432 55.9701 8
      vertex 84 56 8
    endloop
  endfacet
  facet normal -0.0653156 0.997865 0
    outer loop
      vertex 83.5432 55.9701 8
      vertex 84 56 3
      vertex 83.5432 55.9701 3
    endloop
  endfacet
  facet normal -0.980757 0.195234 0
    outer loop
      vertex 80.5299 52.9568 3
      vertex 80.6193 53.4059 8
      vertex 80.6193 53.4059 3
    endloop
  endfacet
  facet normal -0.980757 0.195234 0
    outer loop
      vertex 80.6193 53.4059 8
      vertex 80.5299 52.9568 3
      vertex 80.5299 52.9568 8
    endloop
  endfacet
  facet normal 0.0653156 -0.997865 0
    outer loop
      vertex 84 49 3
      vertex 84.4568 49.0299 8
      vertex 84 49 8
    endloop
  endfacet
  facet normal 0.0653156 -0.997865 0
    outer loop
      vertex 84.4568 49.0299 8
      vertex 84 49 3
      vertex 84.4568 49.0299 3
    endloop
  endfacet
  facet normal 0.442314 -0.89686 0
    outer loop
      vertex 85.3394 49.2664 3
      vertex 85.75 49.4689 8
      vertex 85.3394 49.2664 8
    endloop
  endfacet
  facet normal 0.442314 -0.89686 0
    outer loop
      vertex 85.75 49.4689 8
      vertex 85.3394 49.2664 3
      vertex 85.75 49.4689 3
    endloop
  endfacet
  facet normal 0.659278 -0.7519 0
    outer loop
      vertex 86.1307 49.7233 3
      vertex 86.4749 50.0251 8
      vertex 86.1307 49.7233 8
    endloop
  endfacet
  facet normal 0.659278 -0.7519 0
    outer loop
      vertex 86.4749 50.0251 8
      vertex 86.1307 49.7233 3
      vertex 86.4749 50.0251 3
    endloop
  endfacet
  facet normal -0.89686 -0.442314 0
    outer loop
      vertex 80.9689 50.75 3
      vertex 80.7664 51.1606 8
      vertex 80.7664 51.1606 3
    endloop
  endfacet
  facet normal -0.89686 -0.442314 0
    outer loop
      vertex 80.7664 51.1606 8
      vertex 80.9689 50.75 3
      vertex 80.9689 50.75 8
    endloop
  endfacet
  facet normal 0.89686 -0.442314 0
    outer loop
      vertex 87.0311 50.75 8
      vertex 87.2336 51.1606 3
      vertex 87.2336 51.1606 8
    endloop
  endfacet
  facet normal 0.89686 -0.442314 0
    outer loop
      vertex 87.2336 51.1606 3
      vertex 87.0311 50.75 8
      vertex 87.0311 50.75 3
    endloop
  endfacet
  facet normal 0.659278 0.7519 -0
    outer loop
      vertex 86.4749 54.9749 3
      vertex 86.1307 55.2767 8
      vertex 86.4749 54.9749 8
    endloop
  endfacet
  facet normal 0.659278 0.7519 0
    outer loop
      vertex 86.1307 55.2767 8
      vertex 86.4749 54.9749 3
      vertex 86.1307 55.2767 3
    endloop
  endfacet
  facet normal 0.997865 -0.0653156 0
    outer loop
      vertex 87.4701 52.0432 8
      vertex 87.5 52.5 3
      vertex 87.5 52.5 8
    endloop
  endfacet
  facet normal 0.997865 -0.0653156 0
    outer loop
      vertex 87.5 52.5 3
      vertex 87.4701 52.0432 8
      vertex 87.4701 52.0432 3
    endloop
  endfacet
  facet normal -0.555607 -0.831445 0
    outer loop
      vertex 81.8693 49.7233 3
      vertex 82.25 49.4689 8
      vertex 81.8693 49.7233 8
    endloop
  endfacet
  facet normal -0.555607 -0.831445 -0
    outer loop
      vertex 82.25 49.4689 8
      vertex 81.8693 49.7233 3
      vertex 82.25 49.4689 3
    endloop
  endfacet
  facet normal 0.89686 0.442314 0
    outer loop
      vertex 87.2336 53.8394 8
      vertex 87.0311 54.25 3
      vertex 87.0311 54.25 8
    endloop
  endfacet
  facet normal 0.89686 0.442314 0
    outer loop
      vertex 87.0311 54.25 3
      vertex 87.2336 53.8394 8
      vertex 87.2336 53.8394 3
    endloop
  endfacet
  facet normal 0.980757 -0.195234 0
    outer loop
      vertex 87.3807 51.5941 8
      vertex 87.4701 52.0432 3
      vertex 87.4701 52.0432 8
    endloop
  endfacet
  facet normal 0.980757 -0.195234 0
    outer loop
      vertex 87.4701 52.0432 3
      vertex 87.3807 51.5941 8
      vertex 87.3807 51.5941 3
    endloop
  endfacet
  facet normal 0.946966 0.321335 0
    outer loop
      vertex 87.3807 53.4059 8
      vertex 87.2336 53.8394 3
      vertex 87.2336 53.8394 8
    endloop
  endfacet
  facet normal 0.946966 0.321335 0
    outer loop
      vertex 87.2336 53.8394 3
      vertex 87.3807 53.4059 8
      vertex 87.3807 53.4059 3
    endloop
  endfacet
  facet normal -0.980757 -0.195234 0
    outer loop
      vertex 80.6193 51.5941 3
      vertex 80.5299 52.0432 8
      vertex 80.5299 52.0432 3
    endloop
  endfacet
  facet normal -0.980757 -0.195234 0
    outer loop
      vertex 80.5299 52.0432 8
      vertex 80.6193 51.5941 3
      vertex 80.6193 51.5941 8
    endloop
  endfacet
  facet normal -0.7519 -0.659278 0
    outer loop
      vertex 81.5251 50.0251 3
      vertex 81.2233 50.3693 8
      vertex 81.2233 50.3693 3
    endloop
  endfacet
  facet normal -0.7519 -0.659278 0
    outer loop
      vertex 81.2233 50.3693 8
      vertex 81.5251 50.0251 3
      vertex 81.5251 50.0251 8
    endloop
  endfacet
  facet normal 0 0 1
    outer loop
      vertex 85.35 52.5 8
      vertex 87.5 52.5 8
      vertex 87.4701 52.9568 8
    endloop
  endfacet
  facet normal 0 0 1
    outer loop
      vertex 85.3384 52.6762 8
      vertex 87.4701 52.9568 8
      vertex 87.3807 53.4059 8
    endloop
  endfacet
  facet normal 0 0 1
    outer loop
      vertex 87.5 52.5 8
      vertex 85.35 52.5 8
      vertex 87.4701 52.0432 8
    endloop
  endfacet
  facet normal 0 0 1
    outer loop
      vertex 85.304 52.8494 8
      vertex 87.3807 53.4059 8
      vertex 87.2336 53.8394 8
    endloop
  endfacet
  facet normal -0 0 1
    outer loop
      vertex 85.3384 52.3238 8
      vertex 87.4701 52.0432 8
      vertex 85.35 52.5 8
    endloop
  endfacet
  facet normal 0 0 1
    outer loop
      vertex 85.2472 53.0166 8
      vertex 87.2336 53.8394 8
      vertex 87.0311 54.25 8
    endloop
  endfacet
  facet normal 0 0 1
    outer loop
      vertex 87.4701 52.0432 8
      vertex 85.3384 52.3238 8
      vertex 87.3807 51.5941 8
    endloop
  endfacet
  facet normal 0 0 1
    outer loop
      vertex 85.1691 53.175 8
      vertex 87.0311 54.25 8
      vertex 86.7767 54.6307 8
    endloop
  endfacet
  facet normal -0 0 1
    outer loop
      vertex 85.304 52.1506 8
      vertex 87.3807 51.5941 8
      vertex 85.3384 52.3238 8
    endloop
  endfacet
  facet normal 0 0 1
    outer loop
      vertex 85.071 53.3218 8
      vertex 86.7767 54.6307 8
      vertex 86.4749 54.9749 8
    endloop
  endfacet
  facet normal 0 0 1
    outer loop
      vertex 87.3807 51.5941 8
      vertex 85.304 52.1506 8
      vertex 87.2336 51.1606 8
    endloop
  endfacet
  facet normal 0 0 1
    outer loop
      vertex 84.9546 53.4546 8
      vertex 86.4749 54.9749 8
      vertex 86.1307 55.2767 8
    endloop
  endfacet
  facet normal -0 0 1
    outer loop
      vertex 85.2472 51.9834 8
      vertex 87.2336 51.1606 8
      vertex 85.304 52.1506 8
    endloop
  endfacet
  facet normal 0 0 1
    outer loop
      vertex 84.8218 53.571 8
      vertex 86.1307 55.2767 8
      vertex 85.75 55.5311 8
    endloop
  endfacet
  facet normal 0 0 1
    outer loop
      vertex 87.2336 51.1606 8
      vertex 85.2472 51.9834 8
      vertex 87.0311 50.75 8
    endloop
  endfacet
  facet normal -0 0 1
    outer loop
      vertex 85.1691 51.825 8
      vertex 87.0311 50.75 8
      vertex 85.2472 51.9834 8
    endloop
  endfacet
  facet normal 0 0 1
    outer loop
      vertex 84.675 53.6691 8
      vertex 85.75 55.5311 8
      vertex 85.3394 55.7336 8
    endloop
  endfacet
  facet normal 0 0 1
    outer loop
      vertex 87.4701 52.9568 8
      vertex 85.3384 52.6762 8
      vertex 85.35 52.5 8
    endloop
  endfacet
  facet normal 0 0 1
    outer loop
      vertex 87.3807 53.4059 8
      vertex 85.304 52.8494 8
      vertex 85.3384 52.6762 8
    endloop
  endfacet
  facet normal 0 0 1
    outer loop
      vertex 87.2336 53.8394 8
      vertex 85.2472 53.0166 8
      vertex 85.304 52.8494 8
    endloop
  endfacet
  facet normal 0 0 1
    outer loop
      vertex 87.0311 54.25 8
      vertex 85.1691 53.175 8
      vertex 85.2472 53.0166 8
    endloop
  endfacet
  facet normal 0 0 1
    outer loop
      vertex 86.7767 54.6307 8
      vertex 85.071 53.3218 8
      vertex 85.1691 53.175 8
    endloop
  endfacet
  facet normal 0 0 1
    outer loop
      vertex 86.4749 54.9749 8
      vertex 84.9546 53.4546 8
      vertex 85.071 53.3218 8
    endloop
  endfacet
  facet normal 0 0 1
    outer loop
      vertex 84.5166 53.7472 8
      vertex 85.3394 55.7336 8
      vertex 84.9059 55.8807 8
    endloop
  endfacet
  facet normal 0 0 1
    outer loop
      vertex 86.1307 55.2767 8
      vertex 84.8218 53.571 8
      vertex 84.9546 53.4546 8
    endloop
  endfacet
  facet normal 0 0 1
    outer loop
      vertex 85.75 55.5311 8
      vertex 84.675 53.6691 8
      vertex 84.8218 53.571 8
    endloop
  endfacet
  facet normal 0 0 1
    outer loop
      vertex 85.3394 55.7336 8
      vertex 84.5166 53.7472 8
      vertex 84.675 53.6691 8
    endloop
  endfacet
  facet normal 0 0 1
    outer loop
      vertex 84.3494 53.804 8
      vertex 84.9059 55.8807 8
      vertex 84.4568 55.9701 8
    endloop
  endfacet
  facet normal 0 0 1
    outer loop
      vertex 84.9059 55.8807 8
      vertex 84.3494 53.804 8
      vertex 84.5166 53.7472 8
    endloop
  endfacet
  facet normal 0 0 1
    outer loop
      vertex 84.4568 55.9701 8
      vertex 84.1762 53.8385 8
      vertex 84.3494 53.804 8
    endloop
  endfacet
  facet normal 0 0 1
    outer loop
      vertex 84 56 8
      vertex 84.1762 53.8385 8
      vertex 84.4568 55.9701 8
    endloop
  endfacet
  facet normal 0 0 1
    outer loop
      vertex 84 56 8
      vertex 84 53.85 8
      vertex 84.1762 53.8385 8
    endloop
  endfacet
  facet normal 0 0 1
    outer loop
      vertex 84 56 8
      vertex 83.8238 53.8385 8
      vertex 84 53.85 8
    endloop
  endfacet
  facet normal -0 0 1
    outer loop
      vertex 83.5432 55.9701 8
      vertex 83.8238 53.8385 8
      vertex 84 56 8
    endloop
  endfacet
  facet normal 0 0 1
    outer loop
      vertex 83.8238 53.8385 8
      vertex 83.5432 55.9701 8
      vertex 83.6506 53.804 8
    endloop
  endfacet
  facet normal -0 0 1
    outer loop
      vertex 83.0941 55.8807 8
      vertex 83.6506 53.804 8
      vertex 83.5432 55.9701 8
    endloop
  endfacet
  facet normal 0 0 1
    outer loop
      vertex 83.6506 53.804 8
      vertex 83.0941 55.8807 8
      vertex 83.4834 53.7472 8
    endloop
  endfacet
  facet normal -0 0 1
    outer loop
      vertex 82.6606 55.7336 8
      vertex 83.4834 53.7472 8
      vertex 83.0941 55.8807 8
    endloop
  endfacet
  facet normal 0 0 1
    outer loop
      vertex 83.4834 53.7472 8
      vertex 82.6606 55.7336 8
      vertex 83.325 53.6691 8
    endloop
  endfacet
  facet normal -0 0 1
    outer loop
      vertex 82.25 55.5311 8
      vertex 83.325 53.6691 8
      vertex 82.6606 55.7336 8
    endloop
  endfacet
  facet normal 0 0 1
    outer loop
      vertex 83.325 53.6691 8
      vertex 82.25 55.5311 8
      vertex 83.1782 53.571 8
    endloop
  endfacet
  facet normal -0 0 1
    outer loop
      vertex 81.8693 55.2767 8
      vertex 83.1782 53.571 8
      vertex 82.25 55.5311 8
    endloop
  endfacet
  facet normal 0 0 1
    outer loop
      vertex 83.1782 53.571 8
      vertex 81.8693 55.2767 8
      vertex 83.0454 53.4546 8
    endloop
  endfacet
  facet normal -0 0 1
    outer loop
      vertex 81.5251 54.9749 8
      vertex 83.0454 53.4546 8
      vertex 81.8693 55.2767 8
    endloop
  endfacet
  facet normal 0 0 1
    outer loop
      vertex 83.0454 53.4546 8
      vertex 81.5251 54.9749 8
      vertex 82.929 53.3218 8
    endloop
  endfacet
  facet normal -0 0 1
    outer loop
      vertex 81.2233 54.6307 8
      vertex 82.929 53.3218 8
      vertex 81.5251 54.9749 8
    endloop
  endfacet
  facet normal 0 0 1
    outer loop
      vertex 82.929 53.3218 8
      vertex 81.2233 54.6307 8
      vertex 82.8309 53.175 8
    endloop
  endfacet
  facet normal -0 0 1
    outer loop
      vertex 80.9689 54.25 8
      vertex 82.8309 53.175 8
      vertex 81.2233 54.6307 8
    endloop
  endfacet
  facet normal 0 0 1
    outer loop
      vertex 87.0311 50.75 8
      vertex 85.1691 51.825 8
      vertex 86.7767 50.3693 8
    endloop
  endfacet
  facet normal -0 0 1
    outer loop
      vertex 85.071 51.6782 8
      vertex 86.7767 50.3693 8
      vertex 85.1691 51.825 8
    endloop
  endfacet
  facet normal 0 0 1
    outer loop
      vertex 86.7767 50.3693 8
      vertex 85.071 51.6782 8
      vertex 86.4749 50.0251 8
    endloop
  endfacet
  facet normal -0 0 1
    outer loop
      vertex 84.9546 51.5454 8
      vertex 86.4749 50.0251 8
      vertex 85.071 51.6782 8
    endloop
  endfacet
  facet normal 0 0 1
    outer loop
      vertex 86.4749 50.0251 8
      vertex 84.9546 51.5454 8
      vertex 86.1307 49.7233 8
    endloop
  endfacet
  facet normal -0 0 1
    outer loop
      vertex 84.8218 51.429 8
      vertex 86.1307 49.7233 8
      vertex 84.9546 51.5454 8
    endloop
  endfacet
  facet normal 0 0 1
    outer loop
      vertex 86.1307 49.7233 8
      vertex 84.8218 51.429 8
      vertex 85.75 49.4689 8
    endloop
  endfacet
  facet normal -0 0 1
    outer loop
      vertex 84.675 51.3309 8
      vertex 85.75 49.4689 8
      vertex 84.8218 51.429 8
    endloop
  endfacet
  facet normal 0 0 1
    outer loop
      vertex 85.75 49.4689 8
      vertex 84.675 51.3309 8
      vertex 85.3394 49.2664 8
    endloop
  endfacet
  facet normal -0 0 1
    outer loop
      vertex 84.5166 51.2528 8
      vertex 85.3394 49.2664 8
      vertex 84.675 51.3309 8
    endloop
  endfacet
  facet normal 0 0 1
    outer loop
      vertex 85.3394 49.2664 8
      vertex 84.5166 51.2528 8
      vertex 84.9059 49.1193 8
    endloop
  endfacet
  facet normal -0 0 1
    outer loop
      vertex 84.3494 51.196 8
      vertex 84.9059 49.1193 8
      vertex 84.5166 51.2528 8
    endloop
  endfacet
  facet normal 0 0 1
    outer loop
      vertex 84.9059 49.1193 8
      vertex 84.3494 51.196 8
      vertex 84.4568 49.0299 8
    endloop
  endfacet
  facet normal -0 0 1
    outer loop
      vertex 84.1762 51.1615 8
      vertex 84.4568 49.0299 8
      vertex 84.3494 51.196 8
    endloop
  endfacet
  facet normal -0 0 1
    outer loop
      vertex 84 51.15 8
      vertex 84.4568 49.0299 8
      vertex 84.1762 51.1615 8
    endloop
  endfacet
  facet normal 0 0 1
    outer loop
      vertex 84 51.15 8
      vertex 84 49 8
      vertex 84.4568 49.0299 8
    endloop
  endfacet
  facet normal 0 0 1
    outer loop
      vertex 83.8238 51.1615 8
      vertex 84 49 8
      vertex 84 51.15 8
    endloop
  endfacet
  facet normal 0 0 1
    outer loop
      vertex 83.5432 49.0299 8
      vertex 83.8238 51.1615 8
      vertex 83.6506 51.196 8
    endloop
  endfacet
  facet normal 0 0 1
    outer loop
      vertex 83.8238 51.1615 8
      vertex 83.5432 49.0299 8
      vertex 84 49 8
    endloop
  endfacet
  facet normal 0 0 1
    outer loop
      vertex 83.0941 49.1193 8
      vertex 83.6506 51.196 8
      vertex 83.4834 51.2528 8
    endloop
  endfacet
  facet normal 0 0 1
    outer loop
      vertex 82.6606 49.2664 8
      vertex 83.4834 51.2528 8
      vertex 83.325 51.3309 8
    endloop
  endfacet
  facet normal 0 0 1
    outer loop
      vertex 82.25 49.4689 8
      vertex 83.325 51.3309 8
      vertex 83.1782 51.429 8
    endloop
  endfacet
  facet normal 0 0 1
    outer loop
      vertex 83.6506 51.196 8
      vertex 83.0941 49.1193 8
      vertex 83.5432 49.0299 8
    endloop
  endfacet
  facet normal 0 0 1
    outer loop
      vertex 81.8693 49.7233 8
      vertex 83.1782 51.429 8
      vertex 83.0454 51.5454 8
    endloop
  endfacet
  facet normal 0 0 1
    outer loop
      vertex 81.5251 50.0251 8
      vertex 83.0454 51.5454 8
      vertex 82.929 51.6782 8
    endloop
  endfacet
  facet normal 0 0 1
    outer loop
      vertex 81.2233 50.3693 8
      vertex 82.929 51.6782 8
      vertex 82.8309 51.825 8
    endloop
  endfacet
  facet normal 0 0 1
    outer loop
      vertex 80.9689 50.75 8
      vertex 82.8309 51.825 8
      vertex 82.7528 51.9834 8
    endloop
  endfacet
  facet normal 0 0 1
    outer loop
      vertex 80.7664 51.1606 8
      vertex 82.7528 51.9834 8
      vertex 82.696 52.1506 8
    endloop
  endfacet
  facet normal 0 0 1
    outer loop
      vertex 80.6193 51.5941 8
      vertex 82.696 52.1506 8
      vertex 82.6616 52.3238 8
    endloop
  endfacet
  facet normal 0 0 1
    outer loop
      vertex 83.4834 51.2528 8
      vertex 82.6606 49.2664 8
      vertex 83.0941 49.1193 8
    endloop
  endfacet
  facet normal 0 0 1
    outer loop
      vertex 80.5299 52.0432 8
      vertex 82.6616 52.3238 8
      vertex 82.65 52.5 8
    endloop
  endfacet
  facet normal 0 0 1
    outer loop
      vertex 82.8309 53.175 8
      vertex 80.9689 54.25 8
      vertex 82.7528 53.0166 8
    endloop
  endfacet
  facet normal 0 0 1
    outer loop
      vertex 83.325 51.3309 8
      vertex 82.25 49.4689 8
      vertex 82.6606 49.2664 8
    endloop
  endfacet
  facet normal -0 0 1
    outer loop
      vertex 80.7664 53.8394 8
      vertex 82.7528 53.0166 8
      vertex 80.9689 54.25 8
    endloop
  endfacet
  facet normal 0 0 1
    outer loop
      vertex 83.1782 51.429 8
      vertex 81.8693 49.7233 8
      vertex 82.25 49.4689 8
    endloop
  endfacet
  facet normal 0 0 1
    outer loop
      vertex 82.7528 53.0166 8
      vertex 80.7664 53.8394 8
      vertex 82.696 52.8494 8
    endloop
  endfacet
  facet normal 0 0 1
    outer loop
      vertex 83.0454 51.5454 8
      vertex 81.5251 50.0251 8
      vertex 81.8693 49.7233 8
    endloop
  endfacet
  facet normal -0 0 1
    outer loop
      vertex 80.6193 53.4059 8
      vertex 82.696 52.8494 8
      vertex 80.7664 53.8394 8
    endloop
  endfacet
  facet normal 0 0 1
    outer loop
      vertex 82.929 51.6782 8
      vertex 81.2233 50.3693 8
      vertex 81.5251 50.0251 8
    endloop
  endfacet
  facet normal 0 0 1
    outer loop
      vertex 82.696 52.8494 8
      vertex 80.6193 53.4059 8
      vertex 82.6616 52.6762 8
    endloop
  endfacet
  facet normal 0 0 1
    outer loop
      vertex 82.8309 51.825 8
      vertex 80.9689 50.75 8
      vertex 81.2233 50.3693 8
    endloop
  endfacet
  facet normal -0 0 1
    outer loop
      vertex 80.5299 52.9568 8
      vertex 82.6616 52.6762 8
      vertex 80.6193 53.4059 8
    endloop
  endfacet
  facet normal 0 0 1
    outer loop
      vertex 82.7528 51.9834 8
      vertex 80.7664 51.1606 8
      vertex 80.9689 50.75 8
    endloop
  endfacet
  facet normal 0 0 1
    outer loop
      vertex 82.6616 52.6762 8
      vertex 80.5299 52.9568 8
      vertex 82.65 52.5 8
    endloop
  endfacet
  facet normal 0 0 1
    outer loop
      vertex 82.696 52.1506 8
      vertex 80.6193 51.5941 8
      vertex 80.7664 51.1606 8
    endloop
  endfacet
  facet normal 0 0 1
    outer loop
      vertex 80.5 52.5 8
      vertex 82.65 52.5 8
      vertex 80.5299 52.9568 8
    endloop
  endfacet
  facet normal 0 0 1
    outer loop
      vertex 82.6616 52.3238 8
      vertex 80.5299 52.0432 8
      vertex 80.6193 51.5941 8
    endloop
  endfacet
  facet normal 0 0 1
    outer loop
      vertex 82.65 52.5 8
      vertex 80.5 52.5 8
      vertex 80.5299 52.0432 8
    endloop
  endfacet
  facet normal -0.195234 -0.980757 0
    outer loop
      vertex 83.0941 49.1193 3
      vertex 83.5432 49.0299 8
      vertex 83.0941 49.1193 8
    endloop
  endfacet
  facet normal -0.195234 -0.980757 -0
    outer loop
      vertex 83.5432 49.0299 8
      vertex 83.0941 49.1193 3
      vertex 83.5432 49.0299 3
    endloop
  endfacet
  facet normal -0.831445 0.555607 0
    outer loop
      vertex 80.9689 54.25 3
      vertex 81.2233 54.6307 8
      vertex 81.2233 54.6307 3
    endloop
  endfacet
  facet normal -0.831445 0.555607 0
    outer loop
      vertex 81.2233 54.6307 8
      vertex 80.9689 54.25 3
      vertex 80.9689 54.25 8
    endloop
  endfacet
  facet normal -0.0653156 -0.997865 0
    outer loop
      vertex 83.5432 49.0299 3
      vertex 84 49 8
      vertex 83.5432 49.0299 8
    endloop
  endfacet
  facet normal -0.0653156 -0.997865 -0
    outer loop
      vertex 84 49 8
      vertex 83.5432 49.0299 3
      vertex 84 49 3
    endloop
  endfacet
  facet normal -0.195354 -0.980733 0
    outer loop
      vertex 84.1762 53.8385 3
      vertex 84.3494 53.804 8
      vertex 84.1762 53.8385 8
    endloop
  endfacet
  facet normal -0.195354 -0.980733 -0
    outer loop
      vertex 84.3494 53.804 8
      vertex 84.1762 53.8385 3
      vertex 84.3494 53.804 3
    endloop
  endfacet
  facet normal -0.980841 -0.194809 0
    outer loop
      vertex 85.3384 52.6762 3
      vertex 85.304 52.8494 8
      vertex 85.304 52.8494 3
    endloop
  endfacet
  facet normal -0.980841 -0.194809 0
    outer loop
      vertex 85.304 52.8494 8
      vertex 85.3384 52.6762 3
      vertex 85.3384 52.6762 8
    endloop
  endfacet
  facet normal -0.99784 -0.0656921 0
    outer loop
      vertex 85.35 52.5 3
      vertex 85.3384 52.6762 8
      vertex 85.3384 52.6762 3
    endloop
  endfacet
  facet normal -0.99784 -0.0656921 0
    outer loop
      vertex 85.3384 52.6762 8
      vertex 85.35 52.5 3
      vertex 85.35 52.5 8
    endloop
  endfacet
  facet normal -0.946856 -0.321659 0
    outer loop
      vertex 85.304 52.8494 3
      vertex 85.2472 53.0166 8
      vertex 85.2472 53.0166 3
    endloop
  endfacet
  facet normal -0.946856 -0.321659 0
    outer loop
      vertex 85.2472 53.0166 8
      vertex 85.304 52.8494 3
      vertex 85.304 52.8494 8
    endloop
  endfacet
  facet normal -0.83144 -0.555615 0
    outer loop
      vertex 85.1691 53.175 3
      vertex 85.071 53.3218 8
      vertex 85.071 53.3218 3
    endloop
  endfacet
  facet normal -0.83144 -0.555615 0
    outer loop
      vertex 85.071 53.3218 8
      vertex 85.1691 53.175 3
      vertex 85.1691 53.175 8
    endloop
  endfacet
  facet normal -0.321659 -0.946856 0
    outer loop
      vertex 84.3494 53.804 3
      vertex 84.5166 53.7472 8
      vertex 84.3494 53.804 8
    endloop
  endfacet
  facet normal -0.321659 -0.946856 -0
    outer loop
      vertex 84.5166 53.7472 8
      vertex 84.3494 53.804 3
      vertex 84.5166 53.7472 3
    endloop
  endfacet
  facet normal 0.980841 0.194809 0
    outer loop
      vertex 82.696 52.1506 8
      vertex 82.6616 52.3238 3
      vertex 82.6616 52.3238 8
    endloop
  endfacet
  facet normal 0.980841 0.194809 0
    outer loop
      vertex 82.6616 52.3238 3
      vertex 82.696 52.1506 8
      vertex 82.696 52.1506 3
    endloop
  endfacet
  facet normal -0.99784 0.0656921 0
    outer loop
      vertex 85.3384 52.3238 3
      vertex 85.35 52.5 8
      vertex 85.35 52.5 3
    endloop
  endfacet
  facet normal -0.99784 0.0656921 0
    outer loop
      vertex 85.35 52.5 8
      vertex 85.3384 52.3238 3
      vertex 85.3384 52.3238 8
    endloop
  endfacet
  facet normal 0.99784 0.0656921 0
    outer loop
      vertex 82.6616 52.3238 8
      vertex 82.65 52.5 3
      vertex 82.65 52.5 8
    endloop
  endfacet
  facet normal 0.99784 0.0656921 0
    outer loop
      vertex 82.65 52.5 3
      vertex 82.6616 52.3238 8
      vertex 82.6616 52.3238 3
    endloop
  endfacet
  facet normal 0.321659 0.946856 -0
    outer loop
      vertex 83.6506 51.196 3
      vertex 83.4834 51.2528 8
      vertex 83.6506 51.196 8
    endloop
  endfacet
  facet normal 0.321659 0.946856 0
    outer loop
      vertex 83.4834 51.2528 8
      vertex 83.6506 51.196 3
      vertex 83.4834 51.2528 3
    endloop
  endfacet
  facet normal -0.896905 -0.442224 0
    outer loop
      vertex 85.2472 53.0166 3
      vertex 85.1691 53.175 8
      vertex 85.1691 53.175 3
    endloop
  endfacet
  facet normal -0.896905 -0.442224 0
    outer loop
      vertex 85.1691 53.175 8
      vertex 85.2472 53.0166 3
      vertex 85.2472 53.0166 8
    endloop
  endfacet
  facet normal -0.752015 -0.659146 0
    outer loop
      vertex 85.071 53.3218 3
      vertex 84.9546 53.4546 8
      vertex 84.9546 53.4546 3
    endloop
  endfacet
  facet normal -0.752015 -0.659146 0
    outer loop
      vertex 84.9546 53.4546 8
      vertex 85.071 53.3218 3
      vertex 85.071 53.3218 8
    endloop
  endfacet
  facet normal -0.946856 0.321659 0
    outer loop
      vertex 85.2472 51.9834 3
      vertex 85.304 52.1506 8
      vertex 85.304 52.1506 3
    endloop
  endfacet
  facet normal -0.946856 0.321659 0
    outer loop
      vertex 85.304 52.1506 8
      vertex 85.2472 51.9834 3
      vertex 85.2472 51.9834 8
    endloop
  endfacet
  facet normal 0.752015 0.659146 0
    outer loop
      vertex 83.0454 51.5454 8
      vertex 82.929 51.6782 3
      vertex 82.929 51.6782 8
    endloop
  endfacet
  facet normal 0.752015 0.659146 0
    outer loop
      vertex 82.929 51.6782 3
      vertex 83.0454 51.5454 8
      vertex 83.0454 51.5454 3
    endloop
  endfacet
  facet normal -0.980841 0.194809 0
    outer loop
      vertex 85.304 52.1506 3
      vertex 85.3384 52.3238 8
      vertex 85.3384 52.3238 3
    endloop
  endfacet
  facet normal -0.980841 0.194809 0
    outer loop
      vertex 85.3384 52.3238 8
      vertex 85.304 52.1506 3
      vertex 85.304 52.1506 8
    endloop
  endfacet
  facet normal -0.0651282 0.997877 0
    outer loop
      vertex 84.1762 51.1615 3
      vertex 84 51.15 8
      vertex 84.1762 51.1615 8
    endloop
  endfacet
  facet normal -0.0651282 0.997877 0
    outer loop
      vertex 84 51.15 8
      vertex 84.1762 51.1615 3
      vertex 84 51.15 3
    endloop
  endfacet
  facet normal 0.946856 0.321659 0
    outer loop
      vertex 82.7528 51.9834 8
      vertex 82.696 52.1506 3
      vertex 82.696 52.1506 8
    endloop
  endfacet
  facet normal 0.946856 0.321659 0
    outer loop
      vertex 82.696 52.1506 3
      vertex 82.7528 51.9834 8
      vertex 82.7528 51.9834 3
    endloop
  endfacet
  facet normal -0.83144 0.555615 0
    outer loop
      vertex 85.071 51.6782 3
      vertex 85.1691 51.825 8
      vertex 85.1691 51.825 3
    endloop
  endfacet
  facet normal -0.83144 0.555615 0
    outer loop
      vertex 85.1691 51.825 8
      vertex 85.071 51.6782 3
      vertex 85.071 51.6782 8
    endloop
  endfacet
  facet normal -0.442224 -0.896905 0
    outer loop
      vertex 84.5166 53.7472 3
      vertex 84.675 53.6691 8
      vertex 84.5166 53.7472 8
    endloop
  endfacet
  facet normal -0.442224 -0.896905 -0
    outer loop
      vertex 84.675 53.6691 8
      vertex 84.5166 53.7472 3
      vertex 84.675 53.6691 3
    endloop
  endfacet
  facet normal 0.442224 -0.896905 0
    outer loop
      vertex 83.325 53.6691 3
      vertex 83.4834 53.7472 8
      vertex 83.325 53.6691 8
    endloop
  endfacet
  facet normal 0.442224 -0.896905 0
    outer loop
      vertex 83.4834 53.7472 8
      vertex 83.325 53.6691 3
      vertex 83.4834 53.7472 3
    endloop
  endfacet
  facet normal -0.442224 0.896905 0
    outer loop
      vertex 84.675 51.3309 3
      vertex 84.5166 51.2528 8
      vertex 84.675 51.3309 8
    endloop
  endfacet
  facet normal -0.442224 0.896905 0
    outer loop
      vertex 84.5166 51.2528 8
      vertex 84.675 51.3309 3
      vertex 84.5166 51.2528 3
    endloop
  endfacet
  facet normal -0.321659 0.946856 0
    outer loop
      vertex 84.5166 51.2528 3
      vertex 84.3494 51.196 8
      vertex 84.5166 51.2528 8
    endloop
  endfacet
  facet normal -0.321659 0.946856 0
    outer loop
      vertex 84.3494 51.196 8
      vertex 84.5166 51.2528 3
      vertex 84.3494 51.196 3
    endloop
  endfacet
  facet normal 0.195354 0.980733 -0
    outer loop
      vertex 83.8238 51.1615 3
      vertex 83.6506 51.196 8
      vertex 83.8238 51.1615 8
    endloop
  endfacet
  facet normal 0.195354 0.980733 0
    outer loop
      vertex 83.6506 51.196 8
      vertex 83.8238 51.1615 3
      vertex 83.6506 51.196 3
    endloop
  endfacet
  facet normal 0.946856 -0.321659 0
    outer loop
      vertex 82.696 52.8494 8
      vertex 82.7528 53.0166 3
      vertex 82.7528 53.0166 8
    endloop
  endfacet
  facet normal 0.946856 -0.321659 0
    outer loop
      vertex 82.7528 53.0166 3
      vertex 82.696 52.8494 8
      vertex 82.696 52.8494 3
    endloop
  endfacet
  facet normal 0.195354 -0.980733 0
    outer loop
      vertex 83.6506 53.804 3
      vertex 83.8238 53.8385 8
      vertex 83.6506 53.804 8
    endloop
  endfacet
  facet normal 0.195354 -0.980733 0
    outer loop
      vertex 83.8238 53.8385 8
      vertex 83.6506 53.804 3
      vertex 83.8238 53.8385 3
    endloop
  endfacet
  facet normal 0.555615 -0.83144 0
    outer loop
      vertex 83.1782 53.571 3
      vertex 83.325 53.6691 8
      vertex 83.1782 53.571 8
    endloop
  endfacet
  facet normal 0.555615 -0.83144 0
    outer loop
      vertex 83.325 53.6691 8
      vertex 83.1782 53.571 3
      vertex 83.325 53.6691 3
    endloop
  endfacet
  facet normal -0.555615 0.83144 0
    outer loop
      vertex 84.8218 51.429 3
      vertex 84.675 51.3309 8
      vertex 84.8218 51.429 8
    endloop
  endfacet
  facet normal -0.555615 0.83144 0
    outer loop
      vertex 84.675 51.3309 8
      vertex 84.8218 51.429 3
      vertex 84.675 51.3309 3
    endloop
  endfacet
  facet normal -0.195354 0.980733 0
    outer loop
      vertex 84.3494 51.196 3
      vertex 84.1762 51.1615 8
      vertex 84.3494 51.196 8
    endloop
  endfacet
  facet normal -0.195354 0.980733 0
    outer loop
      vertex 84.1762 51.1615 8
      vertex 84.3494 51.196 3
      vertex 84.1762 51.1615 3
    endloop
  endfacet
  facet normal 0.896905 -0.442224 0
    outer loop
      vertex 82.7528 53.0166 8
      vertex 82.8309 53.175 3
      vertex 82.8309 53.175 8
    endloop
  endfacet
  facet normal 0.896905 -0.442224 0
    outer loop
      vertex 82.8309 53.175 3
      vertex 82.7528 53.0166 8
      vertex 82.7528 53.0166 3
    endloop
  endfacet
  facet normal 0.83144 -0.555615 0
    outer loop
      vertex 82.8309 53.175 8
      vertex 82.929 53.3218 3
      vertex 82.929 53.3218 8
    endloop
  endfacet
  facet normal 0.83144 -0.555615 0
    outer loop
      vertex 82.929 53.3218 3
      vertex 82.8309 53.175 8
      vertex 82.8309 53.175 3
    endloop
  endfacet
  facet normal 0.0651282 0.997877 -0
    outer loop
      vertex 84 51.15 3
      vertex 83.8238 51.1615 8
      vertex 84 51.15 8
    endloop
  endfacet
  facet normal 0.0651282 0.997877 0
    outer loop
      vertex 83.8238 51.1615 8
      vertex 84 51.15 3
      vertex 83.8238 51.1615 3
    endloop
  endfacet
  facet normal 0.0651282 -0.997877 0
    outer loop
      vertex 83.8238 53.8385 3
      vertex 84 53.85 8
      vertex 83.8238 53.8385 8
    endloop
  endfacet
  facet normal 0.0651282 -0.997877 0
    outer loop
      vertex 84 53.85 8
      vertex 83.8238 53.8385 3
      vertex 84 53.85 3
    endloop
  endfacet
  facet normal 0.659146 -0.752015 0
    outer loop
      vertex 83.0454 53.4546 3
      vertex 83.1782 53.571 8
      vertex 83.0454 53.4546 8
    endloop
  endfacet
  facet normal 0.659146 -0.752015 0
    outer loop
      vertex 83.1782 53.571 8
      vertex 83.0454 53.4546 3
      vertex 83.1782 53.571 3
    endloop
  endfacet
  facet normal 0.659146 0.752015 -0
    outer loop
      vertex 83.1782 51.429 3
      vertex 83.0454 51.5454 8
      vertex 83.1782 51.429 8
    endloop
  endfacet
  facet normal 0.659146 0.752015 0
    outer loop
      vertex 83.0454 51.5454 8
      vertex 83.1782 51.429 3
      vertex 83.0454 51.5454 3
    endloop
  endfacet
  facet normal 0.752015 -0.659146 0
    outer loop
      vertex 82.929 53.3218 8
      vertex 83.0454 53.4546 3
      vertex 83.0454 53.4546 8
    endloop
  endfacet
  facet normal 0.752015 -0.659146 0
    outer loop
      vertex 83.0454 53.4546 3
      vertex 82.929 53.3218 8
      vertex 82.929 53.3218 3
    endloop
  endfacet
  facet normal -0.752015 0.659146 0
    outer loop
      vertex 84.9546 51.5454 3
      vertex 85.071 51.6782 8
      vertex 85.071 51.6782 3
    endloop
  endfacet
  facet normal -0.752015 0.659146 0
    outer loop
      vertex 85.071 51.6782 8
      vertex 84.9546 51.5454 3
      vertex 84.9546 51.5454 8
    endloop
  endfacet
  facet normal -0.896905 0.442224 0
    outer loop
      vertex 85.1691 51.825 3
      vertex 85.2472 51.9834 8
      vertex 85.2472 51.9834 3
    endloop
  endfacet
  facet normal -0.896905 0.442224 0
    outer loop
      vertex 85.2472 51.9834 8
      vertex 85.1691 51.825 3
      vertex 85.1691 51.825 8
    endloop
  endfacet
  facet normal 0.555615 0.83144 -0
    outer loop
      vertex 83.325 51.3309 3
      vertex 83.1782 51.429 8
      vertex 83.325 51.3309 8
    endloop
  endfacet
  facet normal 0.555615 0.83144 0
    outer loop
      vertex 83.1782 51.429 8
      vertex 83.325 51.3309 3
      vertex 83.1782 51.429 3
    endloop
  endfacet
  facet normal 0.980841 -0.194809 0
    outer loop
      vertex 82.6616 52.6762 8
      vertex 82.696 52.8494 3
      vertex 82.696 52.8494 8
    endloop
  endfacet
  facet normal 0.980841 -0.194809 0
    outer loop
      vertex 82.696 52.8494 3
      vertex 82.6616 52.6762 8
      vertex 82.6616 52.6762 3
    endloop
  endfacet
  facet normal -0.0651282 -0.997877 0
    outer loop
      vertex 84 53.85 3
      vertex 84.1762 53.8385 8
      vertex 84 53.85 8
    endloop
  endfacet
  facet normal -0.0651282 -0.997877 -0
    outer loop
      vertex 84.1762 53.8385 8
      vertex 84 53.85 3
      vertex 84.1762 53.8385 3
    endloop
  endfacet
  facet normal -0.555615 -0.83144 0
    outer loop
      vertex 84.675 53.6691 3
      vertex 84.8218 53.571 8
      vertex 84.675 53.6691 8
    endloop
  endfacet
  facet normal -0.555615 -0.83144 -0
    outer loop
      vertex 84.8218 53.571 8
      vertex 84.675 53.6691 3
      vertex 84.8218 53.571 3
    endloop
  endfacet
  facet normal 0.321659 -0.946856 0
    outer loop
      vertex 83.4834 53.7472 3
      vertex 83.6506 53.804 8
      vertex 83.4834 53.7472 8
    endloop
  endfacet
  facet normal 0.321659 -0.946856 0
    outer loop
      vertex 83.6506 53.804 8
      vertex 83.4834 53.7472 3
      vertex 83.6506 53.804 3
    endloop
  endfacet
  facet normal 0.99784 -0.0656921 0
    outer loop
      vertex 82.65 52.5 8
      vertex 82.6616 52.6762 3
      vertex 82.6616 52.6762 8
    endloop
  endfacet
  facet normal 0.99784 -0.0656921 0
    outer loop
      vertex 82.6616 52.6762 3
      vertex 82.65 52.5 8
      vertex 82.65 52.5 3
    endloop
  endfacet
  facet normal -0.659146 -0.752015 0
    outer loop
      vertex 84.8218 53.571 3
      vertex 84.9546 53.4546 8
      vertex 84.8218 53.571 8
    endloop
  endfacet
  facet normal -0.659146 -0.752015 -0
    outer loop
      vertex 84.9546 53.4546 8
      vertex 84.8218 53.571 3
      vertex 84.9546 53.4546 3
    endloop
  endfacet
  facet normal 0.896905 0.442224 0
    outer loop
      vertex 82.8309 51.825 8
      vertex 82.7528 51.9834 3
      vertex 82.7528 51.9834 8
    endloop
  endfacet
  facet normal 0.896905 0.442224 0
    outer loop
      vertex 82.7528 51.9834 3
      vertex 82.8309 51.825 8
      vertex 82.8309 51.825 3
    endloop
  endfacet
  facet normal 0.442224 0.896905 -0
    outer loop
      vertex 83.4834 51.2528 3
      vertex 83.325 51.3309 8
      vertex 83.4834 51.2528 8
    endloop
  endfacet
  facet normal 0.442224 0.896905 0
    outer loop
      vertex 83.325 51.3309 8
      vertex 83.4834 51.2528 3
      vertex 83.325 51.3309 3
    endloop
  endfacet
  facet normal -0.659146 0.752015 0
    outer loop
      vertex 84.9546 51.5454 3
      vertex 84.8218 51.429 8
      vertex 84.9546 51.5454 8
    endloop
  endfacet
  facet normal -0.659146 0.752015 0
    outer loop
      vertex 84.8218 51.429 8
      vertex 84.9546 51.5454 3
      vertex 84.8218 51.429 3
    endloop
  endfacet
  facet normal 0.83144 0.555615 0
    outer loop
      vertex 82.929 51.6782 8
      vertex 82.8309 51.825 3
      vertex 82.8309 51.825 8
    endloop
  endfacet
  facet normal 0.83144 0.555615 0
    outer loop
      vertex 82.8309 51.825 3
      vertex 82.929 51.6782 8
      vertex 82.929 51.6782 3
    endloop
  endfacet
  facet normal -0 0 1
    outer loop
      vertex 0 39.35 5.5
      vertex 3 16.85 5.5
      vertex 3 39.35 5.5
    endloop
  endfacet
  facet normal 0 0 1
    outer loop
      vertex 3 16.85 5.5
      vertex 0 39.35 5.5
      vertex 0 16.85 5.5
    endloop
  endfacet
  facet normal 0 -1 0
    outer loop
      vertex 0 39.35 5.5
      vertex 3 39.35 33
      vertex 0 39.35 33
    endloop
  endfacet
  facet normal 0 -1 -0
    outer loop
      vertex 3 39.35 33
      vertex 0 39.35 5.5
      vertex 3 39.35 5.5
    endloop
  endfacet
  facet normal 0 1 -0
    outer loop
      vertex 3 16.85 5.5
      vertex 0 16.85 33
      vertex 3 16.85 33
    endloop
  endfacet
  facet normal 0 1 0
    outer loop
      vertex 0 16.85 33
      vertex 3 16.85 5.5
      vertex 0 16.85 5.5
    endloop
  endfacet
endsolid OpenSCAD_Model
