solid OpenSCAD_Model
  facet normal -0.195094 -0.980784 0
    outer loop
      vertex 4.78236 3.36815 3
      vertex 5.03895 3.31711 6
      vertex 4.78236 3.36815 6
    endloop
  endfacet
  facet normal -0.195094 -0.980784 -0
    outer loop
      vertex 5.03895 3.31711 6
      vertex 4.78236 3.36815 3
      vertex 5.03895 3.31711 3
    endloop
  endfacet
  facet normal 0.195013 0.980801 -0
    outer loop
      vertex 91.2176 64.6319 3
      vertex 90.9611 64.6829 6
      vertex 91.2176 64.6319 6
    endloop
  endfacet
  facet normal 0.195013 0.980801 0
    outer loop
      vertex 90.9611 64.6829 6
      vertex 91.2176 64.6319 3
      vertex 90.9611 64.6829 3
    endloop
  endfacet
  facet normal -0.0654027 -0.997859 0
    outer loop
      vertex 5.03895 3.31711 3
      vertex 5.3 3.3 6
      vertex 5.03895 3.31711 6
    endloop
  endfacet
  facet normal -0.0654027 -0.997859 -0
    outer loop
      vertex 5.3 3.3 6
      vertex 5.03895 3.31711 3
      vertex 5.3 3.3 3
    endloop
  endfacet
  facet normal -0.831474 -0.555564 0
    outer loop
      vertex 3.71329 4.08248 3
      vertex 3.56795 4.3 6
      vertex 3.56795 4.3 3
    endloop
  endfacet
  facet normal -0.831474 -0.555564 0
    outer loop
      vertex 3.56795 4.3 6
      vertex 3.71329 4.08248 3
      vertex 3.71329 4.08248 6
    endloop
  endfacet
  facet normal 0.751842 0.659343 0
    outer loop
      vertex 92.2867 63.9175 6
      vertex 92.1142 64.1142 3
      vertex 92.1142 64.1142 6
    endloop
  endfacet
  facet normal 0.751842 0.659343 0
    outer loop
      vertex 92.1142 64.1142 3
      vertex 92.2867 63.9175 6
      vertex 92.2867 63.9175 3
    endloop
  endfacet
  facet normal 0.94695 0.321382 0
    outer loop
      vertex 92.6319 63.2176 6
      vertex 92.5478 63.4654 3
      vertex 92.5478 63.4654 6
    endloop
  endfacet
  facet normal 0.94695 0.321382 0
    outer loop
      vertex 92.5478 63.4654 3
      vertex 92.6319 63.2176 6
      vertex 92.6319 63.2176 3
    endloop
  endfacet
  facet normal 0 -1 0
    outer loop
      vertex 5.3 3.3 3
      vertex 90.7 3.3 6
      vertex 5.3 3.3 6
    endloop
  endfacet
  facet normal 0 -1 -0
    outer loop
      vertex 90.7 3.3 6
      vertex 5.3 3.3 3
      vertex 90.7 3.3 3
    endloop
  endfacet
  facet normal 0.0653902 -0.99786 0
    outer loop
      vertex 90.7 3.3 3
      vertex 90.9611 3.31711 6
      vertex 90.7 3.3 6
    endloop
  endfacet
  facet normal 0.0653902 -0.99786 0
    outer loop
      vertex 90.9611 3.31711 6
      vertex 90.7 3.3 3
      vertex 90.9611 3.31711 3
    endloop
  endfacet
  facet normal -0.997859 -0.0654027 0
    outer loop
      vertex 3.31711 5.03895 3
      vertex 3.3 5.3 6
      vertex 3.3 5.3 3
    endloop
  endfacet
  facet normal -0.997859 -0.0654027 0
    outer loop
      vertex 3.3 5.3 6
      vertex 3.31711 5.03895 3
      vertex 3.31711 5.03895 6
    endloop
  endfacet
  facet normal 0 1 -0
    outer loop
      vertex 90.7 64.7 3.1
      vertex 5.3 64.7 6
      vertex 90.7 64.7 6
    endloop
  endfacet
  facet normal 0 1 0
    outer loop
      vertex 5.3 64.7 6
      vertex 90.7 64.7 3.1
      vertex 5.3 64.7 3.1
    endloop
  endfacet
  facet normal 0.659343 -0.751842 0
    outer loop
      vertex 91.9175 3.71329 3
      vertex 92.1142 3.88579 6
      vertex 91.9175 3.71329 6
    endloop
  endfacet
  facet normal 0.659343 -0.751842 0
    outer loop
      vertex 92.1142 3.88579 6
      vertex 91.9175 3.71329 3
      vertex 92.1142 3.88579 3
    endloop
  endfacet
  facet normal -1 0 0
    outer loop
      vertex 3.3 39.35 3
      vertex 3.3 62.7 6
      vertex 3.3 62.7 3
    endloop
  endfacet
  facet normal -1 -0 0
    outer loop
      vertex 3.3 62.7 6
      vertex 3.3 39.35 3
      vertex 3.3 39.35 6
    endloop
  endfacet
  facet normal -1 0 0
    outer loop
      vertex 3.3 5.3 3
      vertex 3.3 16.85 6
      vertex 3.3 16.85 3
    endloop
  endfacet
  facet normal -1 -0 0
    outer loop
      vertex 3.3 16.85 6
      vertex 3.3 5.3 3
      vertex 3.3 5.3 6
    endloop
  endfacet
  facet normal -0.980784 -0.195094 0
    outer loop
      vertex 3.36815 4.78236 3
      vertex 3.31711 5.03895 6
      vertex 3.31711 5.03895 3
    endloop
  endfacet
  facet normal -0.980784 -0.195094 0
    outer loop
      vertex 3.31711 5.03895 6
      vertex 3.36815 4.78236 3
      vertex 3.36815 4.78236 6
    endloop
  endfacet
  facet normal 0.5556 -0.83145 0
    outer loop
      vertex 91.7 3.56795 3
      vertex 91.9175 3.71329 6
      vertex 91.7 3.56795 6
    endloop
  endfacet
  facet normal 0.5556 -0.83145 0
    outer loop
      vertex 91.9175 3.71329 6
      vertex 91.7 3.56795 3
      vertex 91.9175 3.71329 3
    endloop
  endfacet
  facet normal -0.896845 0.442344 0
    outer loop
      vertex 3.45224 63.4654 3
      vertex 3.56795 63.7 6
      vertex 3.56795 63.7 3
    endloop
  endfacet
  facet normal -0.896845 0.442344 0
    outer loop
      vertex 3.56795 63.7 6
      vertex 3.45224 63.4654 3
      vertex 3.45224 63.4654 6
    endloop
  endfacet
  facet normal 0.19516 -0.980771 0
    outer loop
      vertex 90.9611 3.31711 3
      vertex 91.2176 3.36815 6
      vertex 90.9611 3.31711 6
    endloop
  endfacet
  facet normal 0.19516 -0.980771 0
    outer loop
      vertex 91.2176 3.36815 6
      vertex 90.9611 3.31711 3
      vertex 91.2176 3.36815 3
    endloop
  endfacet
  facet normal -0.321429 -0.946934 0
    outer loop
      vertex 4.53463 3.45224 3
      vertex 4.78236 3.36815 6
      vertex 4.53463 3.45224 6
    endloop
  endfacet
  facet normal -0.321429 -0.946934 -0
    outer loop
      vertex 4.78236 3.36815 6
      vertex 4.53463 3.45224 3
      vertex 4.78236 3.36815 3
    endloop
  endfacet
  facet normal -0.321463 0.946922 0
    outer loop
      vertex 4.78236 64.6319 3
      vertex 4.53463 64.5478 6
      vertex 4.78236 64.6319 6
    endloop
  endfacet
  facet normal -0.321463 0.946922 0
    outer loop
      vertex 4.53463 64.5478 6
      vertex 4.78236 64.6319 3
      vertex 4.53463 64.5478 3
    endloop
  endfacet
  facet normal -0 0 1
    outer loop
      vertex 3.3 16.85 6
      vertex 4.9 5.7 6
      vertex 4.9 16.85 6
    endloop
  endfacet
  facet normal 0 -0 1
    outer loop
      vertex 3.31711 5.03895 6
      vertex 4.9 5.7 6
      vertex 3.3 5.3 6
    endloop
  endfacet
  facet normal 0 0 1
    outer loop
      vertex 4.9 5.7 6
      vertex 4.53463 3.45224 6
      vertex 4.78236 3.36815 6
    endloop
  endfacet
  facet normal 0 0 1
    outer loop
      vertex 4.9 5.7 6
      vertex 4.3 3.56795 6
      vertex 4.53463 3.45224 6
    endloop
  endfacet
  facet normal 0 0 1
    outer loop
      vertex 4.9 5.7 6
      vertex 4.08248 3.71329 6
      vertex 4.3 3.56795 6
    endloop
  endfacet
  facet normal 0 0 1
    outer loop
      vertex 4.9 5.7 6
      vertex 3.88579 3.88579 6
      vertex 4.08248 3.71329 6
    endloop
  endfacet
  facet normal 0 0 1
    outer loop
      vertex 4.9 5.7 6
      vertex 3.71329 4.08248 6
      vertex 3.88579 3.88579 6
    endloop
  endfacet
  facet normal 0 0 1
    outer loop
      vertex 4.9 5.7 6
      vertex 3.56795 4.3 6
      vertex 3.71329 4.08248 6
    endloop
  endfacet
  facet normal 0 0 1
    outer loop
      vertex 4.9 5.7 6
      vertex 3.45224 4.53463 6
      vertex 3.56795 4.3 6
    endloop
  endfacet
  facet normal 0 0 1
    outer loop
      vertex 4.9 5.7 6
      vertex 3.36815 4.78236 6
      vertex 3.45224 4.53463 6
    endloop
  endfacet
  facet normal 0 0 1
    outer loop
      vertex 4.9 5.7 6
      vertex 3.3 16.85 6
      vertex 3.3 5.3 6
    endloop
  endfacet
  facet normal 0 0 1
    outer loop
      vertex 4.9 5.7 6
      vertex 3.31711 5.03895 6
      vertex 3.36815 4.78236 6
    endloop
  endfacet
  facet normal 0 0 1
    outer loop
      vertex 91.0727 62.5071 6
      vertex 92.7 62.7 6
      vertex 92.6829 62.9611 6
    endloop
  endfacet
  facet normal 0 0 1
    outer loop
      vertex 92.7 62.7 6
      vertex 91.1 62.3 6
      vertex 92.7 5.3 6
    endloop
  endfacet
  facet normal 0 0 1
    outer loop
      vertex 91.0391 62.6061 6
      vertex 92.6829 62.9611 6
      vertex 92.6319 63.2176 6
    endloop
  endfacet
  facet normal -0 0 1
    outer loop
      vertex 91.1 5.7 6
      vertex 92.7 5.3 6
      vertex 91.1 62.3 6
    endloop
  endfacet
  facet normal 0 0 1
    outer loop
      vertex 90.9928 62.7 6
      vertex 92.6319 63.2176 6
      vertex 92.5478 63.4654 6
    endloop
  endfacet
  facet normal -0 0 1
    outer loop
      vertex 91.0932 5.59558 6
      vertex 92.7 5.3 6
      vertex 91.1 5.7 6
    endloop
  endfacet
  facet normal 0 0 1
    outer loop
      vertex 90.9928 62.7 6
      vertex 92.5478 63.4654 6
      vertex 92.4321 63.7 6
    endloop
  endfacet
  facet normal -0 0 1
    outer loop
      vertex 91.0727 5.49294 6
      vertex 92.7 5.3 6
      vertex 91.0932 5.59558 6
    endloop
  endfacet
  facet normal 0 0 1
    outer loop
      vertex 90.9347 62.787 6
      vertex 92.4321 63.7 6
      vertex 92.2867 63.9175 6
    endloop
  endfacet
  facet normal 0 0 1
    outer loop
      vertex 92.7 5.3 6
      vertex 91.0727 5.49294 6
      vertex 92.6829 5.03895 6
    endloop
  endfacet
  facet normal 0 0 1
    outer loop
      vertex 90.8657 62.8657 6
      vertex 92.2867 63.9175 6
      vertex 92.1142 64.1142 6
    endloop
  endfacet
  facet normal -0 0 1
    outer loop
      vertex 91.0391 5.39385 6
      vertex 92.6829 5.03895 6
      vertex 91.0727 5.49294 6
    endloop
  endfacet
  facet normal 0 0 1
    outer loop
      vertex 90.8657 62.8657 6
      vertex 92.1142 64.1142 6
      vertex 91.9175 64.2867 6
    endloop
  endfacet
  facet normal 0 0 1
    outer loop
      vertex 92.6829 5.03895 6
      vertex 91.0391 5.39385 6
      vertex 92.6319 4.78236 6
    endloop
  endfacet
  facet normal 0 0 1
    outer loop
      vertex 90.787 62.9347 6
      vertex 91.9175 64.2867 6
      vertex 91.7 64.4321 6
    endloop
  endfacet
  facet normal -0 0 1
    outer loop
      vertex 90.9928 5.3 6
      vertex 92.6319 4.78236 6
      vertex 91.0391 5.39385 6
    endloop
  endfacet
  facet normal 0 0 1
    outer loop
      vertex 90.7 62.9928 6
      vertex 91.7 64.4321 6
      vertex 91.4654 64.5478 6
    endloop
  endfacet
  facet normal 0 0 1
    outer loop
      vertex 92.6319 4.78236 6
      vertex 90.9928 5.3 6
      vertex 92.5478 4.53463 6
    endloop
  endfacet
  facet normal 0 0 1
    outer loop
      vertex 90.7 62.9928 6
      vertex 91.4654 64.5478 6
      vertex 91.2176 64.6319 6
    endloop
  endfacet
  facet normal 0 0 1
    outer loop
      vertex 92.5478 4.53463 6
      vertex 90.9928 5.3 6
      vertex 92.4321 4.3 6
    endloop
  endfacet
  facet normal -0 0 1
    outer loop
      vertex 90.9347 5.21299 6
      vertex 92.4321 4.3 6
      vertex 90.9928 5.3 6
    endloop
  endfacet
  facet normal 0 0 1
    outer loop
      vertex 92.7 62.7 6
      vertex 91.0932 62.4044 6
      vertex 91.1 62.3 6
    endloop
  endfacet
  facet normal 0 0 1
    outer loop
      vertex 92.7 62.7 6
      vertex 91.0727 62.5071 6
      vertex 91.0932 62.4044 6
    endloop
  endfacet
  facet normal 0 0 1
    outer loop
      vertex 92.6829 62.9611 6
      vertex 91.0391 62.6061 6
      vertex 91.0727 62.5071 6
    endloop
  endfacet
  facet normal 0 0 1
    outer loop
      vertex 92.6319 63.2176 6
      vertex 90.9928 62.7 6
      vertex 91.0391 62.6061 6
    endloop
  endfacet
  facet normal 0 0 1
    outer loop
      vertex 90.6061 63.0391 6
      vertex 91.2176 64.6319 6
      vertex 90.9611 64.6829 6
    endloop
  endfacet
  facet normal 0 0 1
    outer loop
      vertex 92.4321 63.7 6
      vertex 90.9347 62.787 6
      vertex 90.9928 62.7 6
    endloop
  endfacet
  facet normal 0 0 1
    outer loop
      vertex 92.2867 63.9175 6
      vertex 90.8657 62.8657 6
      vertex 90.9347 62.787 6
    endloop
  endfacet
  facet normal 0 0 1
    outer loop
      vertex 91.9175 64.2867 6
      vertex 90.787 62.9347 6
      vertex 90.8657 62.8657 6
    endloop
  endfacet
  facet normal 0 0 1
    outer loop
      vertex 90.5071 63.0727 6
      vertex 90.9611 64.6829 6
      vertex 90.7 64.7 6
    endloop
  endfacet
  facet normal 0 0 1
    outer loop
      vertex 91.7 64.4321 6
      vertex 90.7 62.9928 6
      vertex 90.787 62.9347 6
    endloop
  endfacet
  facet normal 0 0 1
    outer loop
      vertex 91.2176 64.6319 6
      vertex 90.6061 63.0391 6
      vertex 90.7 62.9928 6
    endloop
  endfacet
  facet normal 0 0 1
    outer loop
      vertex 90.9611 64.6829 6
      vertex 90.5071 63.0727 6
      vertex 90.6061 63.0391 6
    endloop
  endfacet
  facet normal 0 0 1
    outer loop
      vertex 90.7 64.7 6
      vertex 90.4044 63.0932 6
      vertex 90.5071 63.0727 6
    endloop
  endfacet
  facet normal 0 0 1
    outer loop
      vertex 90.7 64.7 6
      vertex 90.3 63.1 6
      vertex 90.4044 63.0932 6
    endloop
  endfacet
  facet normal 0 0 1
    outer loop
      vertex 90.7 64.7 6
      vertex 5.7 63.1 6
      vertex 90.3 63.1 6
    endloop
  endfacet
  facet normal -0 0 1
    outer loop
      vertex 5.3 64.7 6
      vertex 5.7 63.1 6
      vertex 90.7 64.7 6
    endloop
  endfacet
  facet normal 0 0 1
    outer loop
      vertex 5.3 64.7 6
      vertex 5.59558 63.0932 6
      vertex 5.7 63.1 6
    endloop
  endfacet
  facet normal 0 0 1
    outer loop
      vertex 5.3 64.7 6
      vertex 5.49294 63.0727 6
      vertex 5.59558 63.0932 6
    endloop
  endfacet
  facet normal -0 0 1
    outer loop
      vertex 5.03895 64.6829 6
      vertex 5.49294 63.0727 6
      vertex 5.3 64.7 6
    endloop
  endfacet
  facet normal 0 0 1
    outer loop
      vertex 5.49294 63.0727 6
      vertex 5.03895 64.6829 6
      vertex 5.39385 63.0391 6
    endloop
  endfacet
  facet normal -0 0 1
    outer loop
      vertex 4.78236 64.6319 6
      vertex 5.39385 63.0391 6
      vertex 5.03895 64.6829 6
    endloop
  endfacet
  facet normal 0 0 1
    outer loop
      vertex 5.39385 63.0391 6
      vertex 4.78236 64.6319 6
      vertex 5.3 62.9928 6
    endloop
  endfacet
  facet normal -0 0 1
    outer loop
      vertex 4.53463 64.5478 6
      vertex 5.3 62.9928 6
      vertex 4.78236 64.6319 6
    endloop
  endfacet
  facet normal -0 0 1
    outer loop
      vertex 4.3 64.4321 6
      vertex 5.3 62.9928 6
      vertex 4.53463 64.5478 6
    endloop
  endfacet
  facet normal 0 0 1
    outer loop
      vertex 5.3 62.9928 6
      vertex 4.3 64.4321 6
      vertex 5.21299 62.9347 6
    endloop
  endfacet
  facet normal -0 0 1
    outer loop
      vertex 4.08248 64.2867 6
      vertex 5.21299 62.9347 6
      vertex 4.3 64.4321 6
    endloop
  endfacet
  facet normal 0 0 1
    outer loop
      vertex 5.21299 62.9347 6
      vertex 4.08248 64.2867 6
      vertex 5.13431 62.8657 6
    endloop
  endfacet
  facet normal -0 0 1
    outer loop
      vertex 3.88579 64.1142 6
      vertex 5.13431 62.8657 6
      vertex 4.08248 64.2867 6
    endloop
  endfacet
  facet normal -0 0 1
    outer loop
      vertex 3.71329 63.9175 6
      vertex 5.13431 62.8657 6
      vertex 3.88579 64.1142 6
    endloop
  endfacet
  facet normal 0 0 1
    outer loop
      vertex 5.13431 62.8657 6
      vertex 3.71329 63.9175 6
      vertex 5.06532 62.787 6
    endloop
  endfacet
  facet normal -0 0 1
    outer loop
      vertex 3.56795 63.7 6
      vertex 5.06532 62.787 6
      vertex 3.71329 63.9175 6
    endloop
  endfacet
  facet normal 0 0 1
    outer loop
      vertex 5.06532 62.787 6
      vertex 3.56795 63.7 6
      vertex 5.00718 62.7 6
    endloop
  endfacet
  facet normal -0 0 1
    outer loop
      vertex 3.45224 63.4654 6
      vertex 5.00718 62.7 6
      vertex 3.56795 63.7 6
    endloop
  endfacet
  facet normal -0 0 1
    outer loop
      vertex 3.36815 63.2176 6
      vertex 5.00718 62.7 6
      vertex 3.45224 63.4654 6
    endloop
  endfacet
  facet normal 0 0 1
    outer loop
      vertex 5.00718 62.7 6
      vertex 3.36815 63.2176 6
      vertex 4.9609 62.6061 6
    endloop
  endfacet
  facet normal -0 0 1
    outer loop
      vertex 3.31711 62.9611 6
      vertex 4.9609 62.6061 6
      vertex 3.36815 63.2176 6
    endloop
  endfacet
  facet normal 0 0 1
    outer loop
      vertex 4.9609 62.6061 6
      vertex 3.31711 62.9611 6
      vertex 4.92726 62.5071 6
    endloop
  endfacet
  facet normal -0 0 1
    outer loop
      vertex 3.3 62.7 6
      vertex 4.92726 62.5071 6
      vertex 3.31711 62.9611 6
    endloop
  endfacet
  facet normal 0 0 1
    outer loop
      vertex 4.92726 62.5071 6
      vertex 3.3 62.7 6
      vertex 4.90684 62.4044 6
    endloop
  endfacet
  facet normal 0 0 1
    outer loop
      vertex 4.90684 62.4044 6
      vertex 3.3 62.7 6
      vertex 4.9 62.3 6
    endloop
  endfacet
  facet normal 0 0 1
    outer loop
      vertex 3.3 39.35 6
      vertex 4.9 62.3 6
      vertex 3.3 62.7 6
    endloop
  endfacet
  facet normal 0 0 1
    outer loop
      vertex 4.9 62.3 6
      vertex 3.3 39.35 6
      vertex 4.9 39.35 6
    endloop
  endfacet
  facet normal 0 0 1
    outer loop
      vertex 92.4321 4.3 6
      vertex 90.9347 5.21299 6
      vertex 92.2867 4.08248 6
    endloop
  endfacet
  facet normal -0 0 1
    outer loop
      vertex 90.8657 5.13431 6
      vertex 92.2867 4.08248 6
      vertex 90.9347 5.21299 6
    endloop
  endfacet
  facet normal 0 0 1
    outer loop
      vertex 92.2867 4.08248 6
      vertex 90.8657 5.13431 6
      vertex 92.1142 3.88579 6
    endloop
  endfacet
  facet normal 0 0 1
    outer loop
      vertex 92.1142 3.88579 6
      vertex 90.8657 5.13431 6
      vertex 91.9175 3.71329 6
    endloop
  endfacet
  facet normal -0 0 1
    outer loop
      vertex 90.787 5.06532 6
      vertex 91.9175 3.71329 6
      vertex 90.8657 5.13431 6
    endloop
  endfacet
  facet normal 0 0 1
    outer loop
      vertex 91.9175 3.71329 6
      vertex 90.787 5.06532 6
      vertex 91.7 3.56795 6
    endloop
  endfacet
  facet normal -0 0 1
    outer loop
      vertex 90.7 5.00718 6
      vertex 91.7 3.56795 6
      vertex 90.787 5.06532 6
    endloop
  endfacet
  facet normal 0 0 1
    outer loop
      vertex 91.7 3.56795 6
      vertex 90.7 5.00718 6
      vertex 91.4654 3.45224 6
    endloop
  endfacet
  facet normal 0 0 1
    outer loop
      vertex 91.4654 3.45224 6
      vertex 90.7 5.00718 6
      vertex 91.2176 3.36815 6
    endloop
  endfacet
  facet normal -0 0 1
    outer loop
      vertex 90.6061 4.9609 6
      vertex 91.2176 3.36815 6
      vertex 90.7 5.00718 6
    endloop
  endfacet
  facet normal 0 0 1
    outer loop
      vertex 91.2176 3.36815 6
      vertex 90.6061 4.9609 6
      vertex 90.9611 3.31711 6
    endloop
  endfacet
  facet normal -0 0 1
    outer loop
      vertex 90.5071 4.92726 6
      vertex 90.9611 3.31711 6
      vertex 90.6061 4.9609 6
    endloop
  endfacet
  facet normal 0 0 1
    outer loop
      vertex 90.9611 3.31711 6
      vertex 90.5071 4.92726 6
      vertex 90.7 3.3 6
    endloop
  endfacet
  facet normal -0 0 1
    outer loop
      vertex 90.4044 4.90684 6
      vertex 90.7 3.3 6
      vertex 90.5071 4.92726 6
    endloop
  endfacet
  facet normal -0 0 1
    outer loop
      vertex 90.3 4.9 6
      vertex 90.7 3.3 6
      vertex 90.4044 4.90684 6
    endloop
  endfacet
  facet normal -0 0 1
    outer loop
      vertex 5.7 4.9 6
      vertex 90.7 3.3 6
      vertex 90.3 4.9 6
    endloop
  endfacet
  facet normal 0 0 1
    outer loop
      vertex 5.7 4.9 6
      vertex 5.3 3.3 6
      vertex 90.7 3.3 6
    endloop
  endfacet
  facet normal 0 0 1
    outer loop
      vertex 5.59558 4.90684 6
      vertex 5.3 3.3 6
      vertex 5.7 4.9 6
    endloop
  endfacet
  facet normal 0 0 1
    outer loop
      vertex 5.49294 4.92726 6
      vertex 5.3 3.3 6
      vertex 5.59558 4.90684 6
    endloop
  endfacet
  facet normal 0 0 1
    outer loop
      vertex 5.03895 3.31711 6
      vertex 5.49294 4.92726 6
      vertex 5.39385 4.9609 6
    endloop
  endfacet
  facet normal 0 0 1
    outer loop
      vertex 4.78236 3.36815 6
      vertex 5.39385 4.9609 6
      vertex 5.3 5.00718 6
    endloop
  endfacet
  facet normal 0 0 1
    outer loop
      vertex 4.78236 3.36815 6
      vertex 5.3 5.00718 6
      vertex 5.21299 5.06532 6
    endloop
  endfacet
  facet normal 0 0 1
    outer loop
      vertex 4.78236 3.36815 6
      vertex 5.21299 5.06532 6
      vertex 5.13431 5.13431 6
    endloop
  endfacet
  facet normal 0 0 1
    outer loop
      vertex 4.78236 3.36815 6
      vertex 5.13431 5.13431 6
      vertex 5.06532 5.21299 6
    endloop
  endfacet
  facet normal 0 0 1
    outer loop
      vertex 5.49294 4.92726 6
      vertex 5.03895 3.31711 6
      vertex 5.3 3.3 6
    endloop
  endfacet
  facet normal 0 0 1
    outer loop
      vertex 4.78236 3.36815 6
      vertex 5.06532 5.21299 6
      vertex 5.00718 5.3 6
    endloop
  endfacet
  facet normal 0 0 1
    outer loop
      vertex 4.78236 3.36815 6
      vertex 5.00718 5.3 6
      vertex 4.9609 5.39385 6
    endloop
  endfacet
  facet normal 0 0 1
    outer loop
      vertex 4.78236 3.36815 6
      vertex 4.9609 5.39385 6
      vertex 4.92726 5.49294 6
    endloop
  endfacet
  facet normal 0 0 1
    outer loop
      vertex 4.78236 3.36815 6
      vertex 4.92726 5.49294 6
      vertex 4.90684 5.59558 6
    endloop
  endfacet
  facet normal 0 0 1
    outer loop
      vertex 4.78236 3.36815 6
      vertex 4.90684 5.59558 6
      vertex 4.9 5.7 6
    endloop
  endfacet
  facet normal 0 0 1
    outer loop
      vertex 5.39385 4.9609 6
      vertex 4.78236 3.36815 6
      vertex 5.03895 3.31711 6
    endloop
  endfacet
  facet normal 1 -0 0
    outer loop
      vertex 92.7 5.3 6
      vertex 92.7 62.7 3.1
      vertex 92.7 62.7 6
    endloop
  endfacet
  facet normal 1 0 0
    outer loop
      vertex 92.7 62.7 3.1
      vertex 92.7 5.3 6
      vertex 92.7 5.3 3.1
    endloop
  endfacet
  facet normal -0.946934 -0.321429 0
    outer loop
      vertex 3.45224 4.53463 3
      vertex 3.36815 4.78236 6
      vertex 3.36815 4.78236 3
    endloop
  endfacet
  facet normal -0.946934 -0.321429 0
    outer loop
      vertex 3.36815 4.78236 6
      vertex 3.45224 4.53463 3
      vertex 3.45224 4.53463 6
    endloop
  endfacet
  facet normal 0.659343 0.751842 -0
    outer loop
      vertex 92.1142 64.1142 3
      vertex 91.9175 64.2867 6
      vertex 92.1142 64.1142 6
    endloop
  endfacet
  facet normal 0.659343 0.751842 0
    outer loop
      vertex 91.9175 64.2867 6
      vertex 92.1142 64.1142 3
      vertex 91.9175 64.2867 3
    endloop
  endfacet
  facet normal 0.831368 -0.555723 0
    outer loop
      vertex 92.2867 4.08248 6
      vertex 92.4321 4.3 3
      vertex 92.4321 4.3 6
    endloop
  endfacet
  facet normal 0.831368 -0.555723 0
    outer loop
      vertex 92.4321 4.3 3
      vertex 92.2867 4.08248 6
      vertex 92.2867 4.08248 3
    endloop
  endfacet
  facet normal -0.194947 0.980814 0
    outer loop
      vertex 5.03895 64.6829 3
      vertex 4.78236 64.6319 6
      vertex 5.03895 64.6829 6
    endloop
  endfacet
  facet normal -0.194947 0.980814 0
    outer loop
      vertex 4.78236 64.6319 6
      vertex 5.03895 64.6829 3
      vertex 4.78236 64.6319 3
    endloop
  endfacet
  facet normal 0 1 0
    outer loop
      vertex 5.29999 64.7 3.1
      vertex 5.3 64.7 6
      vertex 5.3 64.7 3.1
    endloop
  endfacet
  facet normal -0.0653646 0.997861 2.25395e-07
    outer loop
      vertex 5.3 64.7 6
      vertex 5.29999 64.7 3.1
      vertex 5.03895 64.6829 6
    endloop
  endfacet
  facet normal -0.0653671 0.997861 0
    outer loop
      vertex 5.03895 64.6829 3
      vertex 5.29999 64.7 3.1
      vertex 5.29999 64.7 3
    endloop
  endfacet
  facet normal -0.0653671 0.997861 0
    outer loop
      vertex 5.29999 64.7 3.1
      vertex 5.03895 64.6829 3
      vertex 5.03895 64.6829 6
    endloop
  endfacet
  facet normal 0.980801 0.195013 0
    outer loop
      vertex 92.6829 62.9611 6
      vertex 92.6319 63.2176 3
      vertex 92.6319 63.2176 6
    endloop
  endfacet
  facet normal 0.980801 0.195013 0
    outer loop
      vertex 92.6319 63.2176 3
      vertex 92.6829 62.9611 6
      vertex 92.6829 62.9611 3
    endloop
  endfacet
  facet normal 0.555758 0.831344 -0
    outer loop
      vertex 91.9175 64.2867 3
      vertex 91.7 64.4321 6
      vertex 91.9175 64.2867 6
    endloop
  endfacet
  facet normal 0.555758 0.831344 0
    outer loop
      vertex 91.7 64.4321 6
      vertex 91.9175 64.2867 3
      vertex 91.7 64.4321 3
    endloop
  endfacet
  facet normal -0.896868 -0.442299 0
    outer loop
      vertex 3.56795 4.3 3
      vertex 3.45224 4.53463 6
      vertex 3.45224 4.53463 3
    endloop
  endfacet
  facet normal -0.896868 -0.442299 0
    outer loop
      vertex 3.45224 4.53463 6
      vertex 3.56795 4.3 3
      vertex 3.56795 4.3 6
    endloop
  endfacet
  facet normal -0.751842 0.659343 0
    outer loop
      vertex 3.71329 63.9175 3
      vertex 3.88579 64.1142 6
      vertex 3.88579 64.1142 3
    endloop
  endfacet
  facet normal -0.751842 0.659343 0
    outer loop
      vertex 3.88579 64.1142 6
      vertex 3.71329 63.9175 3
      vertex 3.71329 63.9175 6
    endloop
  endfacet
  facet normal -0.555564 -0.831474 0
    outer loop
      vertex 4.08248 3.71329 3
      vertex 4.3 3.56795 6
      vertex 4.08248 3.71329 6
    endloop
  endfacet
  facet normal -0.555564 -0.831474 -0
    outer loop
      vertex 4.3 3.56795 6
      vertex 4.08248 3.71329 3
      vertex 4.3 3.56795 3
    endloop
  endfacet
  facet normal 1 0 0
    outer loop
      vertex 92.7 5.3 6
      vertex 92.7 5.29999 3.1
      vertex 92.7 5.3 3.1
    endloop
  endfacet
  facet normal 0.997861 -0.0653646 2.25395e-07
    outer loop
      vertex 92.6829 5.03895 6
      vertex 92.7 5.29999 3.1
      vertex 92.7 5.3 6
    endloop
  endfacet
  facet normal 0.997861 -0.0653671 0
    outer loop
      vertex 92.6829 5.03895 3
      vertex 92.7 5.29999 3.1
      vertex 92.6829 5.03895 6
    endloop
  endfacet
  facet normal 0.997861 -0.0653671 0
    outer loop
      vertex 92.7 5.29999 3.1
      vertex 92.6829 5.03895 3
      vertex 92.7 5.29999 3
    endloop
  endfacet
  facet normal -0.946961 0.321348 0
    outer loop
      vertex 3.36815 63.2176 3
      vertex 3.45224 63.4654 6
      vertex 3.45224 63.4654 3
    endloop
  endfacet
  facet normal -0.946961 0.321348 0
    outer loop
      vertex 3.45224 63.4654 6
      vertex 3.36815 63.2176 3
      vertex 3.36815 63.2176 6
    endloop
  endfacet
  facet normal 0.751826 -0.659362 0
    outer loop
      vertex 92.1142 3.88579 6
      vertex 92.2867 4.08248 3
      vertex 92.2867 4.08248 6
    endloop
  endfacet
  facet normal 0.751826 -0.659362 0
    outer loop
      vertex 92.2867 4.08248 3
      vertex 92.1142 3.88579 6
      vertex 92.1142 3.88579 3
    endloop
  endfacet
  facet normal 0.442344 -0.896845 0
    outer loop
      vertex 91.4654 3.45224 3
      vertex 91.7 3.56795 6
      vertex 91.4654 3.45224 6
    endloop
  endfacet
  facet normal 0.442344 -0.896845 0
    outer loop
      vertex 91.7 3.56795 6
      vertex 91.4654 3.45224 3
      vertex 91.7 3.56795 3
    endloop
  endfacet
  facet normal -0.442299 -0.896868 0
    outer loop
      vertex 4.3 3.56795 3
      vertex 4.53463 3.45224 6
      vertex 4.3 3.56795 6
    endloop
  endfacet
  facet normal -0.442299 -0.896868 -0
    outer loop
      vertex 4.53463 3.45224 6
      vertex 4.3 3.56795 3
      vertex 4.53463 3.45224 3
    endloop
  endfacet
  facet normal 0.321348 -0.946961 0
    outer loop
      vertex 91.2176 3.36815 3
      vertex 91.4654 3.45224 6
      vertex 91.2176 3.36815 6
    endloop
  endfacet
  facet normal 0.321348 -0.946961 0
    outer loop
      vertex 91.4654 3.45224 6
      vertex 91.2176 3.36815 3
      vertex 91.4654 3.45224 3
    endloop
  endfacet
  facet normal 0.831344 0.555758 0
    outer loop
      vertex 92.4321 63.7 6
      vertex 92.2867 63.9175 3
      vertex 92.2867 63.9175 6
    endloop
  endfacet
  facet normal 0.831344 0.555758 0
    outer loop
      vertex 92.2867 63.9175 3
      vertex 92.4321 63.7 6
      vertex 92.4321 63.7 3
    endloop
  endfacet
  facet normal -0.659362 0.751826 0
    outer loop
      vertex 4.08248 64.2867 3
      vertex 3.88579 64.1142 6
      vertex 4.08248 64.2867 6
    endloop
  endfacet
  facet normal -0.659362 0.751826 0
    outer loop
      vertex 3.88579 64.1142 6
      vertex 4.08248 64.2867 3
      vertex 3.88579 64.1142 3
    endloop
  endfacet
  facet normal 0.997862 0.0653521 0
    outer loop
      vertex 92.6829 62.9611 6
      vertex 92.7 62.7 3.1
      vertex 92.6829 62.9611 3
    endloop
  endfacet
  facet normal 0.997862 0.0653521 0
    outer loop
      vertex 92.7 62.7 6
      vertex 92.7 62.7 3.1
      vertex 92.6829 62.9611 6
    endloop
  endfacet
  facet normal 0.997862 0.0653521 0
    outer loop
      vertex 92.6829 62.9611 3
      vertex 92.7 62.7 3.1
      vertex 92.7 62.7 3
    endloop
  endfacet
  facet normal 0.442314 0.89686 -0
    outer loop
      vertex 91.7 64.4321 3
      vertex 91.4654 64.5478 6
      vertex 91.7 64.4321 6
    endloop
  endfacet
  facet normal 0.442314 0.89686 0
    outer loop
      vertex 91.4654 64.5478 6
      vertex 91.7 64.4321 3
      vertex 91.4654 64.5478 3
    endloop
  endfacet
  facet normal -0.555723 0.831368 0
    outer loop
      vertex 4.3 64.4321 3
      vertex 4.08248 64.2867 6
      vertex 4.3 64.4321 6
    endloop
  endfacet
  facet normal -0.555723 0.831368 0
    outer loop
      vertex 4.08248 64.2867 6
      vertex 4.3 64.4321 3
      vertex 4.08248 64.2867 3
    endloop
  endfacet
  facet normal 0.0653521 0.997862 0
    outer loop
      vertex 90.9611 64.6829 6
      vertex 90.7 64.7 3.1
      vertex 90.7 64.7 6
    endloop
  endfacet
  facet normal 0.0653521 0.997862 -0
    outer loop
      vertex 90.9611 64.6829 3
      vertex 90.7 64.7 3.1
      vertex 90.9611 64.6829 6
    endloop
  endfacet
  facet normal 0.0653521 0.997862 0
    outer loop
      vertex 90.7 64.7 3.1
      vertex 90.9611 64.6829 3
      vertex 90.7 64.7 3
    endloop
  endfacet
  facet normal -0.980771 0.19516 0
    outer loop
      vertex 3.31711 62.9611 3
      vertex 3.36815 63.2176 6
      vertex 3.36815 63.2176 3
    endloop
  endfacet
  facet normal -0.980771 0.19516 0
    outer loop
      vertex 3.36815 63.2176 6
      vertex 3.31711 62.9611 3
      vertex 3.31711 62.9611 6
    endloop
  endfacet
  facet normal 0.321382 0.94695 -0
    outer loop
      vertex 91.4654 64.5478 3
      vertex 91.2176 64.6319 6
      vertex 91.4654 64.5478 6
    endloop
  endfacet
  facet normal 0.321382 0.94695 0
    outer loop
      vertex 91.2176 64.6319 6
      vertex 91.4654 64.5478 3
      vertex 91.2176 64.6319 3
    endloop
  endfacet
  facet normal 0.946922 -0.321463 0
    outer loop
      vertex 92.5478 4.53463 6
      vertex 92.6319 4.78236 3
      vertex 92.6319 4.78236 6
    endloop
  endfacet
  facet normal 0.946922 -0.321463 0
    outer loop
      vertex 92.6319 4.78236 3
      vertex 92.5478 4.53463 6
      vertex 92.5478 4.53463 3
    endloop
  endfacet
  facet normal -0.659362 -0.751826 0
    outer loop
      vertex 3.88579 3.88579 3
      vertex 4.08248 3.71329 6
      vertex 3.88579 3.88579 6
    endloop
  endfacet
  facet normal -0.659362 -0.751826 -0
    outer loop
      vertex 4.08248 3.71329 6
      vertex 3.88579 3.88579 3
      vertex 4.08248 3.71329 3
    endloop
  endfacet
  facet normal -0.751826 -0.659362 0
    outer loop
      vertex 3.88579 3.88579 3
      vertex 3.71329 4.08248 6
      vertex 3.71329 4.08248 3
    endloop
  endfacet
  facet normal -0.751826 -0.659362 0
    outer loop
      vertex 3.71329 4.08248 6
      vertex 3.88579 3.88579 3
      vertex 3.88579 3.88579 6
    endloop
  endfacet
  facet normal -0.99786 0.0653902 0
    outer loop
      vertex 3.3 62.7 3
      vertex 3.31711 62.9611 6
      vertex 3.31711 62.9611 3
    endloop
  endfacet
  facet normal -0.99786 0.0653902 0
    outer loop
      vertex 3.31711 62.9611 6
      vertex 3.3 62.7 3
      vertex 3.3 62.7 6
    endloop
  endfacet
  facet normal 0.896883 -0.442268 0
    outer loop
      vertex 92.4321 4.3 6
      vertex 92.5478 4.53463 3
      vertex 92.5478 4.53463 6
    endloop
  endfacet
  facet normal 0.896883 -0.442268 0
    outer loop
      vertex 92.5478 4.53463 3
      vertex 92.4321 4.3 6
      vertex 92.4321 4.3 3
    endloop
  endfacet
  facet normal -0.442268 0.896883 0
    outer loop
      vertex 4.53463 64.5478 3
      vertex 4.3 64.4321 6
      vertex 4.53463 64.5478 6
    endloop
  endfacet
  facet normal -0.442268 0.896883 0
    outer loop
      vertex 4.3 64.4321 6
      vertex 4.53463 64.5478 3
      vertex 4.3 64.4321 3
    endloop
  endfacet
  facet normal 0.980814 -0.194947 0
    outer loop
      vertex 92.6319 4.78236 6
      vertex 92.6829 5.03895 3
      vertex 92.6829 5.03895 6
    endloop
  endfacet
  facet normal 0.980814 -0.194947 0
    outer loop
      vertex 92.6829 5.03895 3
      vertex 92.6319 4.78236 6
      vertex 92.6319 4.78236 3
    endloop
  endfacet
  facet normal -0.83145 0.5556 0
    outer loop
      vertex 3.56795 63.7 3
      vertex 3.71329 63.9175 6
      vertex 3.71329 63.9175 3
    endloop
  endfacet
  facet normal -0.83145 0.5556 0
    outer loop
      vertex 3.71329 63.9175 6
      vertex 3.56795 63.7 3
      vertex 3.56795 63.7 6
    endloop
  endfacet
  facet normal 0.89686 0.442314 0
    outer loop
      vertex 92.5478 63.4654 6
      vertex 92.4321 63.7 3
      vertex 92.4321 63.7 6
    endloop
  endfacet
  facet normal 0.89686 0.442314 0
    outer loop
      vertex 92.4321 63.7 3
      vertex 92.5478 63.4654 6
      vertex 92.5478 63.4654 3
    endloop
  endfacet
  facet normal -0.0653771 0.997861 0
    outer loop
      vertex 90.4044 4.90684 3
      vertex 90.3 4.9 6
      vertex 90.4044 4.90684 6
    endloop
  endfacet
  facet normal -0.0653771 0.997861 0
    outer loop
      vertex 90.3 4.9 6
      vertex 90.4044 4.90684 3
      vertex 90.3 4.9 3
    endloop
  endfacet
  facet normal 0.980779 0.195124 0
    outer loop
      vertex 4.92726 5.49294 6
      vertex 4.90684 5.59558 3
      vertex 4.90684 5.59558 6
    endloop
  endfacet
  facet normal 0.980779 0.195124 0
    outer loop
      vertex 4.90684 5.59558 3
      vertex 4.92726 5.49294 6
      vertex 4.92726 5.49294 3
    endloop
  endfacet
  facet normal 0.94692 0.321469 0
    outer loop
      vertex 4.9609 5.39385 6
      vertex 4.92726 5.49294 3
      vertex 4.92726 5.49294 6
    endloop
  endfacet
  facet normal 0.94692 0.321469 0
    outer loop
      vertex 4.92726 5.49294 3
      vertex 4.9609 5.39385 6
      vertex 4.9609 5.39385 3
    endloop
  endfacet
  facet normal -0.321731 0.946831 0
    outer loop
      vertex 90.6061 4.9609 3
      vertex 90.5071 4.92726 6
      vertex 90.6061 4.9609 6
    endloop
  endfacet
  facet normal -0.321731 0.946831 0
    outer loop
      vertex 90.5071 4.92726 6
      vertex 90.6061 4.9609 3
      vertex 90.5071 4.92726 3
    endloop
  endfacet
  facet normal -0.896897 -0.44224 0
    outer loop
      vertex 91.0391 62.6061 3
      vertex 90.9928 62.7 6
      vertex 90.9928 62.7 3
    endloop
  endfacet
  facet normal -0.896897 -0.44224 0
    outer loop
      vertex 90.9928 62.7 6
      vertex 91.0391 62.6061 3
      vertex 91.0391 62.6061 6
    endloop
  endfacet
  facet normal -0.44224 -0.896897 0
    outer loop
      vertex 90.6061 63.0391 3
      vertex 90.7 62.9928 6
      vertex 90.6061 63.0391 6
    endloop
  endfacet
  facet normal -0.44224 -0.896897 -0
    outer loop
      vertex 90.7 62.9928 6
      vertex 90.6061 63.0391 3
      vertex 90.7 62.9928 3
    endloop
  endfacet
  facet normal 0.555582 0.831462 -0
    outer loop
      vertex 5.3 5.00718 3
      vertex 5.21299 5.06532 6
      vertex 5.3 5.00718 6
    endloop
  endfacet
  facet normal 0.555582 0.831462 0
    outer loop
      vertex 5.21299 5.06532 6
      vertex 5.3 5.00718 3
      vertex 5.21299 5.06532 3
    endloop
  endfacet
  facet normal 0.659289 0.75189 -0
    outer loop
      vertex 5.21299 5.06532 3
      vertex 5.13431 5.13431 6
      vertex 5.21299 5.06532 6
    endloop
  endfacet
  facet normal 0.659289 0.75189 0
    outer loop
      vertex 5.13431 5.13431 6
      vertex 5.21299 5.06532 3
      vertex 5.13431 5.13431 3
    endloop
  endfacet
  facet normal -0.555626 0.831432 0
    outer loop
      vertex 90.787 5.06532 3
      vertex 90.7 5.00718 6
      vertex 90.787 5.06532 6
    endloop
  endfacet
  facet normal -0.555626 0.831432 0
    outer loop
      vertex 90.7 5.00718 6
      vertex 90.787 5.06532 3
      vertex 90.7 5.00718 3
    endloop
  endfacet
  facet normal 0.997861 0.0653646 0
    outer loop
      vertex 4.90684 5.59558 6
      vertex 4.9 5.7 3
      vertex 4.9 5.7 6
    endloop
  endfacet
  facet normal 0.997861 0.0653646 0
    outer loop
      vertex 4.9 5.7 3
      vertex 4.90684 5.59558 6
      vertex 4.90684 5.59558 3
    endloop
  endfacet
  facet normal -0.997886 0.064984 0
    outer loop
      vertex 91.0932 5.59558 3
      vertex 91.1 5.7 6
      vertex 91.1 5.7 3
    endloop
  endfacet
  facet normal -0.997886 0.064984 0
    outer loop
      vertex 91.1 5.7 6
      vertex 91.0932 5.59558 3
      vertex 91.0932 5.59558 6
    endloop
  endfacet
  facet normal 0.946831 -0.321731 0
    outer loop
      vertex 4.92726 62.5071 6
      vertex 4.9609 62.6061 3
      vertex 4.9609 62.6061 6
    endloop
  endfacet
  facet normal 0.946831 -0.321731 0
    outer loop
      vertex 4.9609 62.6061 3
      vertex 4.92726 62.5071 6
      vertex 4.92726 62.5071 3
    endloop
  endfacet
  facet normal -0.442086 0.896973 0
    outer loop
      vertex 90.7 5.00718 3
      vertex 90.6061 4.9609 6
      vertex 90.7 5.00718 6
    endloop
  endfacet
  facet normal -0.442086 0.896973 0
    outer loop
      vertex 90.6061 4.9609 6
      vertex 90.7 5.00718 3
      vertex 90.6061 4.9609 3
    endloop
  endfacet
  facet normal -0.997886 -0.0649964 0
    outer loop
      vertex 91.1 62.3 3
      vertex 91.0932 62.4044 6
      vertex 91.0932 62.4044 3
    endloop
  endfacet
  facet normal -0.997886 -0.0649964 0
    outer loop
      vertex 91.0932 62.4044 6
      vertex 91.1 62.3 3
      vertex 91.1 62.3 6
    endloop
  endfacet
  facet normal 0.831462 0.555582 0
    outer loop
      vertex 5.06532 5.21299 6
      vertex 5.00718 5.3 3
      vertex 5.00718 5.3 6
    endloop
  endfacet
  facet normal 0.831462 0.555582 0
    outer loop
      vertex 5.00718 5.3 3
      vertex 5.06532 5.21299 6
      vertex 5.06532 5.21299 3
    endloop
  endfacet
  facet normal -0.751842 0.659343 0
    outer loop
      vertex 90.8657 5.13431 3
      vertex 90.9347 5.21299 6
      vertex 90.9347 5.21299 3
    endloop
  endfacet
  facet normal -0.751842 0.659343 0
    outer loop
      vertex 90.9347 5.21299 6
      vertex 90.8657 5.13431 3
      vertex 90.8657 5.13431 6
    endloop
  endfacet
  facet normal 0.997861 -0.0653771 0
    outer loop
      vertex 4.9 62.3 6
      vertex 4.90684 62.4044 3
      vertex 4.90684 62.4044 6
    endloop
  endfacet
  facet normal 0.997861 -0.0653771 0
    outer loop
      vertex 4.90684 62.4044 3
      vertex 4.9 62.3 6
      vertex 4.9 62.3 3
    endloop
  endfacet
  facet normal 1 -0 0
    outer loop
      vertex 4.9 5.7 6
      vertex 4.9 16.85 3
      vertex 4.9 16.85 6
    endloop
  endfacet
  facet normal 1 0 0
    outer loop
      vertex 4.9 16.85 3
      vertex 4.9 5.7 6
      vertex 4.9 5.7 3
    endloop
  endfacet
  facet normal 1 -0 0
    outer loop
      vertex 4.9 39.35 6
      vertex 4.9 62.3 3
      vertex 4.9 62.3 6
    endloop
  endfacet
  facet normal 1 0 0
    outer loop
      vertex 4.9 62.3 3
      vertex 4.9 39.35 6
      vertex 4.9 39.35 3
    endloop
  endfacet
  facet normal -0.659194 0.751973 0
    outer loop
      vertex 90.8657 5.13431 3
      vertex 90.787 5.06532 6
      vertex 90.8657 5.13431 6
    endloop
  endfacet
  facet normal -0.659194 0.751973 0
    outer loop
      vertex 90.787 5.06532 6
      vertex 90.8657 5.13431 3
      vertex 90.787 5.06532 3
    endloop
  endfacet
  facet normal 0 1 -0
    outer loop
      vertex 90.3 4.9 3
      vertex 5.7 4.9 6
      vertex 90.3 4.9 6
    endloop
  endfacet
  facet normal 0 1 0
    outer loop
      vertex 5.7 4.9 6
      vertex 90.3 4.9 3
      vertex 5.7 4.9 3
    endloop
  endfacet
  facet normal 0.195859 -0.980632 0
    outer loop
      vertex 5.49294 63.0727 3
      vertex 5.59558 63.0932 6
      vertex 5.49294 63.0727 6
    endloop
  endfacet
  facet normal 0.195859 -0.980632 0
    outer loop
      vertex 5.59558 63.0932 6
      vertex 5.49294 63.0727 3
      vertex 5.59558 63.0932 3
    endloop
  endfacet
  facet normal -1 0 0
    outer loop
      vertex 91.1 5.7 3
      vertex 91.1 62.3 6
      vertex 91.1 62.3 3
    endloop
  endfacet
  facet normal -1 -0 0
    outer loop
      vertex 91.1 62.3 6
      vertex 91.1 5.7 3
      vertex 91.1 5.7 6
    endloop
  endfacet
  facet normal 0.75189 0.659289 0
    outer loop
      vertex 5.13431 5.13431 6
      vertex 5.06532 5.21299 3
      vertex 5.06532 5.21299 6
    endloop
  endfacet
  facet normal 0.75189 0.659289 0
    outer loop
      vertex 5.06532 5.21299 3
      vertex 5.13431 5.13431 6
      vertex 5.13431 5.13431 3
    endloop
  endfacet
  facet normal 0.896973 -0.442086 0
    outer loop
      vertex 4.9609 62.6061 6
      vertex 5.00718 62.7 3
      vertex 5.00718 62.7 6
    endloop
  endfacet
  facet normal 0.896973 -0.442086 0
    outer loop
      vertex 5.00718 62.7 3
      vertex 4.9609 62.6061 6
      vertex 4.9609 62.6061 3
    endloop
  endfacet
  facet normal -0.831638 0.555318 0
    outer loop
      vertex 90.9347 5.21299 3
      vertex 90.9928 5.3 6
      vertex 90.9928 5.3 3
    endloop
  endfacet
  facet normal -0.831638 0.555318 0
    outer loop
      vertex 90.9928 5.3 6
      vertex 90.9347 5.21299 3
      vertex 90.9347 5.21299 6
    endloop
  endfacet
  facet normal 0.896879 0.442276 0
    outer loop
      vertex 5.00718 5.3 6
      vertex 4.9609 5.39385 3
      vertex 4.9609 5.39385 6
    endloop
  endfacet
  facet normal 0.896879 0.442276 0
    outer loop
      vertex 4.9609 5.39385 3
      vertex 5.00718 5.3 6
      vertex 5.00718 5.3 3
    endloop
  endfacet
  facet normal 0.831432 -0.555626 0
    outer loop
      vertex 5.00718 62.7 6
      vertex 5.06532 62.787 3
      vertex 5.06532 62.787 6
    endloop
  endfacet
  facet normal 0.831432 -0.555626 0
    outer loop
      vertex 5.06532 62.787 3
      vertex 5.00718 62.7 6
      vertex 5.00718 62.7 3
    endloop
  endfacet
  facet normal 0.0653646 0.997861 -0
    outer loop
      vertex 5.7 4.9 3
      vertex 5.59558 4.90684 6
      vertex 5.7 4.9 6
    endloop
  endfacet
  facet normal 0.0653646 0.997861 0
    outer loop
      vertex 5.59558 4.90684 6
      vertex 5.7 4.9 3
      vertex 5.59558 4.90684 3
    endloop
  endfacet
  facet normal -0.980654 -0.195749 0
    outer loop
      vertex 91.0932 62.4044 3
      vertex 91.0727 62.5071 6
      vertex 91.0727 62.5071 3
    endloop
  endfacet
  facet normal -0.980654 -0.195749 0
    outer loop
      vertex 91.0727 62.5071 6
      vertex 91.0932 62.4044 3
      vertex 91.0932 62.4044 6
    endloop
  endfacet
  facet normal -0.831609 -0.555362 0
    outer loop
      vertex 90.9928 62.7 3
      vertex 90.9347 62.787 6
      vertex 90.9347 62.787 3
    endloop
  endfacet
  facet normal -0.831609 -0.555362 0
    outer loop
      vertex 90.9347 62.787 6
      vertex 90.9928 62.7 3
      vertex 90.9928 62.7 6
    endloop
  endfacet
  facet normal 0 -1 0
    outer loop
      vertex 5.7 63.1 3
      vertex 90.3 63.1 6
      vertex 5.7 63.1 6
    endloop
  endfacet
  facet normal 0 -1 -0
    outer loop
      vertex 90.3 63.1 6
      vertex 5.7 63.1 3
      vertex 90.3 63.1 3
    endloop
  endfacet
  facet normal -0.195014 0.9808 0
    outer loop
      vertex 90.5071 4.92726 3
      vertex 90.4044 4.90684 6
      vertex 90.5071 4.92726 6
    endloop
  endfacet
  facet normal -0.195014 0.9808 0
    outer loop
      vertex 90.4044 4.90684 6
      vertex 90.5071 4.92726 3
      vertex 90.4044 4.90684 3
    endloop
  endfacet
  facet normal 0.442276 0.896879 -0
    outer loop
      vertex 5.39385 4.9609 3
      vertex 5.3 5.00718 6
      vertex 5.39385 4.9609 6
    endloop
  endfacet
  facet normal 0.442276 0.896879 0
    outer loop
      vertex 5.3 5.00718 6
      vertex 5.39385 4.9609 3
      vertex 5.3 5.00718 3
    endloop
  endfacet
  facet normal -0.896803 0.442429 0
    outer loop
      vertex 90.9928 5.3 3
      vertex 91.0391 5.39385 6
      vertex 91.0391 5.39385 3
    endloop
  endfacet
  facet normal -0.896803 0.442429 0
    outer loop
      vertex 91.0391 5.39385 6
      vertex 90.9928 5.3 3
      vertex 90.9928 5.3 6
    endloop
  endfacet
  facet normal -0.555362 -0.831609 0
    outer loop
      vertex 90.7 62.9928 3
      vertex 90.787 62.9347 6
      vertex 90.7 62.9928 6
    endloop
  endfacet
  facet normal -0.555362 -0.831609 -0
    outer loop
      vertex 90.787 62.9347 6
      vertex 90.7 62.9928 3
      vertex 90.787 62.9347 3
    endloop
  endfacet
  facet normal -0.751925 -0.659248 0
    outer loop
      vertex 90.9347 62.787 3
      vertex 90.8657 62.8657 6
      vertex 90.8657 62.8657 3
    endloop
  endfacet
  facet normal -0.751925 -0.659248 0
    outer loop
      vertex 90.8657 62.8657 6
      vertex 90.9347 62.787 3
      vertex 90.9347 62.787 6
    endloop
  endfacet
  facet normal -0.947036 0.321126 0
    outer loop
      vertex 91.0391 5.39385 3
      vertex 91.0727 5.49294 6
      vertex 91.0727 5.49294 3
    endloop
  endfacet
  facet normal -0.947036 0.321126 0
    outer loop
      vertex 91.0727 5.49294 6
      vertex 91.0391 5.39385 3
      vertex 91.0391 5.39385 6
    endloop
  endfacet
  facet normal 0.555318 -0.831638 0
    outer loop
      vertex 5.21299 62.9347 3
      vertex 5.3 62.9928 6
      vertex 5.21299 62.9347 6
    endloop
  endfacet
  facet normal 0.555318 -0.831638 0
    outer loop
      vertex 5.3 62.9928 6
      vertex 5.21299 62.9347 3
      vertex 5.3 62.9928 3
    endloop
  endfacet
  facet normal 0.659343 -0.751842 0
    outer loop
      vertex 5.13431 62.8657 3
      vertex 5.21299 62.9347 6
      vertex 5.13431 62.8657 6
    endloop
  endfacet
  facet normal 0.659343 -0.751842 0
    outer loop
      vertex 5.21299 62.9347 6
      vertex 5.13431 62.8657 3
      vertex 5.21299 62.9347 3
    endloop
  endfacet
  facet normal -0.946948 -0.321388 0
    outer loop
      vertex 91.0727 62.5071 3
      vertex 91.0391 62.6061 6
      vertex 91.0391 62.6061 3
    endloop
  endfacet
  facet normal -0.946948 -0.321388 0
    outer loop
      vertex 91.0391 62.6061 6
      vertex 91.0727 62.5071 3
      vertex 91.0727 62.5071 6
    endloop
  endfacet
  facet normal 0.751973 -0.659194 0
    outer loop
      vertex 5.06532 62.787 6
      vertex 5.13431 62.8657 3
      vertex 5.13431 62.8657 6
    endloop
  endfacet
  facet normal 0.751973 -0.659194 0
    outer loop
      vertex 5.13431 62.8657 3
      vertex 5.06532 62.787 6
      vertex 5.06532 62.787 3
    endloop
  endfacet
  facet normal -0.0649964 -0.997886 0
    outer loop
      vertex 90.3 63.1 3
      vertex 90.4044 63.0932 6
      vertex 90.3 63.1 6
    endloop
  endfacet
  facet normal -0.0649964 -0.997886 -0
    outer loop
      vertex 90.4044 63.0932 6
      vertex 90.3 63.1 3
      vertex 90.4044 63.0932 3
    endloop
  endfacet
  facet normal -0.195749 -0.980654 0
    outer loop
      vertex 90.4044 63.0932 3
      vertex 90.5071 63.0727 6
      vertex 90.4044 63.0932 6
    endloop
  endfacet
  facet normal -0.195749 -0.980654 -0
    outer loop
      vertex 90.5071 63.0727 6
      vertex 90.4044 63.0932 3
      vertex 90.5071 63.0727 3
    endloop
  endfacet
  facet normal -0.321388 -0.946948 0
    outer loop
      vertex 90.5071 63.0727 3
      vertex 90.6061 63.0391 6
      vertex 90.5071 63.0727 6
    endloop
  endfacet
  facet normal -0.321388 -0.946948 -0
    outer loop
      vertex 90.6061 63.0391 6
      vertex 90.5071 63.0727 3
      vertex 90.6061 63.0391 3
    endloop
  endfacet
  facet normal 0.064984 -0.997886 0
    outer loop
      vertex 5.59558 63.0932 3
      vertex 5.7 63.1 6
      vertex 5.59558 63.0932 6
    endloop
  endfacet
  facet normal 0.064984 -0.997886 0
    outer loop
      vertex 5.7 63.1 6
      vertex 5.59558 63.0932 3
      vertex 5.7 63.1 3
    endloop
  endfacet
  facet normal 0.321469 0.94692 -0
    outer loop
      vertex 5.49294 4.92726 3
      vertex 5.39385 4.9609 6
      vertex 5.49294 4.92726 6
    endloop
  endfacet
  facet normal 0.321469 0.94692 0
    outer loop
      vertex 5.39385 4.9609 6
      vertex 5.49294 4.92726 3
      vertex 5.39385 4.9609 3
    endloop
  endfacet
  facet normal -0.980632 0.195859 0
    outer loop
      vertex 91.0727 5.49294 3
      vertex 91.0932 5.59558 6
      vertex 91.0932 5.59558 3
    endloop
  endfacet
  facet normal -0.980632 0.195859 0
    outer loop
      vertex 91.0932 5.59558 6
      vertex 91.0727 5.49294 3
      vertex 91.0727 5.49294 6
    endloop
  endfacet
  facet normal -0.659248 -0.751925 0
    outer loop
      vertex 90.787 62.9347 3
      vertex 90.8657 62.8657 6
      vertex 90.787 62.9347 6
    endloop
  endfacet
  facet normal -0.659248 -0.751925 -0
    outer loop
      vertex 90.8657 62.8657 6
      vertex 90.787 62.9347 3
      vertex 90.8657 62.8657 3
    endloop
  endfacet
  facet normal 0.9808 -0.195014 0
    outer loop
      vertex 4.90684 62.4044 6
      vertex 4.92726 62.5071 3
      vertex 4.92726 62.5071 6
    endloop
  endfacet
  facet normal 0.9808 -0.195014 0
    outer loop
      vertex 4.92726 62.5071 3
      vertex 4.90684 62.4044 6
      vertex 4.90684 62.4044 3
    endloop
  endfacet
  facet normal 0.321126 -0.947036 0
    outer loop
      vertex 5.39385 63.0391 3
      vertex 5.49294 63.0727 6
      vertex 5.39385 63.0391 6
    endloop
  endfacet
  facet normal 0.321126 -0.947036 0
    outer loop
      vertex 5.49294 63.0727 6
      vertex 5.39385 63.0391 3
      vertex 5.49294 63.0727 3
    endloop
  endfacet
  facet normal 0.195124 0.980779 -0
    outer loop
      vertex 5.59558 4.90684 3
      vertex 5.49294 4.92726 6
      vertex 5.59558 4.90684 6
    endloop
  endfacet
  facet normal 0.195124 0.980779 0
    outer loop
      vertex 5.49294 4.92726 6
      vertex 5.59558 4.90684 3
      vertex 5.49294 4.92726 3
    endloop
  endfacet
  facet normal 0.442429 -0.896803 0
    outer loop
      vertex 5.3 62.9928 3
      vertex 5.39385 63.0391 6
      vertex 5.3 62.9928 6
    endloop
  endfacet
  facet normal 0.442429 -0.896803 0
    outer loop
      vertex 5.39385 63.0391 6
      vertex 5.3 62.9928 3
      vertex 5.39385 63.0391 3
    endloop
  endfacet
  facet normal 0.0654432 0.997856 -0
    outer loop
      vertex 91.6526 67.9572 0
      vertex 91 68 3
      vertex 91.6526 67.9572 3
    endloop
  endfacet
  facet normal 0.0654432 0.997856 0
    outer loop
      vertex 91 68 3
      vertex 91.6526 67.9572 0
      vertex 91 68 0
    endloop
  endfacet
  facet normal -0.946926 0.32145 0
    outer loop
      vertex 0.17037 64.2941 0
      vertex 0.380602 64.9134 3
      vertex 0.380602 64.9134 0
    endloop
  endfacet
  facet normal -0.946926 0.32145 0
    outer loop
      vertex 0.380602 64.9134 3
      vertex 0.17037 64.2941 0
      vertex 0.17037 64.2941 3
    endloop
  endfacet
  facet normal -0.980787 0.195079 0
    outer loop
      vertex 0.0427752 63.6526 0
      vertex 0.17037 64.2941 3
      vertex 0.17037 64.2941 0
    endloop
  endfacet
  facet normal -0.980787 0.195079 0
    outer loop
      vertex 0.17037 64.2941 3
      vertex 0.0427752 63.6526 0
      vertex 0.0427752 63.6526 3
    endloop
  endfacet
  facet normal -0.751817 0.659372 0
    outer loop
      vertex 1.03323 66.0438 0
      vertex 1.46447 66.5355 3
      vertex 1.46447 66.5355 0
    endloop
  endfacet
  facet normal -0.751817 0.659372 0
    outer loop
      vertex 1.46447 66.5355 3
      vertex 1.03323 66.0438 0
      vertex 1.03323 66.0438 3
    endloop
  endfacet
  facet normal 0.831514 -0.555504 0
    outer loop
      vertex 94.9668 1.95619 3
      vertex 95.3301 2.5 0
      vertex 95.3301 2.5 3
    endloop
  endfacet
  facet normal 0.831514 -0.555504 0
    outer loop
      vertex 95.3301 2.5 0
      vertex 94.9668 1.95619 3
      vertex 94.9668 1.95619 0
    endloop
  endfacet
  facet normal -0.555566 -0.831473 0
    outer loop
      vertex 1.95619 1.03323 0
      vertex 2.5 0.669872 3
      vertex 1.95619 1.03323 3
    endloop
  endfacet
  facet normal -0.555566 -0.831473 -0
    outer loop
      vertex 2.5 0.669872 3
      vertex 1.95619 1.03323 0
      vertex 2.5 0.669872 0
    endloop
  endfacet
  facet normal -0.831468 0.555573 0
    outer loop
      vertex 0.669872 65.5 0
      vertex 1.03323 66.0438 3
      vertex 1.03323 66.0438 0
    endloop
  endfacet
  facet normal -0.831468 0.555573 0
    outer loop
      vertex 1.03323 66.0438 3
      vertex 0.669872 65.5 0
      vertex 0.669872 65.5 3
    endloop
  endfacet
  facet normal -0.0654402 0.997856 0
    outer loop
      vertex 5 68 0
      vertex 4.34737 67.9572 3
      vertex 5 68 3
    endloop
  endfacet
  facet normal -0.0654402 0.997856 0
    outer loop
      vertex 4.34737 67.9572 3
      vertex 5 68 0
      vertex 4.34737 67.9572 0
    endloop
  endfacet
  facet normal 0.997856 -0.0654402 0
    outer loop
      vertex 95.9572 4.34737 3
      vertex 96 5 0
      vertex 96 5 3
    endloop
  endfacet
  facet normal 0.997856 -0.0654402 0
    outer loop
      vertex 96 5 0
      vertex 95.9572 4.34737 3
      vertex 95.9572 4.34737 0
    endloop
  endfacet
  facet normal -0.659357 -0.75183 0
    outer loop
      vertex 1.46447 1.46447 0
      vertex 1.95619 1.03323 3
      vertex 1.46447 1.46447 3
    endloop
  endfacet
  facet normal -0.659357 -0.75183 -0
    outer loop
      vertex 1.95619 1.03323 3
      vertex 1.46447 1.46447 0
      vertex 1.95619 1.03323 0
    endloop
  endfacet
  facet normal -1 0 0
    outer loop
      vertex 0 63 0
      vertex 0 39.35 2.85
      vertex 0 63 3
    endloop
  endfacet
  facet normal -1 0 0
    outer loop
      vertex 0 5 0
      vertex 0 39.35 2.85
      vertex 0 63 0
    endloop
  endfacet
  facet normal -1 -0 0
    outer loop
      vertex 0 39.35 2.85
      vertex 0 5 0
      vertex 0 16.85 2.85
    endloop
  endfacet
  facet normal -1 0 0
    outer loop
      vertex 0 5 3
      vertex 0 16.85 2.85
      vertex 0 5 0
    endloop
  endfacet
  facet normal -1 0 0
    outer loop
      vertex 0 16.85 2.85
      vertex 0 5 3
      vertex 0 16.85 3
    endloop
  endfacet
  facet normal -1 -0 0
    outer loop
      vertex 0 63 3
      vertex 0 39.35 2.85
      vertex 0 39.35 3
    endloop
  endfacet
  facet normal 0.946941 0.321407 0
    outer loop
      vertex 95.8296 64.2941 3
      vertex 95.6194 64.9134 0
      vertex 95.6194 64.9134 3
    endloop
  endfacet
  facet normal 0.946941 0.321407 0
    outer loop
      vertex 95.6194 64.9134 0
      vertex 95.8296 64.2941 3
      vertex 95.8296 64.2941 0
    endloop
  endfacet
  facet normal -0.0654025 -0.997859 0
    outer loop
      vertex 4.34737 0.0427752 0
      vertex 5 0 3
      vertex 4.34737 0.0427752 3
    endloop
  endfacet
  facet normal -0.0654025 -0.997859 -0
    outer loop
      vertex 5 0 3
      vertex 4.34737 0.0427752 0
      vertex 5 0 0
    endloop
  endfacet
  facet normal 0.831509 0.555512 0
    outer loop
      vertex 95.3301 65.5 3
      vertex 94.9668 66.0438 0
      vertex 94.9668 66.0438 3
    endloop
  endfacet
  facet normal 0.831509 0.555512 0
    outer loop
      vertex 94.9668 66.0438 0
      vertex 95.3301 65.5 3
      vertex 95.3301 65.5 0
    endloop
  endfacet
  facet normal -0.44229 -0.896872 0
    outer loop
      vertex 2.5 0.669872 0
      vertex 3.08658 0.380602 3
      vertex 2.5 0.669872 3
    endloop
  endfacet
  facet normal -0.44229 -0.896872 -0
    outer loop
      vertex 3.08658 0.380602 3
      vertex 2.5 0.669872 0
      vertex 3.08658 0.380602 0
    endloop
  endfacet
  facet normal 0 -1 0
    outer loop
      vertex 5 0 0
      vertex 91 0 3
      vertex 5 0 3
    endloop
  endfacet
  facet normal 0 -1 -0
    outer loop
      vertex 91 0 3
      vertex 5 0 0
      vertex 91 0 0
    endloop
  endfacet
  facet normal 0.751771 0.659424 0
    outer loop
      vertex 94.9668 66.0438 3
      vertex 94.5355 66.5355 0
      vertex 94.5355 66.5355 3
    endloop
  endfacet
  facet normal 0.751771 0.659424 0
    outer loop
      vertex 94.5355 66.5355 0
      vertex 94.9668 66.0438 3
      vertex 94.9668 66.0438 0
    endloop
  endfacet
  facet normal -0.896878 0.442277 0
    outer loop
      vertex 0.380602 64.9134 0
      vertex 0.669872 65.5 3
      vertex 0.669872 65.5 0
    endloop
  endfacet
  facet normal -0.896878 0.442277 0
    outer loop
      vertex 0.669872 65.5 3
      vertex 0.380602 64.9134 0
      vertex 0.380602 64.9134 3
    endloop
  endfacet
  facet normal -0.442327 0.896854 0
    outer loop
      vertex 3.08658 67.6194 0
      vertex 2.5 67.3301 3
      vertex 3.08658 67.6194 3
    endloop
  endfacet
  facet normal -0.442327 0.896854 0
    outer loop
      vertex 2.5 67.3301 3
      vertex 3.08658 67.6194 0
      vertex 2.5 67.3301 0
    endloop
  endfacet
  facet normal 1 -0 0
    outer loop
      vertex 96 5 3
      vertex 96 63 0
      vertex 96 63 3
    endloop
  endfacet
  facet normal 1 0 0
    outer loop
      vertex 96 63 0
      vertex 96 5 3
      vertex 96 5 0
    endloop
  endfacet
  facet normal 0.195087 0.980786 -0
    outer loop
      vertex 92.2941 67.8296 0
      vertex 91.6526 67.9572 3
      vertex 92.2941 67.8296 3
    endloop
  endfacet
  facet normal 0.195087 0.980786 0
    outer loop
      vertex 91.6526 67.9572 3
      vertex 92.2941 67.8296 0
      vertex 91.6526 67.9572 0
    endloop
  endfacet
  facet normal -0.831473 -0.555566 0
    outer loop
      vertex 1.03323 1.95619 0
      vertex 0.669872 2.5 3
      vertex 0.669872 2.5 0
    endloop
  endfacet
  facet normal -0.831473 -0.555566 0
    outer loop
      vertex 0.669872 2.5 3
      vertex 1.03323 1.95619 0
      vertex 1.03323 1.95619 3
    endloop
  endfacet
  facet normal 0.32145 -0.946926 0
    outer loop
      vertex 92.2941 0.17037 0
      vertex 92.9134 0.380602 3
      vertex 92.2941 0.17037 3
    endloop
  endfacet
  facet normal 0.32145 -0.946926 0
    outer loop
      vertex 92.9134 0.380602 3
      vertex 92.2941 0.17037 0
      vertex 92.9134 0.380602 0
    endloop
  endfacet
  facet normal -0.195096 0.980784 0
    outer loop
      vertex 4.34737 67.9572 0
      vertex 3.7059 67.8296 3
      vertex 4.34737 67.9572 3
    endloop
  endfacet
  facet normal -0.195096 0.980784 0
    outer loop
      vertex 3.7059 67.8296 3
      vertex 4.34737 67.9572 0
      vertex 3.7059 67.8296 0
    endloop
  endfacet
  facet normal -0.94693 -0.321441 0
    outer loop
      vertex 0.380602 3.08658 0
      vertex 0.17037 3.7059 3
      vertex 0.17037 3.7059 0
    endloop
  endfacet
  facet normal -0.94693 -0.321441 0
    outer loop
      vertex 0.17037 3.7059 3
      vertex 0.380602 3.08658 0
      vertex 0.380602 3.08658 3
    endloop
  endfacet
  facet normal -0.997859 -0.0654025 0
    outer loop
      vertex 0.0427752 4.34737 0
      vertex 0 5 3
      vertex 0 5 0
    endloop
  endfacet
  facet normal -0.997859 -0.0654025 0
    outer loop
      vertex 0 5 3
      vertex 0.0427752 4.34737 0
      vertex 0.0427752 4.34737 3
    endloop
  endfacet
  facet normal 0.555573 -0.831468 0
    outer loop
      vertex 93.5 0.669872 0
      vertex 94.0438 1.03323 3
      vertex 93.5 0.669872 3
    endloop
  endfacet
  facet normal 0.555573 -0.831468 0
    outer loop
      vertex 94.0438 1.03323 3
      vertex 93.5 0.669872 0
      vertex 94.0438 1.03323 0
    endloop
  endfacet
  facet normal 0.555512 0.831509 -0
    outer loop
      vertex 94.0438 66.9668 0
      vertex 93.5 67.3301 3
      vertex 94.0438 66.9668 3
    endloop
  endfacet
  facet normal 0.555512 0.831509 0
    outer loop
      vertex 93.5 67.3301 3
      vertex 94.0438 66.9668 0
      vertex 93.5 67.3301 0
    endloop
  endfacet
  facet normal -0.321441 -0.94693 0
    outer loop
      vertex 3.08658 0.380602 0
      vertex 3.7059 0.17037 3
      vertex 3.08658 0.380602 3
    endloop
  endfacet
  facet normal -0.321441 -0.94693 -0
    outer loop
      vertex 3.7059 0.17037 3
      vertex 3.08658 0.380602 0
      vertex 3.7059 0.17037 0
    endloop
  endfacet
  facet normal -0.75183 -0.659357 0
    outer loop
      vertex 1.46447 1.46447 0
      vertex 1.03323 1.95619 3
      vertex 1.03323 1.95619 0
    endloop
  endfacet
  facet normal -0.75183 -0.659357 0
    outer loop
      vertex 1.03323 1.95619 3
      vertex 1.46447 1.46447 0
      vertex 1.46447 1.46447 3
    endloop
  endfacet
  facet normal 0.751784 -0.659409 0
    outer loop
      vertex 94.5355 1.46447 3
      vertex 94.9668 1.95619 0
      vertex 94.9668 1.95619 3
    endloop
  endfacet
  facet normal 0.751784 -0.659409 0
    outer loop
      vertex 94.9668 1.95619 0
      vertex 94.5355 1.46447 3
      vertex 94.5355 1.46447 0
    endloop
  endfacet
  facet normal 0.980786 0.195087 0
    outer loop
      vertex 95.9572 63.6526 3
      vertex 95.8296 64.2941 0
      vertex 95.8296 64.2941 3
    endloop
  endfacet
  facet normal 0.980786 0.195087 0
    outer loop
      vertex 95.8296 64.2941 0
      vertex 95.9572 63.6526 3
      vertex 95.9572 63.6526 0
    endloop
  endfacet
  facet normal 0 1 -0
    outer loop
      vertex 91 68 0
      vertex 5 68 3
      vertex 91 68 3
    endloop
  endfacet
  facet normal 0 1 0
    outer loop
      vertex 5 68 3
      vertex 91 68 0
      vertex 5 68 0
    endloop
  endfacet
  facet normal -0.659409 0.751784 0
    outer loop
      vertex 1.95619 66.9668 0
      vertex 1.46447 66.5355 3
      vertex 1.95619 66.9668 3
    endloop
  endfacet
  facet normal -0.659409 0.751784 0
    outer loop
      vertex 1.46447 66.5355 3
      vertex 1.95619 66.9668 0
      vertex 1.46447 66.5355 0
    endloop
  endfacet
  facet normal -0.321397 0.946944 0
    outer loop
      vertex 3.7059 67.8296 0
      vertex 3.08658 67.6194 3
      vertex 3.7059 67.8296 3
    endloop
  endfacet
  facet normal -0.321397 0.946944 0
    outer loop
      vertex 3.08658 67.6194 3
      vertex 3.7059 67.8296 0
      vertex 3.08658 67.6194 0
    endloop
  endfacet
  facet normal -0.980786 -0.195088 0
    outer loop
      vertex 0.17037 3.7059 0
      vertex 0.0427752 4.34737 3
      vertex 0.0427752 4.34737 0
    endloop
  endfacet
  facet normal -0.980786 -0.195088 0
    outer loop
      vertex 0.0427752 4.34737 3
      vertex 0.17037 3.7059 0
      vertex 0.17037 3.7059 3
    endloop
  endfacet
  facet normal -0.997859 0.0654055 0
    outer loop
      vertex 0 63 0
      vertex 0.0427752 63.6526 3
      vertex 0.0427752 63.6526 0
    endloop
  endfacet
  facet normal -0.997859 0.0654055 0
    outer loop
      vertex 0.0427752 63.6526 3
      vertex 0 63 0
      vertex 0 63 3
    endloop
  endfacet
  facet normal 0 0 1
    outer loop
      vertex 0 5 3
      vertex 1.5 5 3
      vertex 1.5 16.85 3
    endloop
  endfacet
  facet normal 0 -0 1
    outer loop
      vertex 0.0427752 4.34737 3
      vertex 1.5 5 3
      vertex 0 5 3
    endloop
  endfacet
  facet normal 0 0 1
    outer loop
      vertex 1.5 5 3
      vertex 1.03323 1.95619 3
      vertex 1.46447 1.46447 3
    endloop
  endfacet
  facet normal 0 0 1
    outer loop
      vertex 1.5 5 3
      vertex 0.669872 2.5 3
      vertex 1.03323 1.95619 3
    endloop
  endfacet
  facet normal 0 0 1
    outer loop
      vertex 1.5 5 3
      vertex 0.380602 3.08658 3
      vertex 0.669872 2.5 3
    endloop
  endfacet
  facet normal 0 0 1
    outer loop
      vertex 1.5 5 3
      vertex 0.17037 3.7059 3
      vertex 0.380602 3.08658 3
    endloop
  endfacet
  facet normal 0 0 1
    outer loop
      vertex 0 5 3
      vertex 1.5 16.85 3
      vertex 0 16.85 3
    endloop
  endfacet
  facet normal 0 0 1
    outer loop
      vertex 1.5 5 3
      vertex 0.0427752 4.34737 3
      vertex 0.17037 3.7059 3
    endloop
  endfacet
  facet normal 0 0 1
    outer loop
      vertex 94.5 63 3
      vertex 96 63 3
      vertex 95.9572 63.6526 3
    endloop
  endfacet
  facet normal 0 0 1
    outer loop
      vertex 96 63 3
      vertex 94.5 63 3
      vertex 96 5 3
    endloop
  endfacet
  facet normal 0 0 1
    outer loop
      vertex 94.4701 63.4568 3
      vertex 95.9572 63.6526 3
      vertex 95.8296 64.2941 3
    endloop
  endfacet
  facet normal 0 0 1
    outer loop
      vertex 94.5 5 3
      vertex 96 5 3
      vertex 94.5 63 3
    endloop
  endfacet
  facet normal 0 0 1
    outer loop
      vertex 94.3807 63.9059 3
      vertex 95.8296 64.2941 3
      vertex 95.6194 64.9134 3
    endloop
  endfacet
  facet normal 0 0 1
    outer loop
      vertex 96 5 3
      vertex 94.5 5 3
      vertex 95.9572 4.34737 3
    endloop
  endfacet
  facet normal 0 0 1
    outer loop
      vertex 94.2336 64.3394 3
      vertex 95.6194 64.9134 3
      vertex 95.3301 65.5 3
    endloop
  endfacet
  facet normal -0 0 1
    outer loop
      vertex 94.4701 4.54316 3
      vertex 95.9572 4.34737 3
      vertex 94.5 5 3
    endloop
  endfacet
  facet normal 0 0 1
    outer loop
      vertex 94.0311 64.75 3
      vertex 95.3301 65.5 3
      vertex 94.9668 66.0438 3
    endloop
  endfacet
  facet normal 0 0 1
    outer loop
      vertex 95.9572 4.34737 3
      vertex 94.4701 4.54316 3
      vertex 95.8296 3.7059 3
    endloop
  endfacet
  facet normal 0 0 1
    outer loop
      vertex 93.7767 65.1307 3
      vertex 94.9668 66.0438 3
      vertex 94.5355 66.5355 3
    endloop
  endfacet
  facet normal -0 0 1
    outer loop
      vertex 94.3807 4.09413 3
      vertex 95.8296 3.7059 3
      vertex 94.4701 4.54316 3
    endloop
  endfacet
  facet normal 0 0 1
    outer loop
      vertex 95.8296 3.7059 3
      vertex 94.3807 4.09413 3
      vertex 95.6194 3.08658 3
    endloop
  endfacet
  facet normal 0 0 1
    outer loop
      vertex 95.9572 63.6526 3
      vertex 94.4701 63.4568 3
      vertex 94.5 63 3
    endloop
  endfacet
  facet normal 0 0 1
    outer loop
      vertex 95.8296 64.2941 3
      vertex 94.3807 63.9059 3
      vertex 94.4701 63.4568 3
    endloop
  endfacet
  facet normal 0 0 1
    outer loop
      vertex 95.6194 64.9134 3
      vertex 94.2336 64.3394 3
      vertex 94.3807 63.9059 3
    endloop
  endfacet
  facet normal 0 0 1
    outer loop
      vertex 93.4749 65.4749 3
      vertex 94.5355 66.5355 3
      vertex 94.0438 66.9668 3
    endloop
  endfacet
  facet normal 0 0 1
    outer loop
      vertex 95.3301 65.5 3
      vertex 94.0311 64.75 3
      vertex 94.2336 64.3394 3
    endloop
  endfacet
  facet normal 0 0 1
    outer loop
      vertex 94.9668 66.0438 3
      vertex 93.7767 65.1307 3
      vertex 94.0311 64.75 3
    endloop
  endfacet
  facet normal 0 0 1
    outer loop
      vertex 93.1307 65.7767 3
      vertex 94.0438 66.9668 3
      vertex 93.5 67.3301 3
    endloop
  endfacet
  facet normal 0 0 1
    outer loop
      vertex 94.5355 66.5355 3
      vertex 93.4749 65.4749 3
      vertex 93.7767 65.1307 3
    endloop
  endfacet
  facet normal 0 0 1
    outer loop
      vertex 94.0438 66.9668 3
      vertex 93.1307 65.7767 3
      vertex 93.4749 65.4749 3
    endloop
  endfacet
  facet normal 0 0 1
    outer loop
      vertex 92.75 66.0311 3
      vertex 93.5 67.3301 3
      vertex 92.9134 67.6194 3
    endloop
  endfacet
  facet normal 0 0 1
    outer loop
      vertex 93.5 67.3301 3
      vertex 92.75 66.0311 3
      vertex 93.1307 65.7767 3
    endloop
  endfacet
  facet normal 0 0 1
    outer loop
      vertex 92.9134 67.6194 3
      vertex 92.3394 66.2336 3
      vertex 92.75 66.0311 3
    endloop
  endfacet
  facet normal 0 0 1
    outer loop
      vertex 92.2941 67.8296 3
      vertex 92.3394 66.2336 3
      vertex 92.9134 67.6194 3
    endloop
  endfacet
  facet normal 0 0 1
    outer loop
      vertex 92.2941 67.8296 3
      vertex 91.9059 66.3807 3
      vertex 92.3394 66.2336 3
    endloop
  endfacet
  facet normal 0 0 1
    outer loop
      vertex 91.6526 67.9572 3
      vertex 91.9059 66.3807 3
      vertex 92.2941 67.8296 3
    endloop
  endfacet
  facet normal 0 0 1
    outer loop
      vertex 91.6526 67.9572 3
      vertex 91.4568 66.4701 3
      vertex 91.9059 66.3807 3
    endloop
  endfacet
  facet normal 0 0 1
    outer loop
      vertex 91 68 3
      vertex 91.4568 66.4701 3
      vertex 91.6526 67.9572 3
    endloop
  endfacet
  facet normal 0 0 1
    outer loop
      vertex 91 68 3
      vertex 91 66.5 3
      vertex 91.4568 66.4701 3
    endloop
  endfacet
  facet normal -0 0 1
    outer loop
      vertex 5 68 3
      vertex 91 66.5 3
      vertex 91 68 3
    endloop
  endfacet
  facet normal 0 0 1
    outer loop
      vertex 5 68 3
      vertex 5 66.5 3
      vertex 91 66.5 3
    endloop
  endfacet
  facet normal 0 0 1
    outer loop
      vertex 5 68 3
      vertex 4.54316 66.4701 3
      vertex 5 66.5 3
    endloop
  endfacet
  facet normal -0 0 1
    outer loop
      vertex 4.34737 67.9572 3
      vertex 4.54316 66.4701 3
      vertex 5 68 3
    endloop
  endfacet
  facet normal 0 0 1
    outer loop
      vertex 4.34737 67.9572 3
      vertex 4.09413 66.3807 3
      vertex 4.54316 66.4701 3
    endloop
  endfacet
  facet normal -0 0 1
    outer loop
      vertex 3.7059 67.8296 3
      vertex 4.09413 66.3807 3
      vertex 4.34737 67.9572 3
    endloop
  endfacet
  facet normal 0 0 1
    outer loop
      vertex 3.7059 67.8296 3
      vertex 3.66061 66.2336 3
      vertex 4.09413 66.3807 3
    endloop
  endfacet
  facet normal -0 0 1
    outer loop
      vertex 3.08658 67.6194 3
      vertex 3.66061 66.2336 3
      vertex 3.7059 67.8296 3
    endloop
  endfacet
  facet normal 0 0 1
    outer loop
      vertex 3.66061 66.2336 3
      vertex 3.08658 67.6194 3
      vertex 3.25 66.0311 3
    endloop
  endfacet
  facet normal -0 0 1
    outer loop
      vertex 2.5 67.3301 3
      vertex 3.25 66.0311 3
      vertex 3.08658 67.6194 3
    endloop
  endfacet
  facet normal 0 0 1
    outer loop
      vertex 3.25 66.0311 3
      vertex 2.5 67.3301 3
      vertex 2.86933 65.7767 3
    endloop
  endfacet
  facet normal -0 0 1
    outer loop
      vertex 1.95619 66.9668 3
      vertex 2.86933 65.7767 3
      vertex 2.5 67.3301 3
    endloop
  endfacet
  facet normal 0 0 1
    outer loop
      vertex 2.86933 65.7767 3
      vertex 1.95619 66.9668 3
      vertex 2.52513 65.4749 3
    endloop
  endfacet
  facet normal -0 0 1
    outer loop
      vertex 1.46447 66.5355 3
      vertex 2.52513 65.4749 3
      vertex 1.95619 66.9668 3
    endloop
  endfacet
  facet normal 0 0 1
    outer loop
      vertex 2.52513 65.4749 3
      vertex 1.46447 66.5355 3
      vertex 2.22326 65.1307 3
    endloop
  endfacet
  facet normal -0 0 1
    outer loop
      vertex 1.03323 66.0438 3
      vertex 2.22326 65.1307 3
      vertex 1.46447 66.5355 3
    endloop
  endfacet
  facet normal 0 0 1
    outer loop
      vertex 2.22326 65.1307 3
      vertex 1.03323 66.0438 3
      vertex 1.96891 64.75 3
    endloop
  endfacet
  facet normal -0 0 1
    outer loop
      vertex 0.669872 65.5 3
      vertex 1.96891 64.75 3
      vertex 1.03323 66.0438 3
    endloop
  endfacet
  facet normal 0 0 1
    outer loop
      vertex 1.96891 64.75 3
      vertex 0.669872 65.5 3
      vertex 1.76642 64.3394 3
    endloop
  endfacet
  facet normal -0 0 1
    outer loop
      vertex 0.380602 64.9134 3
      vertex 1.76642 64.3394 3
      vertex 0.669872 65.5 3
    endloop
  endfacet
  facet normal 0 0 1
    outer loop
      vertex 1.76642 64.3394 3
      vertex 0.380602 64.9134 3
      vertex 1.61926 63.9059 3
    endloop
  endfacet
  facet normal -0 0 1
    outer loop
      vertex 0.17037 64.2941 3
      vertex 1.61926 63.9059 3
      vertex 0.380602 64.9134 3
    endloop
  endfacet
  facet normal 0 0 1
    outer loop
      vertex 1.61926 63.9059 3
      vertex 0.17037 64.2941 3
      vertex 1.52994 63.4568 3
    endloop
  endfacet
  facet normal -0 0 1
    outer loop
      vertex 0.0427752 63.6526 3
      vertex 1.52994 63.4568 3
      vertex 0.17037 64.2941 3
    endloop
  endfacet
  facet normal 0 0 1
    outer loop
      vertex 1.52994 63.4568 3
      vertex 0.0427752 63.6526 3
      vertex 1.5 63 3
    endloop
  endfacet
  facet normal 0 0 1
    outer loop
      vertex 1.5 63 3
      vertex 0.0427752 63.6526 3
      vertex 0 63 3
    endloop
  endfacet
  facet normal 0 0 1
    outer loop
      vertex 1.5 63 3
      vertex 0 63 3
      vertex 1.5 39.35 3
    endloop
  endfacet
  facet normal 0 0 1
    outer loop
      vertex 1.5 39.35 3
      vertex 0 63 3
      vertex 0 39.35 3
    endloop
  endfacet
  facet normal -0 0 1
    outer loop
      vertex 94.2336 3.66061 3
      vertex 95.6194 3.08658 3
      vertex 94.3807 4.09413 3
    endloop
  endfacet
  facet normal 0 0 1
    outer loop
      vertex 95.6194 3.08658 3
      vertex 94.2336 3.66061 3
      vertex 95.3301 2.5 3
    endloop
  endfacet
  facet normal -0 0 1
    outer loop
      vertex 94.0311 3.25 3
      vertex 95.3301 2.5 3
      vertex 94.2336 3.66061 3
    endloop
  endfacet
  facet normal 0 0 1
    outer loop
      vertex 95.3301 2.5 3
      vertex 94.0311 3.25 3
      vertex 94.9668 1.95619 3
    endloop
  endfacet
  facet normal -0 0 1
    outer loop
      vertex 93.7767 2.86933 3
      vertex 94.9668 1.95619 3
      vertex 94.0311 3.25 3
    endloop
  endfacet
  facet normal 0 0 1
    outer loop
      vertex 94.9668 1.95619 3
      vertex 93.7767 2.86933 3
      vertex 94.5355 1.46447 3
    endloop
  endfacet
  facet normal -0 0 1
    outer loop
      vertex 93.4749 2.52513 3
      vertex 94.5355 1.46447 3
      vertex 93.7767 2.86933 3
    endloop
  endfacet
  facet normal 0 0 1
    outer loop
      vertex 94.5355 1.46447 3
      vertex 93.4749 2.52513 3
      vertex 94.0438 1.03323 3
    endloop
  endfacet
  facet normal -0 0 1
    outer loop
      vertex 93.1307 2.22326 3
      vertex 94.0438 1.03323 3
      vertex 93.4749 2.52513 3
    endloop
  endfacet
  facet normal 0 0 1
    outer loop
      vertex 94.0438 1.03323 3
      vertex 93.1307 2.22326 3
      vertex 93.5 0.669872 3
    endloop
  endfacet
  facet normal -0 0 1
    outer loop
      vertex 92.75 1.96891 3
      vertex 93.5 0.669872 3
      vertex 93.1307 2.22326 3
    endloop
  endfacet
  facet normal 0 0 1
    outer loop
      vertex 93.5 0.669872 3
      vertex 92.75 1.96891 3
      vertex 92.9134 0.380602 3
    endloop
  endfacet
  facet normal -0 0 1
    outer loop
      vertex 92.3394 1.76642 3
      vertex 92.9134 0.380602 3
      vertex 92.75 1.96891 3
    endloop
  endfacet
  facet normal 0 0 1
    outer loop
      vertex 92.3394 1.76642 3
      vertex 92.2941 0.17037 3
      vertex 92.9134 0.380602 3
    endloop
  endfacet
  facet normal -0 0 1
    outer loop
      vertex 91.9059 1.61926 3
      vertex 92.2941 0.17037 3
      vertex 92.3394 1.76642 3
    endloop
  endfacet
  facet normal 0 0 1
    outer loop
      vertex 91.9059 1.61926 3
      vertex 91.6526 0.0427752 3
      vertex 92.2941 0.17037 3
    endloop
  endfacet
  facet normal -0 0 1
    outer loop
      vertex 91.4568 1.52994 3
      vertex 91.6526 0.0427752 3
      vertex 91.9059 1.61926 3
    endloop
  endfacet
  facet normal -0 0 1
    outer loop
      vertex 91 1.5 3
      vertex 91.6526 0.0427752 3
      vertex 91.4568 1.52994 3
    endloop
  endfacet
  facet normal 0 0 1
    outer loop
      vertex 91 1.5 3
      vertex 91 0 3
      vertex 91.6526 0.0427752 3
    endloop
  endfacet
  facet normal -0 0 1
    outer loop
      vertex 5 1.5 3
      vertex 91 0 3
      vertex 91 1.5 3
    endloop
  endfacet
  facet normal 0 0 1
    outer loop
      vertex 5 1.5 3
      vertex 5 0 3
      vertex 91 0 3
    endloop
  endfacet
  facet normal 0 0 1
    outer loop
      vertex 4.54316 1.52994 3
      vertex 5 0 3
      vertex 5 1.5 3
    endloop
  endfacet
  facet normal 0 0 1
    outer loop
      vertex 4.54316 1.52994 3
      vertex 4.34737 0.0427752 3
      vertex 5 0 3
    endloop
  endfacet
  facet normal 0 0 1
    outer loop
      vertex 4.09413 1.61926 3
      vertex 4.34737 0.0427752 3
      vertex 4.54316 1.52994 3
    endloop
  endfacet
  facet normal 0 0 1
    outer loop
      vertex 4.09413 1.61926 3
      vertex 3.7059 0.17037 3
      vertex 4.34737 0.0427752 3
    endloop
  endfacet
  facet normal 0 0 1
    outer loop
      vertex 3.66061 1.76642 3
      vertex 3.7059 0.17037 3
      vertex 4.09413 1.61926 3
    endloop
  endfacet
  facet normal 0 0 1
    outer loop
      vertex 3.08658 0.380602 3
      vertex 3.66061 1.76642 3
      vertex 3.25 1.96891 3
    endloop
  endfacet
  facet normal 0 0 1
    outer loop
      vertex 3.66061 1.76642 3
      vertex 3.08658 0.380602 3
      vertex 3.7059 0.17037 3
    endloop
  endfacet
  facet normal 0 0 1
    outer loop
      vertex 2.5 0.669872 3
      vertex 3.25 1.96891 3
      vertex 2.86933 2.22326 3
    endloop
  endfacet
  facet normal 0 0 1
    outer loop
      vertex 1.95619 1.03323 3
      vertex 2.86933 2.22326 3
      vertex 2.52513 2.52513 3
    endloop
  endfacet
  facet normal 0 0 1
    outer loop
      vertex 3.25 1.96891 3
      vertex 2.5 0.669872 3
      vertex 3.08658 0.380602 3
    endloop
  endfacet
  facet normal 0 0 1
    outer loop
      vertex 1.46447 1.46447 3
      vertex 2.52513 2.52513 3
      vertex 2.22326 2.86933 3
    endloop
  endfacet
  facet normal 0 0 1
    outer loop
      vertex 1.46447 1.46447 3
      vertex 2.22326 2.86933 3
      vertex 1.96891 3.25 3
    endloop
  endfacet
  facet normal 0 0 1
    outer loop
      vertex 2.86933 2.22326 3
      vertex 1.95619 1.03323 3
      vertex 2.5 0.669872 3
    endloop
  endfacet
  facet normal 0 0 1
    outer loop
      vertex 1.46447 1.46447 3
      vertex 1.96891 3.25 3
      vertex 1.76642 3.66061 3
    endloop
  endfacet
  facet normal 0 0 1
    outer loop
      vertex 1.46447 1.46447 3
      vertex 1.76642 3.66061 3
      vertex 1.61926 4.09413 3
    endloop
  endfacet
  facet normal 0 0 1
    outer loop
      vertex 1.46447 1.46447 3
      vertex 1.61926 4.09413 3
      vertex 1.52994 4.54316 3
    endloop
  endfacet
  facet normal 0 0 1
    outer loop
      vertex 2.52513 2.52513 3
      vertex 1.46447 1.46447 3
      vertex 1.95619 1.03323 3
    endloop
  endfacet
  facet normal 0 0 1
    outer loop
      vertex 1.46447 1.46447 3
      vertex 1.52994 4.54316 3
      vertex 1.5 5 3
    endloop
  endfacet
  facet normal -0 0 1
    outer loop
      vertex 5 64.7 3
      vertex 5.03895 64.6829 3
      vertex 5.29999 64.7 3
    endloop
  endfacet
  facet normal 0 0 1
    outer loop
      vertex 5 64.7 3
      vertex 4.78236 64.6319 3
      vertex 5.03895 64.6829 3
    endloop
  endfacet
  facet normal -0 0 1
    outer loop
      vertex 4.7781 64.6855 3
      vertex 4.78236 64.6319 3
      vertex 5 64.7 3
    endloop
  endfacet
  facet normal -0 0 1
    outer loop
      vertex 4.56001 64.6421 3
      vertex 4.78236 64.6319 3
      vertex 4.7781 64.6855 3
    endloop
  endfacet
  facet normal 0 0 1
    outer loop
      vertex 4.56001 64.6421 3
      vertex 4.53463 64.5478 3
      vertex 4.78236 64.6319 3
    endloop
  endfacet
  facet normal -0 0 1
    outer loop
      vertex 4.34944 64.5706 3
      vertex 4.53463 64.5478 3
      vertex 4.56001 64.6421 3
    endloop
  endfacet
  facet normal 0 0 1
    outer loop
      vertex 4.34944 64.5706 3
      vertex 4.3 64.4321 3
      vertex 4.53463 64.5478 3
    endloop
  endfacet
  facet normal -0 0 1
    outer loop
      vertex 4.15 64.4722 3
      vertex 4.3 64.4321 3
      vertex 4.34944 64.5706 3
    endloop
  endfacet
  facet normal 0 0 1
    outer loop
      vertex 4.15 64.4722 3
      vertex 4.08248 64.2867 3
      vertex 4.3 64.4321 3
    endloop
  endfacet
  facet normal -0 0 1
    outer loop
      vertex 3.9651 64.3487 3
      vertex 4.08248 64.2867 3
      vertex 4.15 64.4722 3
    endloop
  endfacet
  facet normal 0 0 1
    outer loop
      vertex 3.9651 64.3487 3
      vertex 3.88579 64.1142 3
      vertex 4.08248 64.2867 3
    endloop
  endfacet
  facet normal -0 0 1
    outer loop
      vertex 3.79792 64.2021 3
      vertex 3.88579 64.1142 3
      vertex 3.9651 64.3487 3
    endloop
  endfacet
  facet normal 0 0 1
    outer loop
      vertex 3.6513 64.0349 3
      vertex 3.88579 64.1142 3
      vertex 3.79792 64.2021 3
    endloop
  endfacet
  facet normal 0 0 1
    outer loop
      vertex 3.88579 64.1142 3
      vertex 3.6513 64.0349 3
      vertex 3.71329 63.9175 3
    endloop
  endfacet
  facet normal 0 0 1
    outer loop
      vertex 3.52776 63.85 3
      vertex 3.71329 63.9175 3
      vertex 3.6513 64.0349 3
    endloop
  endfacet
  facet normal 0 0 1
    outer loop
      vertex 3.71329 63.9175 3
      vertex 3.52776 63.85 3
      vertex 3.56795 63.7 3
    endloop
  endfacet
  facet normal 0 0 1
    outer loop
      vertex 3.4294 63.6506 3
      vertex 3.56795 63.7 3
      vertex 3.52776 63.85 3
    endloop
  endfacet
  facet normal 0 0 1
    outer loop
      vertex 3.56795 63.7 3
      vertex 3.4294 63.6506 3
      vertex 3.45224 63.4654 3
    endloop
  endfacet
  facet normal 0 0 1
    outer loop
      vertex 3.35792 63.44 3
      vertex 3.45224 63.4654 3
      vertex 3.4294 63.6506 3
    endloop
  endfacet
  facet normal 0 0 1
    outer loop
      vertex 3.45224 63.4654 3
      vertex 3.35792 63.44 3
      vertex 3.36815 63.2176 3
    endloop
  endfacet
  facet normal -0 0 1
    outer loop
      vertex 3.31454 63.2219 3
      vertex 3.36815 63.2176 3
      vertex 3.35792 63.44 3
    endloop
  endfacet
  facet normal 0 0 1
    outer loop
      vertex 3.3 63 3
      vertex 3.36815 63.2176 3
      vertex 3.31454 63.2219 3
    endloop
  endfacet
  facet normal 0 0 1
    outer loop
      vertex 3.36815 63.2176 3
      vertex 3.3 63 3
      vertex 3.31711 62.9611 3
    endloop
  endfacet
  facet normal 0 0 1
    outer loop
      vertex 3.31711 62.9611 3
      vertex 3.3 63 3
      vertex 3.3 62.7 3
    endloop
  endfacet
  facet normal 0 0 0
    outer loop
      vertex 3.3 39.35 3
      vertex 3.3 62.7 3
      vertex 3.3 63 3
    endloop
  endfacet
  facet normal -0 0 1
    outer loop
      vertex 92.6829 5.03895 3
      vertex 92.7 5 3
      vertex 92.7 5.29999 3
    endloop
  endfacet
  facet normal 0 0 1
    outer loop
      vertex 92.6319 4.78236 3
      vertex 92.7 5 3
      vertex 92.6829 5.03895 3
    endloop
  endfacet
  facet normal 0 0 1
    outer loop
      vertex 92.7 5 3
      vertex 92.6319 4.78236 3
      vertex 92.6855 4.7781 3
    endloop
  endfacet
  facet normal 0 0 1
    outer loop
      vertex 92.6855 4.7781 3
      vertex 92.6319 4.78236 3
      vertex 92.6421 4.56001 3
    endloop
  endfacet
  facet normal 0 0 1
    outer loop
      vertex 92.5478 4.53463 3
      vertex 92.6421 4.56001 3
      vertex 92.6319 4.78236 3
    endloop
  endfacet
  facet normal 0 0 1
    outer loop
      vertex 92.6421 4.56001 3
      vertex 92.5478 4.53463 3
      vertex 92.5706 4.34944 3
    endloop
  endfacet
  facet normal 0 0 1
    outer loop
      vertex 92.4321 4.3 3
      vertex 92.5706 4.34944 3
      vertex 92.5478 4.53463 3
    endloop
  endfacet
  facet normal 0 0 1
    outer loop
      vertex 92.5706 4.34944 3
      vertex 92.4321 4.3 3
      vertex 92.4722 4.15 3
    endloop
  endfacet
  facet normal 0 0 1
    outer loop
      vertex 92.2867 4.08248 3
      vertex 92.4722 4.15 3
      vertex 92.4321 4.3 3
    endloop
  endfacet
  facet normal 0 0 1
    outer loop
      vertex 92.4722 4.15 3
      vertex 92.2867 4.08248 3
      vertex 92.3487 3.9651 3
    endloop
  endfacet
  facet normal 0 0 1
    outer loop
      vertex 92.1142 3.88579 3
      vertex 92.3487 3.9651 3
      vertex 92.2867 4.08248 3
    endloop
  endfacet
  facet normal 0 0 1
    outer loop
      vertex 92.3487 3.9651 3
      vertex 92.1142 3.88579 3
      vertex 92.2021 3.79792 3
    endloop
  endfacet
  facet normal 0 0 1
    outer loop
      vertex 92.1142 3.88579 3
      vertex 92.0349 3.6513 3
      vertex 92.2021 3.79792 3
    endloop
  endfacet
  facet normal -0 0 1
    outer loop
      vertex 91.9175 3.71329 3
      vertex 92.0349 3.6513 3
      vertex 92.1142 3.88579 3
    endloop
  endfacet
  facet normal 0 0 1
    outer loop
      vertex 91.9175 3.71329 3
      vertex 91.85 3.52776 3
      vertex 92.0349 3.6513 3
    endloop
  endfacet
  facet normal -0 0 1
    outer loop
      vertex 91.7 3.56795 3
      vertex 91.85 3.52776 3
      vertex 91.9175 3.71329 3
    endloop
  endfacet
  facet normal 0 0 1
    outer loop
      vertex 91.7 3.56795 3
      vertex 91.6506 3.4294 3
      vertex 91.85 3.52776 3
    endloop
  endfacet
  facet normal -0 0 1
    outer loop
      vertex 91.4654 3.45224 3
      vertex 91.6506 3.4294 3
      vertex 91.7 3.56795 3
    endloop
  endfacet
  facet normal 0 0 1
    outer loop
      vertex 91.4654 3.45224 3
      vertex 91.44 3.35792 3
      vertex 91.6506 3.4294 3
    endloop
  endfacet
  facet normal -0 0 1
    outer loop
      vertex 91.2176 3.36815 3
      vertex 91.44 3.35792 3
      vertex 91.4654 3.45224 3
    endloop
  endfacet
  facet normal 0 0 1
    outer loop
      vertex 91.44 3.35792 3
      vertex 91.2176 3.36815 3
      vertex 91.2219 3.31454 3
    endloop
  endfacet
  facet normal 0 0 1
    outer loop
      vertex 91.2176 3.36815 3
      vertex 91 3.3 3
      vertex 91.2219 3.31454 3
    endloop
  endfacet
  facet normal -0 0 1
    outer loop
      vertex 90.9611 3.31711 3
      vertex 91 3.3 3
      vertex 91.2176 3.36815 3
    endloop
  endfacet
  facet normal 0 0 1
    outer loop
      vertex 90.7 3.3 3
      vertex 91 3.3 3
      vertex 90.9611 3.31711 3
    endloop
  endfacet
  facet normal 0 0 0
    outer loop
      vertex 5.3 3.3 3
      vertex 91 3.3 3
      vertex 90.7 3.3 3
    endloop
  endfacet
  facet normal 0 0 -0
    outer loop
      vertex 5.3 3.3 3
      vertex 5 3.3 3
      vertex 91 3.3 3
    endloop
  endfacet
  facet normal 0 0 1
    outer loop
      vertex 5.03895 3.31711 3
      vertex 5 3.3 3
      vertex 5.3 3.3 3
    endloop
  endfacet
  facet normal 0 0 1
    outer loop
      vertex 4.78236 3.36815 3
      vertex 5 3.3 3
      vertex 5.03895 3.31711 3
    endloop
  endfacet
  facet normal 0 0 1
    outer loop
      vertex 4.78236 3.36815 3
      vertex 4.7781 3.31454 3
      vertex 5 3.3 3
    endloop
  endfacet
  facet normal 0 0 1
    outer loop
      vertex 4.78236 3.36815 3
      vertex 4.56001 3.35792 3
      vertex 4.7781 3.31454 3
    endloop
  endfacet
  facet normal 0 0 1
    outer loop
      vertex 4.53463 3.45224 3
      vertex 4.56001 3.35792 3
      vertex 4.78236 3.36815 3
    endloop
  endfacet
  facet normal 0 0 1
    outer loop
      vertex 4.53463 3.45224 3
      vertex 4.34944 3.4294 3
      vertex 4.56001 3.35792 3
    endloop
  endfacet
  facet normal 0 0 1
    outer loop
      vertex 4.3 3.56795 3
      vertex 4.34944 3.4294 3
      vertex 4.53463 3.45224 3
    endloop
  endfacet
  facet normal 0 0 1
    outer loop
      vertex 4.3 3.56795 3
      vertex 4.15 3.52776 3
      vertex 4.34944 3.4294 3
    endloop
  endfacet
  facet normal 0 0 1
    outer loop
      vertex 4.08248 3.71329 3
      vertex 4.15 3.52776 3
      vertex 4.3 3.56795 3
    endloop
  endfacet
  facet normal 0 0 1
    outer loop
      vertex 4.08248 3.71329 3
      vertex 3.9651 3.6513 3
      vertex 4.15 3.52776 3
    endloop
  endfacet
  facet normal 0 0 1
    outer loop
      vertex 3.88579 3.88579 3
      vertex 3.9651 3.6513 3
      vertex 4.08248 3.71329 3
    endloop
  endfacet
  facet normal 0 0 1
    outer loop
      vertex 3.88579 3.88579 3
      vertex 3.79792 3.79792 3
      vertex 3.9651 3.6513 3
    endloop
  endfacet
  facet normal -0 0 1
    outer loop
      vertex 3.6513 3.9651 3
      vertex 3.88579 3.88579 3
      vertex 3.71329 4.08248 3
    endloop
  endfacet
  facet normal 0 0 1
    outer loop
      vertex 3.88579 3.88579 3
      vertex 3.6513 3.9651 3
      vertex 3.79792 3.79792 3
    endloop
  endfacet
  facet normal -0 0 1
    outer loop
      vertex 3.52776 4.15 3
      vertex 3.71329 4.08248 3
      vertex 3.56795 4.3 3
    endloop
  endfacet
  facet normal 0 0 1
    outer loop
      vertex 3.71329 4.08248 3
      vertex 3.52776 4.15 3
      vertex 3.6513 3.9651 3
    endloop
  endfacet
  facet normal -0 0 1
    outer loop
      vertex 3.4294 4.34944 3
      vertex 3.56795 4.3 3
      vertex 3.45224 4.53463 3
    endloop
  endfacet
  facet normal 0 0 1
    outer loop
      vertex 3.56795 4.3 3
      vertex 3.4294 4.34944 3
      vertex 3.52776 4.15 3
    endloop
  endfacet
  facet normal -0 0 1
    outer loop
      vertex 3.35792 4.56001 3
      vertex 3.45224 4.53463 3
      vertex 3.36815 4.78236 3
    endloop
  endfacet
  facet normal 0 0 1
    outer loop
      vertex 3.45224 4.53463 3
      vertex 3.35792 4.56001 3
      vertex 3.4294 4.34944 3
    endloop
  endfacet
  facet normal -0 0 1
    outer loop
      vertex 3.3 5 3
      vertex 3.36815 4.78236 3
      vertex 3.31711 5.03895 3
    endloop
  endfacet
  facet normal 0 0 1
    outer loop
      vertex 3.36815 4.78236 3
      vertex 3.31454 4.7781 3
      vertex 3.35792 4.56001 3
    endloop
  endfacet
  facet normal 0 0 1
    outer loop
      vertex 3.3 5 3
      vertex 3.31711 5.03895 3
      vertex 3.3 5.3 3
    endloop
  endfacet
  facet normal 0 0 1
    outer loop
      vertex 3.36815 4.78236 3
      vertex 3.3 5 3
      vertex 3.31454 4.7781 3
    endloop
  endfacet
  facet normal 0 0 0
    outer loop
      vertex 3.3 5 3
      vertex 3.3 5.3 3
      vertex 3.3 16.85 3
    endloop
  endfacet
  facet normal 0 0 1
    outer loop
      vertex 6.33702 8.68883 3
      vertex 4.9 16.85 3
      vertex 6.26133 8.46587 3
    endloop
  endfacet
  facet normal 0 0 1
    outer loop
      vertex 6.26133 8.46587 3
      vertex 4.9 5.7 3
      vertex 5.13431 5.13431 3
    endloop
  endfacet
  facet normal 0 0 1
    outer loop
      vertex 5.13431 5.13431 3
      vertex 4.9 5.7 3
      vertex 5.06532 5.21299 3
    endloop
  endfacet
  facet normal 0 0 1
    outer loop
      vertex 5.06532 5.21299 3
      vertex 4.9 5.7 3
      vertex 5.00718 5.3 3
    endloop
  endfacet
  facet normal 0 0 1
    outer loop
      vertex 5.00718 5.3 3
      vertex 4.9 5.7 3
      vertex 4.9609 5.39385 3
    endloop
  endfacet
  facet normal 0 0 1
    outer loop
      vertex 4.9609 5.39385 3
      vertex 4.9 5.7 3
      vertex 4.92726 5.49294 3
    endloop
  endfacet
  facet normal 0 0 1
    outer loop
      vertex 6.26133 8.46587 3
      vertex 4.9 16.85 3
      vertex 4.9 5.7 3
    endloop
  endfacet
  facet normal 0 0 1
    outer loop
      vertex 4.92726 5.49294 3
      vertex 4.9 5.7 3
      vertex 4.90684 5.59558 3
    endloop
  endfacet
  facet normal 0 0 1
    outer loop
      vertex 86.337 59.3112 3
      vertex 9.66298 59.3112 3
      vertex 86.4412 59.1 3
    endloop
  endfacet
  facet normal 0 0 1
    outer loop
      vertex 86.4412 8.9 3
      vertex 9.7846 8.23495 3
      vertex 9.8 8 3
    endloop
  endfacet
  facet normal 0 0 1
    outer loop
      vertex 5.1 39.35 3
      vertex 86.4412 59.1 3
      vertex 9.66298 59.3112 3
    endloop
  endfacet
  facet normal 0 0 1
    outer loop
      vertex 86.4412 8.9 3
      vertex 9.73867 8.46587 3
      vertex 9.7846 8.23495 3
    endloop
  endfacet
  facet normal 0 0 1
    outer loop
      vertex 86.4412 59.1 3
      vertex 5.1 39.35 3
      vertex 86.4412 8.9 3
    endloop
  endfacet
  facet normal 0 0 1
    outer loop
      vertex 86.4412 8.9 3
      vertex 9.66298 8.68883 3
      vertex 9.73867 8.46587 3
    endloop
  endfacet
  facet normal 0 0 1
    outer loop
      vertex 5.1 39.35 3
      vertex 9.66298 59.3112 3
      vertex 9.55885 59.1 3
    endloop
  endfacet
  facet normal 0 -0 1
    outer loop
      vertex 9.55885 8.9 3
      vertex 86.4412 8.9 3
      vertex 5.1 39.35 3
    endloop
  endfacet
  facet normal 0 0 1
    outer loop
      vertex 5.1 39.35 3
      vertex 9.55885 59.1 3
      vertex 9.42804 58.9042 3
    endloop
  endfacet
  facet normal 0 0 1
    outer loop
      vertex 86.4412 8.9 3
      vertex 9.55885 8.9 3
      vertex 9.66298 8.68883 3
    endloop
  endfacet
  facet normal 0 0 1
    outer loop
      vertex 5.1 39.35 3
      vertex 9.42804 58.9042 3
      vertex 9.27279 58.7272 3
    endloop
  endfacet
  facet normal 0 0 1
    outer loop
      vertex 9.55885 8.9 3
      vertex 5.1 39.35 3
      vertex 9.42804 9.09577 3
    endloop
  endfacet
  facet normal 0 0 1
    outer loop
      vertex 5.1 39.35 3
      vertex 9.27279 58.7272 3
      vertex 9.09577 58.572 3
    endloop
  endfacet
  facet normal -0 0 1
    outer loop
      vertex 5.1 16.85 3
      vertex 9.42804 9.09577 3
      vertex 5.1 39.35 3
    endloop
  endfacet
  facet normal 0 0 1
    outer loop
      vertex 5.1 39.35 3
      vertex 9.09577 58.572 3
      vertex 8.9 58.4412 3
    endloop
  endfacet
  facet normal 0 0 1
    outer loop
      vertex 9.42804 9.09577 3
      vertex 5.1 16.85 3
      vertex 9.27279 9.27279 3
    endloop
  endfacet
  facet normal 0 0 1
    outer loop
      vertex 5.1 39.35 3
      vertex 8.9 58.4412 3
      vertex 8.68883 58.337 3
    endloop
  endfacet
  facet normal 0 0 1
    outer loop
      vertex 9.27279 9.27279 3
      vertex 5.1 16.85 3
      vertex 9.09577 9.42804 3
    endloop
  endfacet
  facet normal 0 0 1
    outer loop
      vertex 5.1 39.35 3
      vertex 8.68883 58.337 3
      vertex 8.46587 58.2613 3
    endloop
  endfacet
  facet normal 0 0 1
    outer loop
      vertex 9.09577 9.42804 3
      vertex 5.1 16.85 3
      vertex 8.9 9.55885 3
    endloop
  endfacet
  facet normal 0 0 1
    outer loop
      vertex 5.1 39.35 3
      vertex 8.46587 58.2613 3
      vertex 8.23495 58.2154 3
    endloop
  endfacet
  facet normal 0 0 1
    outer loop
      vertex 8.9 9.55885 3
      vertex 5.1 16.85 3
      vertex 8.68883 9.66298 3
    endloop
  endfacet
  facet normal 0 0 1
    outer loop
      vertex 5.1 39.35 3
      vertex 8.23495 58.2154 3
      vertex 8 58.2 3
    endloop
  endfacet
  facet normal 0 0 1
    outer loop
      vertex 8.68883 9.66298 3
      vertex 5.1 16.85 3
      vertex 8.46587 9.73867 3
    endloop
  endfacet
  facet normal 0 0 1
    outer loop
      vertex 5.1 39.35 3
      vertex 8 58.2 3
      vertex 7.76505 58.2154 3
    endloop
  endfacet
  facet normal 0 0 1
    outer loop
      vertex 8.46587 9.73867 3
      vertex 5.1 16.85 3
      vertex 8.23495 9.7846 3
    endloop
  endfacet
  facet normal 0 0 1
    outer loop
      vertex 5.1 39.35 3
      vertex 7.76505 58.2154 3
      vertex 7.53413 58.2613 3
    endloop
  endfacet
  facet normal 0 0 1
    outer loop
      vertex 8.23495 9.7846 3
      vertex 5.1 16.85 3
      vertex 8 9.8 3
    endloop
  endfacet
  facet normal 0 0 1
    outer loop
      vertex 4.9 39.35 3
      vertex 7.53413 58.2613 3
      vertex 7.31117 58.337 3
    endloop
  endfacet
  facet normal 0 0 1
    outer loop
      vertex 8 9.8 3
      vertex 5.1 16.85 3
      vertex 7.76505 9.7846 3
    endloop
  endfacet
  facet normal 0 0 1
    outer loop
      vertex 4.9 39.35 3
      vertex 7.31117 58.337 3
      vertex 7.1 58.4412 3
    endloop
  endfacet
  facet normal 0 0 1
    outer loop
      vertex 7.76505 9.7846 3
      vertex 5.1 16.85 3
      vertex 7.53413 9.73867 3
    endloop
  endfacet
  facet normal 0 0 1
    outer loop
      vertex 4.9 39.35 3
      vertex 7.1 58.4412 3
      vertex 6.90423 58.572 3
    endloop
  endfacet
  facet normal 0 0 1
    outer loop
      vertex 7.53413 9.73867 3
      vertex 5.1 16.85 3
      vertex 7.31117 9.66298 3
    endloop
  endfacet
  facet normal 0 0 1
    outer loop
      vertex 4.9 39.35 3
      vertex 6.90423 58.572 3
      vertex 6.72721 58.7272 3
    endloop
  endfacet
  facet normal 0 0 1
    outer loop
      vertex 7.31117 9.66298 3
      vertex 5.1 16.85 3
      vertex 7.1 9.55885 3
    endloop
  endfacet
  facet normal 0 0 1
    outer loop
      vertex 4.9 39.35 3
      vertex 6.72721 58.7272 3
      vertex 6.57196 58.9042 3
    endloop
  endfacet
  facet normal -0 0 1
    outer loop
      vertex 4.9 16.85 3
      vertex 7.1 9.55885 3
      vertex 5.1 16.85 3
    endloop
  endfacet
  facet normal 0 0 1
    outer loop
      vertex 4.9 39.35 3
      vertex 6.57196 58.9042 3
      vertex 6.44115 59.1 3
    endloop
  endfacet
  facet normal 0 0 1
    outer loop
      vertex 7.1 9.55885 3
      vertex 4.9 16.85 3
      vertex 6.90423 9.42804 3
    endloop
  endfacet
  facet normal 0 0 1
    outer loop
      vertex 4.9 39.35 3
      vertex 6.44115 59.1 3
      vertex 6.33702 59.3112 3
    endloop
  endfacet
  facet normal 0 0 1
    outer loop
      vertex 6.90423 9.42804 3
      vertex 4.9 16.85 3
      vertex 6.72721 9.27279 3
    endloop
  endfacet
  facet normal 0 0 1
    outer loop
      vertex 4.9 62.3 3
      vertex 6.33702 59.3112 3
      vertex 6.26133 59.5341 3
    endloop
  endfacet
  facet normal 0 0 1
    outer loop
      vertex 6.72721 9.27279 3
      vertex 4.9 16.85 3
      vertex 6.57196 9.09577 3
    endloop
  endfacet
  facet normal 0 0 1
    outer loop
      vertex 4.9 62.3 3
      vertex 6.26133 59.5341 3
      vertex 6.2154 59.7651 3
    endloop
  endfacet
  facet normal 0 0 1
    outer loop
      vertex 6.57196 9.09577 3
      vertex 4.9 16.85 3
      vertex 6.44115 8.9 3
    endloop
  endfacet
  facet normal 0 0 1
    outer loop
      vertex 4.9 62.3 3
      vertex 6.2154 59.7651 3
      vertex 6.2 60 3
    endloop
  endfacet
  facet normal 0 0 1
    outer loop
      vertex 6.44115 8.9 3
      vertex 4.9 16.85 3
      vertex 6.33702 8.68883 3
    endloop
  endfacet
  facet normal 0 0 1
    outer loop
      vertex 89.663 59.3112 3
      vertex 91.1 62.3 3
      vertex 89.7387 59.5341 3
    endloop
  endfacet
  facet normal 0 0 1
    outer loop
      vertex 91.1 5.7 3
      vertex 89.7846 8.23495 3
      vertex 89.8 8 3
    endloop
  endfacet
  facet normal 0 0 1
    outer loop
      vertex 91.1 62.3 3
      vertex 89.663 59.3112 3
      vertex 91.1 5.7 3
    endloop
  endfacet
  facet normal 0 0 1
    outer loop
      vertex 91.1 5.7 3
      vertex 89.7387 8.46587 3
      vertex 89.7846 8.23495 3
    endloop
  endfacet
  facet normal -0 0 1
    outer loop
      vertex 89.663 8.68883 3
      vertex 91.1 5.7 3
      vertex 89.663 59.3112 3
    endloop
  endfacet
  facet normal 0 0 1
    outer loop
      vertex 91.1 5.7 3
      vertex 89.663 8.68883 3
      vertex 89.7387 8.46587 3
    endloop
  endfacet
  facet normal -0 0 1
    outer loop
      vertex 89.5588 59.1 3
      vertex 89.663 8.68883 3
      vertex 89.663 59.3112 3
    endloop
  endfacet
  facet normal 0 0 1
    outer loop
      vertex 89.5588 59.1 3
      vertex 89.5588 8.9 3
      vertex 89.663 8.68883 3
    endloop
  endfacet
  facet normal -0 0 1
    outer loop
      vertex 89.428 58.9042 3
      vertex 89.5588 8.9 3
      vertex 89.5588 59.1 3
    endloop
  endfacet
  facet normal 0 0 1
    outer loop
      vertex 89.428 58.9042 3
      vertex 89.428 9.09577 3
      vertex 89.5588 8.9 3
    endloop
  endfacet
  facet normal -0 0 1
    outer loop
      vertex 89.2728 58.7272 3
      vertex 89.428 9.09577 3
      vertex 89.428 58.9042 3
    endloop
  endfacet
  facet normal 0 0 1
    outer loop
      vertex 89.2728 58.7272 3
      vertex 89.2728 9.27279 3
      vertex 89.428 9.09577 3
    endloop
  endfacet
  facet normal -0 0 1
    outer loop
      vertex 89.0958 58.572 3
      vertex 89.2728 9.27279 3
      vertex 89.2728 58.7272 3
    endloop
  endfacet
  facet normal 0 0 1
    outer loop
      vertex 89.0958 58.572 3
      vertex 89.0958 9.42804 3
      vertex 89.2728 9.27279 3
    endloop
  endfacet
  facet normal -0 0 1
    outer loop
      vertex 88.9 58.4412 3
      vertex 89.0958 9.42804 3
      vertex 89.0958 58.572 3
    endloop
  endfacet
  facet normal 0 0 1
    outer loop
      vertex 88.9 58.4412 3
      vertex 88.9 9.55885 3
      vertex 89.0958 9.42804 3
    endloop
  endfacet
  facet normal -0 0 1
    outer loop
      vertex 88.6888 58.337 3
      vertex 88.9 9.55885 3
      vertex 88.9 58.4412 3
    endloop
  endfacet
  facet normal 0 0 1
    outer loop
      vertex 88.6888 58.337 3
      vertex 88.6888 9.66298 3
      vertex 88.9 9.55885 3
    endloop
  endfacet
  facet normal -0 0 1
    outer loop
      vertex 88.4659 58.2613 3
      vertex 88.6888 9.66298 3
      vertex 88.6888 58.337 3
    endloop
  endfacet
  facet normal 0 0 1
    outer loop
      vertex 88.4659 58.2613 3
      vertex 88.4659 9.73867 3
      vertex 88.6888 9.66298 3
    endloop
  endfacet
  facet normal -0 0 1
    outer loop
      vertex 88.2349 58.2154 3
      vertex 88.4659 9.73867 3
      vertex 88.4659 58.2613 3
    endloop
  endfacet
  facet normal 0 0 1
    outer loop
      vertex 88.2349 58.2154 3
      vertex 88.2349 9.7846 3
      vertex 88.4659 9.73867 3
    endloop
  endfacet
  facet normal -0 0 1
    outer loop
      vertex 88 58.2 3
      vertex 88.2349 9.7846 3
      vertex 88.2349 58.2154 3
    endloop
  endfacet
  facet normal 0 0 1
    outer loop
      vertex 88 58.2 3
      vertex 88 9.8 3
      vertex 88.2349 9.7846 3
    endloop
  endfacet
  facet normal 0 0 1
    outer loop
      vertex 87.7651 58.2154 3
      vertex 88 9.8 3
      vertex 88 58.2 3
    endloop
  endfacet
  facet normal 0 0 1
    outer loop
      vertex 87.7651 58.2154 3
      vertex 87.7651 9.7846 3
      vertex 88 9.8 3
    endloop
  endfacet
  facet normal 0 0 1
    outer loop
      vertex 87.5341 58.2613 3
      vertex 87.7651 9.7846 3
      vertex 87.7651 58.2154 3
    endloop
  endfacet
  facet normal 0 0 1
    outer loop
      vertex 87.5341 58.2613 3
      vertex 87.5341 9.73867 3
      vertex 87.7651 9.7846 3
    endloop
  endfacet
  facet normal 0 0 1
    outer loop
      vertex 87.3112 58.337 3
      vertex 87.5341 9.73867 3
      vertex 87.5341 58.2613 3
    endloop
  endfacet
  facet normal 0 0 1
    outer loop
      vertex 87.3112 58.337 3
      vertex 87.3112 9.66298 3
      vertex 87.5341 9.73867 3
    endloop
  endfacet
  facet normal 0 0 1
    outer loop
      vertex 87.1 58.4412 3
      vertex 87.3112 9.66298 3
      vertex 87.3112 58.337 3
    endloop
  endfacet
  facet normal 0 0 1
    outer loop
      vertex 87.1 58.4412 3
      vertex 87.1 9.55885 3
      vertex 87.3112 9.66298 3
    endloop
  endfacet
  facet normal 0 0 1
    outer loop
      vertex 86.9042 58.572 3
      vertex 87.1 9.55885 3
      vertex 87.1 58.4412 3
    endloop
  endfacet
  facet normal 0 0 1
    outer loop
      vertex 86.9042 58.572 3
      vertex 86.9042 9.42804 3
      vertex 87.1 9.55885 3
    endloop
  endfacet
  facet normal 0 0 1
    outer loop
      vertex 86.7272 58.7272 3
      vertex 86.9042 9.42804 3
      vertex 86.9042 58.572 3
    endloop
  endfacet
  facet normal 0 0 1
    outer loop
      vertex 86.7272 58.7272 3
      vertex 86.7272 9.27279 3
      vertex 86.9042 9.42804 3
    endloop
  endfacet
  facet normal 0 0 1
    outer loop
      vertex 86.572 58.9042 3
      vertex 86.7272 9.27279 3
      vertex 86.7272 58.7272 3
    endloop
  endfacet
  facet normal 0 0 1
    outer loop
      vertex 86.572 58.9042 3
      vertex 86.572 9.09577 3
      vertex 86.7272 9.27279 3
    endloop
  endfacet
  facet normal 0 0 1
    outer loop
      vertex 86.4412 59.1 3
      vertex 86.572 9.09577 3
      vertex 86.572 58.9042 3
    endloop
  endfacet
  facet normal 0 0 1
    outer loop
      vertex 86.4412 59.1 3
      vertex 86.4412 8.9 3
      vertex 86.572 9.09577 3
    endloop
  endfacet
  facet normal 0 0 1
    outer loop
      vertex 9.73867 59.5341 3
      vertex 86.2613 59.5341 3
      vertex 9.7846 59.7651 3
    endloop
  endfacet
  facet normal 0 0 1
    outer loop
      vertex 86.2613 59.5341 3
      vertex 9.73867 59.5341 3
      vertex 86.337 59.3112 3
    endloop
  endfacet
  facet normal 0 0 1
    outer loop
      vertex 86.2154 59.7651 3
      vertex 9.7846 59.7651 3
      vertex 86.2613 59.5341 3
    endloop
  endfacet
  facet normal 0 0 1
    outer loop
      vertex 9.66298 59.3112 3
      vertex 86.337 59.3112 3
      vertex 9.73867 59.5341 3
    endloop
  endfacet
  facet normal 0 0 1
    outer loop
      vertex 9.7846 59.7651 3
      vertex 86.2154 59.7651 3
      vertex 9.8 60 3
    endloop
  endfacet
  facet normal 0 0 1
    outer loop
      vertex 86.4412 8.9 3
      vertex 9.8 8 3
      vertex 86.337 8.68883 3
    endloop
  endfacet
  facet normal -0 0 1
    outer loop
      vertex 9.8 60 3
      vertex 86.2154 59.7651 3
      vertex 86.2 60 3
    endloop
  endfacet
  facet normal 0 0 1
    outer loop
      vertex 86.337 8.68883 3
      vertex 9.8 8 3
      vertex 86.2613 8.46587 3
    endloop
  endfacet
  facet normal 0 0 1
    outer loop
      vertex 90.3 63.1 3
      vertex 91.1 62.3 3
      vertex 91.0932 62.4044 3
    endloop
  endfacet
  facet normal 0 0 1
    outer loop
      vertex 89.7846 59.7651 3
      vertex 91.1 62.3 3
      vertex 89.8 60 3
    endloop
  endfacet
  facet normal 0 0 1
    outer loop
      vertex 90.3 63.1 3
      vertex 91.0932 62.4044 3
      vertex 91.0727 62.5071 3
    endloop
  endfacet
  facet normal 0 0 1
    outer loop
      vertex 89.7387 59.5341 3
      vertex 91.1 62.3 3
      vertex 89.7846 59.7651 3
    endloop
  endfacet
  facet normal 0 0 1
    outer loop
      vertex 90.3 63.1 3
      vertex 91.0727 62.5071 3
      vertex 91.0391 62.6061 3
    endloop
  endfacet
  facet normal -0 0 1
    outer loop
      vertex 89.7846 7.76505 3
      vertex 91.1 5.7 3
      vertex 89.8 8 3
    endloop
  endfacet
  facet normal 0 0 1
    outer loop
      vertex 90.3 63.1 3
      vertex 91.0391 62.6061 3
      vertex 90.9928 62.7 3
    endloop
  endfacet
  facet normal -0 0 1
    outer loop
      vertex 89.7387 7.53413 3
      vertex 91.1 5.7 3
      vertex 89.7846 7.76505 3
    endloop
  endfacet
  facet normal 0 0 1
    outer loop
      vertex 90.3 63.1 3
      vertex 90.9928 62.7 3
      vertex 90.9347 62.787 3
    endloop
  endfacet
  facet normal -0 0 1
    outer loop
      vertex 89.663 7.31117 3
      vertex 91.1 5.7 3
      vertex 89.7387 7.53413 3
    endloop
  endfacet
  facet normal 0 0 1
    outer loop
      vertex 90.3 63.1 3
      vertex 90.9347 62.787 3
      vertex 90.8657 62.8657 3
    endloop
  endfacet
  facet normal -0 0 1
    outer loop
      vertex 89.5588 7.1 3
      vertex 91.1 5.7 3
      vertex 89.663 7.31117 3
    endloop
  endfacet
  facet normal 0 0 1
    outer loop
      vertex 90.3 63.1 3
      vertex 90.8657 62.8657 3
      vertex 90.787 62.9347 3
    endloop
  endfacet
  facet normal -0 0 1
    outer loop
      vertex 89.428 6.90423 3
      vertex 91.1 5.7 3
      vertex 89.5588 7.1 3
    endloop
  endfacet
  facet normal 0 0 1
    outer loop
      vertex 90.3 63.1 3
      vertex 90.787 62.9347 3
      vertex 90.7 62.9928 3
    endloop
  endfacet
  facet normal -0 0 1
    outer loop
      vertex 89.2728 6.72721 3
      vertex 91.1 5.7 3
      vertex 89.428 6.90423 3
    endloop
  endfacet
  facet normal 0 0 1
    outer loop
      vertex 90.3 63.1 3
      vertex 90.7 62.9928 3
      vertex 90.6061 63.0391 3
    endloop
  endfacet
  facet normal 0 -0 1
    outer loop
      vertex 90.3 4.9 3
      vertex 91.1 5.7 3
      vertex 89.2728 6.72721 3
    endloop
  endfacet
  facet normal 0 0 1
    outer loop
      vertex 90.3 63.1 3
      vertex 90.6061 63.0391 3
      vertex 90.5071 63.0727 3
    endloop
  endfacet
  facet normal 0 0 1
    outer loop
      vertex 91.1 5.7 3
      vertex 90.3 4.9 3
      vertex 91.0932 5.59558 3
    endloop
  endfacet
  facet normal 0 0 1
    outer loop
      vertex 90.3 63.1 3
      vertex 90.5071 63.0727 3
      vertex 90.4044 63.0932 3
    endloop
  endfacet
  facet normal 0 0 1
    outer loop
      vertex 91.0932 5.59558 3
      vertex 90.3 4.9 3
      vertex 91.0727 5.49294 3
    endloop
  endfacet
  facet normal 0 0 1
    outer loop
      vertex 91.1 62.3 3
      vertex 90.3 63.1 3
      vertex 89.2728 61.2728 3
    endloop
  endfacet
  facet normal 0 0 1
    outer loop
      vertex 91.0727 5.49294 3
      vertex 90.3 4.9 3
      vertex 91.0391 5.39385 3
    endloop
  endfacet
  facet normal 0 0 1
    outer loop
      vertex 91.0391 5.39385 3
      vertex 90.3 4.9 3
      vertex 90.9928 5.3 3
    endloop
  endfacet
  facet normal 0 0 1
    outer loop
      vertex 91.1 62.3 3
      vertex 89.7846 60.2349 3
      vertex 89.8 60 3
    endloop
  endfacet
  facet normal 0 0 1
    outer loop
      vertex 91.1 62.3 3
      vertex 89.7387 60.4659 3
      vertex 89.7846 60.2349 3
    endloop
  endfacet
  facet normal 0 0 1
    outer loop
      vertex 91.1 62.3 3
      vertex 89.663 60.6888 3
      vertex 89.7387 60.4659 3
    endloop
  endfacet
  facet normal 0 0 1
    outer loop
      vertex 91.1 62.3 3
      vertex 89.5588 60.9 3
      vertex 89.663 60.6888 3
    endloop
  endfacet
  facet normal 0 0 1
    outer loop
      vertex 91.1 62.3 3
      vertex 89.428 61.0958 3
      vertex 89.5588 60.9 3
    endloop
  endfacet
  facet normal 0 0 1
    outer loop
      vertex 91.1 62.3 3
      vertex 89.2728 61.2728 3
      vertex 89.428 61.0958 3
    endloop
  endfacet
  facet normal 0 0 1
    outer loop
      vertex 90.3 63.1 3
      vertex 89.0958 61.428 3
      vertex 89.2728 61.2728 3
    endloop
  endfacet
  facet normal 0 0 1
    outer loop
      vertex 90.3 63.1 3
      vertex 88.9 61.5588 3
      vertex 89.0958 61.428 3
    endloop
  endfacet
  facet normal 0 0 1
    outer loop
      vertex 90.3 63.1 3
      vertex 88.6888 61.663 3
      vertex 88.9 61.5588 3
    endloop
  endfacet
  facet normal 0 0 1
    outer loop
      vertex 90.3 63.1 3
      vertex 88.4659 61.7387 3
      vertex 88.6888 61.663 3
    endloop
  endfacet
  facet normal 0 0 1
    outer loop
      vertex 90.3 63.1 3
      vertex 88.2349 61.7846 3
      vertex 88.4659 61.7387 3
    endloop
  endfacet
  facet normal 0 0 1
    outer loop
      vertex 90.3 63.1 3
      vertex 88 61.8 3
      vertex 88.2349 61.7846 3
    endloop
  endfacet
  facet normal 0 0 1
    outer loop
      vertex 90.3 63.1 3
      vertex 87.7651 61.7846 3
      vertex 88 61.8 3
    endloop
  endfacet
  facet normal 0 0 1
    outer loop
      vertex 90.3 63.1 3
      vertex 87.5341 61.7387 3
      vertex 87.7651 61.7846 3
    endloop
  endfacet
  facet normal 0 0 1
    outer loop
      vertex 90.3 63.1 3
      vertex 87.3112 61.663 3
      vertex 87.5341 61.7387 3
    endloop
  endfacet
  facet normal 0 0 1
    outer loop
      vertex 86.2613 8.46587 3
      vertex 9.8 8 3
      vertex 86.2154 8.23495 3
    endloop
  endfacet
  facet normal 0 0 1
    outer loop
      vertex 86.2154 60.2349 3
      vertex 9.8 60 3
      vertex 86.2 60 3
    endloop
  endfacet
  facet normal 0 0 1
    outer loop
      vertex 9.7846 60.2349 3
      vertex 86.2154 60.2349 3
      vertex 86.2613 60.4659 3
    endloop
  endfacet
  facet normal 0 0 1
    outer loop
      vertex 9.73867 60.4659 3
      vertex 86.2613 60.4659 3
      vertex 86.337 60.6888 3
    endloop
  endfacet
  facet normal 0 0 1
    outer loop
      vertex 9.66298 60.6888 3
      vertex 86.337 60.6888 3
      vertex 86.4412 60.9 3
    endloop
  endfacet
  facet normal 0 0 1
    outer loop
      vertex 9.55885 60.9 3
      vertex 86.4412 60.9 3
      vertex 86.572 61.0958 3
    endloop
  endfacet
  facet normal 0 0 1
    outer loop
      vertex 9.42804 61.0958 3
      vertex 86.572 61.0958 3
      vertex 86.7272 61.2728 3
    endloop
  endfacet
  facet normal 0 0 1
    outer loop
      vertex 9.27279 61.2728 3
      vertex 86.7272 61.2728 3
      vertex 86.9042 61.428 3
    endloop
  endfacet
  facet normal 0 0 1
    outer loop
      vertex 9.09577 61.428 3
      vertex 86.9042 61.428 3
      vertex 87.1 61.5588 3
    endloop
  endfacet
  facet normal 0 0 1
    outer loop
      vertex 8.9 61.5588 3
      vertex 87.1 61.5588 3
      vertex 87.3112 61.663 3
    endloop
  endfacet
  facet normal 0 0 1
    outer loop
      vertex 8.68883 61.663 3
      vertex 87.3112 61.663 3
      vertex 90.3 63.1 3
    endloop
  endfacet
  facet normal 0 0 1
    outer loop
      vertex 86.2154 60.2349 3
      vertex 9.7846 60.2349 3
      vertex 9.8 60 3
    endloop
  endfacet
  facet normal 0 0 1
    outer loop
      vertex 86.2613 60.4659 3
      vertex 9.73867 60.4659 3
      vertex 9.7846 60.2349 3
    endloop
  endfacet
  facet normal 0 0 1
    outer loop
      vertex 86.337 60.6888 3
      vertex 9.66298 60.6888 3
      vertex 9.73867 60.4659 3
    endloop
  endfacet
  facet normal 0 0 1
    outer loop
      vertex 86.4412 60.9 3
      vertex 9.55885 60.9 3
      vertex 9.66298 60.6888 3
    endloop
  endfacet
  facet normal 0 0 1
    outer loop
      vertex 86.572 61.0958 3
      vertex 9.42804 61.0958 3
      vertex 9.55885 60.9 3
    endloop
  endfacet
  facet normal 0 0 1
    outer loop
      vertex 86.7272 61.2728 3
      vertex 9.27279 61.2728 3
      vertex 9.42804 61.0958 3
    endloop
  endfacet
  facet normal 0 0 1
    outer loop
      vertex 86.9042 61.428 3
      vertex 9.09577 61.428 3
      vertex 9.27279 61.2728 3
    endloop
  endfacet
  facet normal 0 0 1
    outer loop
      vertex 87.1 61.5588 3
      vertex 8.9 61.5588 3
      vertex 9.09577 61.428 3
    endloop
  endfacet
  facet normal 0 0 1
    outer loop
      vertex 87.3112 61.663 3
      vertex 8.68883 61.663 3
      vertex 8.9 61.5588 3
    endloop
  endfacet
  facet normal -0 0 1
    outer loop
      vertex 5.7 63.1 3
      vertex 8.68883 61.663 3
      vertex 90.3 63.1 3
    endloop
  endfacet
  facet normal 0 0 1
    outer loop
      vertex 8.68883 61.663 3
      vertex 5.7 63.1 3
      vertex 8.46587 61.7387 3
    endloop
  endfacet
  facet normal 0 0 1
    outer loop
      vertex 8.46587 61.7387 3
      vertex 5.7 63.1 3
      vertex 8.23495 61.7846 3
    endloop
  endfacet
  facet normal 0 0 1
    outer loop
      vertex 6.2154 60.2349 3
      vertex 4.9 62.3 3
      vertex 6.2 60 3
    endloop
  endfacet
  facet normal 0 0 1
    outer loop
      vertex 6.26133 60.4659 3
      vertex 4.9 62.3 3
      vertex 6.2154 60.2349 3
    endloop
  endfacet
  facet normal 0 0 1
    outer loop
      vertex 6.33702 60.6888 3
      vertex 4.9 62.3 3
      vertex 6.26133 60.4659 3
    endloop
  endfacet
  facet normal 0 0 1
    outer loop
      vertex 6.44115 60.9 3
      vertex 4.9 62.3 3
      vertex 6.33702 60.6888 3
    endloop
  endfacet
  facet normal 0 0 1
    outer loop
      vertex 6.57196 61.0958 3
      vertex 4.9 62.3 3
      vertex 6.44115 60.9 3
    endloop
  endfacet
  facet normal 0 0 1
    outer loop
      vertex 6.72721 61.2728 3
      vertex 4.9 62.3 3
      vertex 6.57196 61.0958 3
    endloop
  endfacet
  facet normal -0 0 1
    outer loop
      vertex 4.9 62.3 3
      vertex 6.72721 61.2728 3
      vertex 5.7 63.1 3
    endloop
  endfacet
  facet normal 0 0 1
    outer loop
      vertex 6.90423 61.428 3
      vertex 5.7 63.1 3
      vertex 6.72721 61.2728 3
    endloop
  endfacet
  facet normal 0 0 1
    outer loop
      vertex 7.1 61.5588 3
      vertex 5.7 63.1 3
      vertex 6.90423 61.428 3
    endloop
  endfacet
  facet normal 0 0 1
    outer loop
      vertex 7.31117 61.663 3
      vertex 5.7 63.1 3
      vertex 7.1 61.5588 3
    endloop
  endfacet
  facet normal 0 0 1
    outer loop
      vertex 7.53413 61.7387 3
      vertex 5.7 63.1 3
      vertex 7.31117 61.663 3
    endloop
  endfacet
  facet normal 0 0 1
    outer loop
      vertex 7.76505 61.7846 3
      vertex 5.7 63.1 3
      vertex 7.53413 61.7387 3
    endloop
  endfacet
  facet normal 0 0 1
    outer loop
      vertex 8 61.8 3
      vertex 5.7 63.1 3
      vertex 7.76505 61.7846 3
    endloop
  endfacet
  facet normal 0 0 1
    outer loop
      vertex 8.23495 61.7846 3
      vertex 5.7 63.1 3
      vertex 8 61.8 3
    endloop
  endfacet
  facet normal 0 0 1
    outer loop
      vertex 90.9928 5.3 3
      vertex 90.3 4.9 3
      vertex 90.9347 5.21299 3
    endloop
  endfacet
  facet normal 0 0 1
    outer loop
      vertex 90.9347 5.21299 3
      vertex 90.3 4.9 3
      vertex 90.8657 5.13431 3
    endloop
  endfacet
  facet normal 0 0 1
    outer loop
      vertex 90.787 5.06532 3
      vertex 90.3 4.9 3
      vertex 90.7 5.00718 3
    endloop
  endfacet
  facet normal 0 0 1
    outer loop
      vertex 90.7 5.00718 3
      vertex 90.3 4.9 3
      vertex 90.6061 4.9609 3
    endloop
  endfacet
  facet normal 0 0 1
    outer loop
      vertex 90.6061 4.9609 3
      vertex 90.3 4.9 3
      vertex 90.5071 4.92726 3
    endloop
  endfacet
  facet normal 0 0 1
    outer loop
      vertex 90.5071 4.92726 3
      vertex 90.3 4.9 3
      vertex 90.4044 4.90684 3
    endloop
  endfacet
  facet normal 0 0 1
    outer loop
      vertex 90.8657 5.13431 3
      vertex 90.3 4.9 3
      vertex 90.787 5.06532 3
    endloop
  endfacet
  facet normal -0 0 1
    outer loop
      vertex 89.0958 6.57196 3
      vertex 90.3 4.9 3
      vertex 89.2728 6.72721 3
    endloop
  endfacet
  facet normal -0 0 1
    outer loop
      vertex 88.9 6.44115 3
      vertex 90.3 4.9 3
      vertex 89.0958 6.57196 3
    endloop
  endfacet
  facet normal -0 0 1
    outer loop
      vertex 88.6888 6.33702 3
      vertex 90.3 4.9 3
      vertex 88.9 6.44115 3
    endloop
  endfacet
  facet normal -0 0 1
    outer loop
      vertex 88.4659 6.26133 3
      vertex 90.3 4.9 3
      vertex 88.6888 6.33702 3
    endloop
  endfacet
  facet normal -0 0 1
    outer loop
      vertex 88.2349 6.2154 3
      vertex 90.3 4.9 3
      vertex 88.4659 6.26133 3
    endloop
  endfacet
  facet normal -0 0 1
    outer loop
      vertex 88 6.2 3
      vertex 90.3 4.9 3
      vertex 88.2349 6.2154 3
    endloop
  endfacet
  facet normal 0 0 1
    outer loop
      vertex 87.7651 6.2154 3
      vertex 90.3 4.9 3
      vertex 88 6.2 3
    endloop
  endfacet
  facet normal 0 0 1
    outer loop
      vertex 87.5341 6.26133 3
      vertex 90.3 4.9 3
      vertex 87.7651 6.2154 3
    endloop
  endfacet
  facet normal 0 0 1
    outer loop
      vertex 87.3112 6.33702 3
      vertex 90.3 4.9 3
      vertex 87.5341 6.26133 3
    endloop
  endfacet
  facet normal 0 0 1
    outer loop
      vertex 86.2154 8.23495 3
      vertex 9.8 8 3
      vertex 86.2 8 3
    endloop
  endfacet
  facet normal 0 0 1
    outer loop
      vertex 86.2 8 3
      vertex 9.8 8 3
      vertex 86.2154 7.76505 3
    endloop
  endfacet
  facet normal 0 0 1
    outer loop
      vertex 9.7846 7.76505 3
      vertex 86.2154 7.76505 3
      vertex 9.8 8 3
    endloop
  endfacet
  facet normal 0 0 1
    outer loop
      vertex 86.2154 7.76505 3
      vertex 9.7846 7.76505 3
      vertex 86.2613 7.53413 3
    endloop
  endfacet
  facet normal 0 0 1
    outer loop
      vertex 9.73867 7.53413 3
      vertex 86.2613 7.53413 3
      vertex 9.7846 7.76505 3
    endloop
  endfacet
  facet normal 0 0 1
    outer loop
      vertex 86.2613 7.53413 3
      vertex 9.73867 7.53413 3
      vertex 86.337 7.31117 3
    endloop
  endfacet
  facet normal 0 0 1
    outer loop
      vertex 9.66298 7.31117 3
      vertex 86.337 7.31117 3
      vertex 9.73867 7.53413 3
    endloop
  endfacet
  facet normal 0 0 1
    outer loop
      vertex 86.337 7.31117 3
      vertex 9.66298 7.31117 3
      vertex 86.4412 7.1 3
    endloop
  endfacet
  facet normal 0 0 1
    outer loop
      vertex 9.55885 7.1 3
      vertex 86.4412 7.1 3
      vertex 9.66298 7.31117 3
    endloop
  endfacet
  facet normal 0 0 1
    outer loop
      vertex 86.4412 7.1 3
      vertex 9.55885 7.1 3
      vertex 86.572 6.90423 3
    endloop
  endfacet
  facet normal 0 0 1
    outer loop
      vertex 9.42804 6.90423 3
      vertex 86.572 6.90423 3
      vertex 9.55885 7.1 3
    endloop
  endfacet
  facet normal 0 0 1
    outer loop
      vertex 86.572 6.90423 3
      vertex 9.42804 6.90423 3
      vertex 86.7272 6.72721 3
    endloop
  endfacet
  facet normal 0 0 1
    outer loop
      vertex 9.27279 6.72721 3
      vertex 86.7272 6.72721 3
      vertex 9.42804 6.90423 3
    endloop
  endfacet
  facet normal 0 0 1
    outer loop
      vertex 86.7272 6.72721 3
      vertex 9.27279 6.72721 3
      vertex 86.9042 6.57196 3
    endloop
  endfacet
  facet normal 0 0 1
    outer loop
      vertex 9.09577 6.57196 3
      vertex 86.9042 6.57196 3
      vertex 9.27279 6.72721 3
    endloop
  endfacet
  facet normal 0 0 1
    outer loop
      vertex 86.9042 6.57196 3
      vertex 9.09577 6.57196 3
      vertex 87.1 6.44115 3
    endloop
  endfacet
  facet normal 0 0 1
    outer loop
      vertex 8.9 6.44115 3
      vertex 87.1 6.44115 3
      vertex 9.09577 6.57196 3
    endloop
  endfacet
  facet normal 0 0 1
    outer loop
      vertex 87.1 6.44115 3
      vertex 8.9 6.44115 3
      vertex 87.3112 6.33702 3
    endloop
  endfacet
  facet normal 0 0 1
    outer loop
      vertex 8.68883 6.33702 3
      vertex 87.3112 6.33702 3
      vertex 8.9 6.44115 3
    endloop
  endfacet
  facet normal 0 0 1
    outer loop
      vertex 87.3112 6.33702 3
      vertex 8.68883 6.33702 3
      vertex 90.3 4.9 3
    endloop
  endfacet
  facet normal 0 0 1
    outer loop
      vertex 5.7 4.9 3
      vertex 8.68883 6.33702 3
      vertex 8.46587 6.26133 3
    endloop
  endfacet
  facet normal 0 0 1
    outer loop
      vertex 5.7 4.9 3
      vertex 8.46587 6.26133 3
      vertex 8.23495 6.2154 3
    endloop
  endfacet
  facet normal 0 0 1
    outer loop
      vertex 5.7 4.9 3
      vertex 8.23495 6.2154 3
      vertex 8 6.2 3
    endloop
  endfacet
  facet normal 0 0 1
    outer loop
      vertex 8.68883 6.33702 3
      vertex 5.7 4.9 3
      vertex 90.3 4.9 3
    endloop
  endfacet
  facet normal 0 0 1
    outer loop
      vertex 7.76505 6.2154 3
      vertex 5.7 4.9 3
      vertex 8 6.2 3
    endloop
  endfacet
  facet normal 0 0 1
    outer loop
      vertex 7.53413 6.26133 3
      vertex 5.7 4.9 3
      vertex 7.76505 6.2154 3
    endloop
  endfacet
  facet normal 0 0 1
    outer loop
      vertex 7.31117 6.33702 3
      vertex 5.7 4.9 3
      vertex 7.53413 6.26133 3
    endloop
  endfacet
  facet normal 0 0 1
    outer loop
      vertex 7.1 6.44115 3
      vertex 5.7 4.9 3
      vertex 7.31117 6.33702 3
    endloop
  endfacet
  facet normal 0 0 1
    outer loop
      vertex 6.90423 6.57196 3
      vertex 5.7 4.9 3
      vertex 7.1 6.44115 3
    endloop
  endfacet
  facet normal 0 0 1
    outer loop
      vertex 6.72721 6.72721 3
      vertex 5.7 4.9 3
      vertex 6.90423 6.57196 3
    endloop
  endfacet
  facet normal 0 0 1
    outer loop
      vertex 5.13431 5.13431 3
      vertex 6.72721 6.72721 3
      vertex 6.57196 6.90423 3
    endloop
  endfacet
  facet normal 0 0 1
    outer loop
      vertex 5.13431 5.13431 3
      vertex 6.57196 6.90423 3
      vertex 6.44115 7.1 3
    endloop
  endfacet
  facet normal 0 0 1
    outer loop
      vertex 5.13431 5.13431 3
      vertex 6.44115 7.1 3
      vertex 6.33702 7.31117 3
    endloop
  endfacet
  facet normal 0 0 1
    outer loop
      vertex 5.13431 5.13431 3
      vertex 6.33702 7.31117 3
      vertex 6.26133 7.53413 3
    endloop
  endfacet
  facet normal 0 0 1
    outer loop
      vertex 5.13431 5.13431 3
      vertex 6.26133 7.53413 3
      vertex 6.2154 7.76505 3
    endloop
  endfacet
  facet normal 0 0 1
    outer loop
      vertex 5.13431 5.13431 3
      vertex 6.2154 7.76505 3
      vertex 6.2 8 3
    endloop
  endfacet
  facet normal 0 0 1
    outer loop
      vertex 6.26133 8.46587 3
      vertex 5.13431 5.13431 3
      vertex 6.2154 8.23495 3
    endloop
  endfacet
  facet normal 0 0 1
    outer loop
      vertex 4.9 62.3 3
      vertex 5.7 63.1 3
      vertex 5.59558 63.0932 3
    endloop
  endfacet
  facet normal 0 0 1
    outer loop
      vertex 6.2154 8.23495 3
      vertex 5.13431 5.13431 3
      vertex 6.2 8 3
    endloop
  endfacet
  facet normal 0 0 1
    outer loop
      vertex 4.9 62.3 3
      vertex 5.59558 63.0932 3
      vertex 5.49294 63.0727 3
    endloop
  endfacet
  facet normal 0 0 1
    outer loop
      vertex 6.72721 6.72721 3
      vertex 5.13431 5.13431 3
      vertex 5.7 4.9 3
    endloop
  endfacet
  facet normal 0 0 1
    outer loop
      vertex 4.9 62.3 3
      vertex 5.49294 63.0727 3
      vertex 5.39385 63.0391 3
    endloop
  endfacet
  facet normal 0 0 1
    outer loop
      vertex 5.7 4.9 3
      vertex 5.13431 5.13431 3
      vertex 5.59558 4.90684 3
    endloop
  endfacet
  facet normal 0 0 1
    outer loop
      vertex 4.9 62.3 3
      vertex 5.39385 63.0391 3
      vertex 5.3 62.9928 3
    endloop
  endfacet
  facet normal 0 0 1
    outer loop
      vertex 5.59558 4.90684 3
      vertex 5.13431 5.13431 3
      vertex 5.49294 4.92726 3
    endloop
  endfacet
  facet normal 0 0 1
    outer loop
      vertex 4.9 62.3 3
      vertex 5.3 62.9928 3
      vertex 5.21299 62.9347 3
    endloop
  endfacet
  facet normal 0 0 1
    outer loop
      vertex 5.49294 4.92726 3
      vertex 5.13431 5.13431 3
      vertex 5.39385 4.9609 3
    endloop
  endfacet
  facet normal 0 0 1
    outer loop
      vertex 4.9 62.3 3
      vertex 5.21299 62.9347 3
      vertex 5.13431 62.8657 3
    endloop
  endfacet
  facet normal 0 0 1
    outer loop
      vertex 5.39385 4.9609 3
      vertex 5.13431 5.13431 3
      vertex 5.3 5.00718 3
    endloop
  endfacet
  facet normal 0 0 1
    outer loop
      vertex 5.3 5.00718 3
      vertex 5.13431 5.13431 3
      vertex 5.21299 5.06532 3
    endloop
  endfacet
  facet normal 0 0 1
    outer loop
      vertex 4.9 62.3 3
      vertex 5.13431 62.8657 3
      vertex 5.06532 62.787 3
    endloop
  endfacet
  facet normal 0 0 1
    outer loop
      vertex 4.9 62.3 3
      vertex 5.06532 62.787 3
      vertex 5.00718 62.7 3
    endloop
  endfacet
  facet normal 0 0 1
    outer loop
      vertex 4.9 62.3 3
      vertex 5.00718 62.7 3
      vertex 4.9609 62.6061 3
    endloop
  endfacet
  facet normal 0 0 1
    outer loop
      vertex 4.9 62.3 3
      vertex 4.9609 62.6061 3
      vertex 4.92726 62.5071 3
    endloop
  endfacet
  facet normal 0 0 1
    outer loop
      vertex 4.9 62.3 3
      vertex 4.92726 62.5071 3
      vertex 4.90684 62.4044 3
    endloop
  endfacet
  facet normal 0 0 1
    outer loop
      vertex 6.33702 59.3112 3
      vertex 4.9 62.3 3
      vertex 4.9 39.35 3
    endloop
  endfacet
  facet normal 0 0 1
    outer loop
      vertex 7.53413 58.2613 3
      vertex 4.9 39.35 3
      vertex 5.1 39.35 3
    endloop
  endfacet
  facet normal -0 0 1
    outer loop
      vertex 92.6319 63.2176 3
      vertex 92.7 63 3
      vertex 92.6855 63.2219 3
    endloop
  endfacet
  facet normal 0 0 1
    outer loop
      vertex 92.7 63 3
      vertex 92.6829 62.9611 3
      vertex 92.7 62.7 3
    endloop
  endfacet
  facet normal 0 0 1
    outer loop
      vertex 92.6319 63.2176 3
      vertex 92.6855 63.2219 3
      vertex 92.6421 63.44 3
    endloop
  endfacet
  facet normal 0 0 1
    outer loop
      vertex 92.7 63 3
      vertex 92.6319 63.2176 3
      vertex 92.6829 62.9611 3
    endloop
  endfacet
  facet normal -0 0 1
    outer loop
      vertex 92.5478 63.4654 3
      vertex 92.6421 63.44 3
      vertex 92.5706 63.6506 3
    endloop
  endfacet
  facet normal 0 0 1
    outer loop
      vertex 92.6421 63.44 3
      vertex 92.5478 63.4654 3
      vertex 92.6319 63.2176 3
    endloop
  endfacet
  facet normal -0 0 1
    outer loop
      vertex 92.4321 63.7 3
      vertex 92.5706 63.6506 3
      vertex 92.4722 63.85 3
    endloop
  endfacet
  facet normal 0 0 1
    outer loop
      vertex 92.5706 63.6506 3
      vertex 92.4321 63.7 3
      vertex 92.5478 63.4654 3
    endloop
  endfacet
  facet normal -0 0 1
    outer loop
      vertex 92.2867 63.9175 3
      vertex 92.4722 63.85 3
      vertex 92.3487 64.0349 3
    endloop
  endfacet
  facet normal 0 0 1
    outer loop
      vertex 92.4722 63.85 3
      vertex 92.2867 63.9175 3
      vertex 92.4321 63.7 3
    endloop
  endfacet
  facet normal -0 0 1
    outer loop
      vertex 92.1142 64.1142 3
      vertex 92.3487 64.0349 3
      vertex 92.2021 64.2021 3
    endloop
  endfacet
  facet normal 0 0 1
    outer loop
      vertex 92.3487 64.0349 3
      vertex 92.1142 64.1142 3
      vertex 92.2867 63.9175 3
    endloop
  endfacet
  facet normal 0 0 1
    outer loop
      vertex 92.0349 64.3487 3
      vertex 92.1142 64.1142 3
      vertex 92.2021 64.2021 3
    endloop
  endfacet
  facet normal 0 0 1
    outer loop
      vertex 92.0349 64.3487 3
      vertex 91.9175 64.2867 3
      vertex 92.1142 64.1142 3
    endloop
  endfacet
  facet normal 0 0 1
    outer loop
      vertex 91.85 64.4722 3
      vertex 91.9175 64.2867 3
      vertex 92.0349 64.3487 3
    endloop
  endfacet
  facet normal 0 0 1
    outer loop
      vertex 91.85 64.4722 3
      vertex 91.7 64.4321 3
      vertex 91.9175 64.2867 3
    endloop
  endfacet
  facet normal 0 0 1
    outer loop
      vertex 91.6506 64.5706 3
      vertex 91.7 64.4321 3
      vertex 91.85 64.4722 3
    endloop
  endfacet
  facet normal 0 0 1
    outer loop
      vertex 91.6506 64.5706 3
      vertex 91.4654 64.5478 3
      vertex 91.7 64.4321 3
    endloop
  endfacet
  facet normal 0 0 1
    outer loop
      vertex 91.44 64.6421 3
      vertex 91.4654 64.5478 3
      vertex 91.6506 64.5706 3
    endloop
  endfacet
  facet normal 0 0 1
    outer loop
      vertex 91.2176 64.6319 3
      vertex 91.44 64.6421 3
      vertex 91.2219 64.6855 3
    endloop
  endfacet
  facet normal 0 0 1
    outer loop
      vertex 91.44 64.6421 3
      vertex 91.2176 64.6319 3
      vertex 91.4654 64.5478 3
    endloop
  endfacet
  facet normal 0 0 1
    outer loop
      vertex 91 64.7 3
      vertex 91.2176 64.6319 3
      vertex 91.2219 64.6855 3
    endloop
  endfacet
  facet normal 0 0 1
    outer loop
      vertex 91 64.7 3
      vertex 90.9611 64.6829 3
      vertex 91.2176 64.6319 3
    endloop
  endfacet
  facet normal 0 -0 1
    outer loop
      vertex 90.9611 64.6829 3
      vertex 91 64.7 3
      vertex 90.7 64.7 3
    endloop
  endfacet
  facet normal 0.195079 -0.980787 0
    outer loop
      vertex 91.6526 0.0427752 0
      vertex 92.2941 0.17037 3
      vertex 91.6526 0.0427752 3
    endloop
  endfacet
  facet normal 0.195079 -0.980787 0
    outer loop
      vertex 92.2941 0.17037 3
      vertex 91.6526 0.0427752 0
      vertex 92.2941 0.17037 0
    endloop
  endfacet
  facet normal -0.195088 -0.980786 0
    outer loop
      vertex 3.7059 0.17037 0
      vertex 4.34737 0.0427752 3
      vertex 3.7059 0.17037 3
    endloop
  endfacet
  facet normal -0.195088 -0.980786 -0
    outer loop
      vertex 4.34737 0.0427752 3
      vertex 3.7059 0.17037 0
      vertex 4.34737 0.0427752 0
    endloop
  endfacet
  facet normal 0.659424 0.751771 -0
    outer loop
      vertex 94.5355 66.5355 0
      vertex 94.0438 66.9668 3
      vertex 94.5355 66.5355 3
    endloop
  endfacet
  facet normal 0.659424 0.751771 0
    outer loop
      vertex 94.0438 66.9668 3
      vertex 94.5355 66.5355 0
      vertex 94.0438 66.9668 0
    endloop
  endfacet
  facet normal 0.442277 -0.896878 0
    outer loop
      vertex 92.9134 0.380602 0
      vertex 93.5 0.669872 3
      vertex 92.9134 0.380602 3
    endloop
  endfacet
  facet normal 0.442277 -0.896878 0
    outer loop
      vertex 93.5 0.669872 3
      vertex 92.9134 0.380602 0
      vertex 93.5 0.669872 0
    endloop
  endfacet
  facet normal -0.896872 -0.44229 0
    outer loop
      vertex 0.669872 2.5 0
      vertex 0.380602 3.08658 3
      vertex 0.380602 3.08658 0
    endloop
  endfacet
  facet normal -0.896872 -0.44229 0
    outer loop
      vertex 0.380602 3.08658 3
      vertex 0.669872 2.5 0
      vertex 0.669872 2.5 3
    endloop
  endfacet
  facet normal 0.0654055 -0.997859 0
    outer loop
      vertex 91 0 0
      vertex 91.6526 0.0427752 3
      vertex 91 0 3
    endloop
  endfacet
  facet normal 0.0654055 -0.997859 0
    outer loop
      vertex 91.6526 0.0427752 3
      vertex 91 0 0
      vertex 91.6526 0.0427752 0
    endloop
  endfacet
  facet normal 0.659372 -0.751817 0
    outer loop
      vertex 94.0438 1.03323 0
      vertex 94.5355 1.46447 3
      vertex 94.0438 1.03323 3
    endloop
  endfacet
  facet normal 0.659372 -0.751817 0
    outer loop
      vertex 94.5355 1.46447 3
      vertex 94.0438 1.03323 0
      vertex 94.5355 1.46447 0
    endloop
  endfacet
  facet normal 0.321407 0.946941 -0
    outer loop
      vertex 92.9134 67.6194 0
      vertex 92.2941 67.8296 3
      vertex 92.9134 67.6194 3
    endloop
  endfacet
  facet normal 0.321407 0.946941 0
    outer loop
      vertex 92.2941 67.8296 3
      vertex 92.9134 67.6194 0
      vertex 92.2941 67.8296 0
    endloop
  endfacet
  facet normal 0.896854 -0.442327 0
    outer loop
      vertex 95.3301 2.5 3
      vertex 95.6194 3.08658 0
      vertex 95.6194 3.08658 3
    endloop
  endfacet
  facet normal 0.896854 -0.442327 0
    outer loop
      vertex 95.6194 3.08658 0
      vertex 95.3301 2.5 3
      vertex 95.3301 2.5 0
    endloop
  endfacet
  facet normal 0.89686 0.442314 0
    outer loop
      vertex 95.6194 64.9134 3
      vertex 95.3301 65.5 0
      vertex 95.3301 65.5 3
    endloop
  endfacet
  facet normal 0.89686 0.442314 0
    outer loop
      vertex 95.3301 65.5 0
      vertex 95.6194 64.9134 3
      vertex 95.6194 64.9134 0
    endloop
  endfacet
  facet normal 0.946944 -0.321397 0
    outer loop
      vertex 95.6194 3.08658 3
      vertex 95.8296 3.7059 0
      vertex 95.8296 3.7059 3
    endloop
  endfacet
  facet normal 0.946944 -0.321397 0
    outer loop
      vertex 95.8296 3.7059 0
      vertex 95.6194 3.08658 3
      vertex 95.6194 3.08658 0
    endloop
  endfacet
  facet normal -0.555504 0.831514 0
    outer loop
      vertex 2.5 67.3301 0
      vertex 1.95619 66.9668 3
      vertex 2.5 67.3301 3
    endloop
  endfacet
  facet normal -0.555504 0.831514 0
    outer loop
      vertex 1.95619 66.9668 3
      vertex 2.5 67.3301 0
      vertex 1.95619 66.9668 0
    endloop
  endfacet
  facet normal 0.980784 -0.195096 0
    outer loop
      vertex 95.8296 3.7059 3
      vertex 95.9572 4.34737 0
      vertex 95.9572 4.34737 3
    endloop
  endfacet
  facet normal 0.980784 -0.195096 0
    outer loop
      vertex 95.9572 4.34737 0
      vertex 95.8296 3.7059 3
      vertex 95.8296 3.7059 0
    endloop
  endfacet
  facet normal 0 0 -1
    outer loop
      vertex 86.337 8.68883 0
      vertex 9.66298 8.68883 0
      vertex 86.4412 8.9 0
    endloop
  endfacet
  facet normal 0 0 -1
    outer loop
      vertex 86.4412 59.1 0
      vertex 9.7846 59.7651 0
      vertex 9.8 60 0
    endloop
  endfacet
  facet normal 0 0 -1
    outer loop
      vertex 9.55885 8.9 0
      vertex 86.4412 8.9 0
      vertex 9.66298 8.68883 0
    endloop
  endfacet
  facet normal 0 0 -1
    outer loop
      vertex 86.4412 59.1 0
      vertex 9.73867 59.5341 0
      vertex 9.7846 59.7651 0
    endloop
  endfacet
  facet normal 0 0 -1
    outer loop
      vertex 86.4412 8.9 0
      vertex 9.55885 8.9 0
      vertex 86.4412 59.1 0
    endloop
  endfacet
  facet normal 0 0 -1
    outer loop
      vertex 86.4412 59.1 0
      vertex 9.66298 59.3112 0
      vertex 9.73867 59.5341 0
    endloop
  endfacet
  facet normal 0 0 -1
    outer loop
      vertex 9.55885 59.1 0
      vertex 86.4412 59.1 0
      vertex 9.55885 8.9 0
    endloop
  endfacet
  facet normal 0 0 -1
    outer loop
      vertex 86.4412 59.1 0
      vertex 9.55885 59.1 0
      vertex 9.66298 59.3112 0
    endloop
  endfacet
  facet normal 0 0 -1
    outer loop
      vertex 9.42804 9.09577 0
      vertex 9.55885 59.1 0
      vertex 9.55885 8.9 0
    endloop
  endfacet
  facet normal 0 0 -1
    outer loop
      vertex 9.42804 9.09577 0
      vertex 9.42804 58.9042 0
      vertex 9.55885 59.1 0
    endloop
  endfacet
  facet normal 0 0 -1
    outer loop
      vertex 9.27279 9.27279 0
      vertex 9.42804 58.9042 0
      vertex 9.42804 9.09577 0
    endloop
  endfacet
  facet normal 0 0 -1
    outer loop
      vertex 9.27279 9.27279 0
      vertex 9.27279 58.7272 0
      vertex 9.42804 58.9042 0
    endloop
  endfacet
  facet normal 0 0 -1
    outer loop
      vertex 9.09577 9.42804 0
      vertex 9.27279 58.7272 0
      vertex 9.27279 9.27279 0
    endloop
  endfacet
  facet normal 0 0 -1
    outer loop
      vertex 9.09577 9.42804 0
      vertex 9.09577 58.572 0
      vertex 9.27279 58.7272 0
    endloop
  endfacet
  facet normal 0 0 -1
    outer loop
      vertex 8.9 9.55885 0
      vertex 9.09577 58.572 0
      vertex 9.09577 9.42804 0
    endloop
  endfacet
  facet normal 0 0 -1
    outer loop
      vertex 8.9 9.55885 0
      vertex 8.9 58.4412 0
      vertex 9.09577 58.572 0
    endloop
  endfacet
  facet normal 0 0 -1
    outer loop
      vertex 8.68883 9.66298 0
      vertex 8.9 58.4412 0
      vertex 8.9 9.55885 0
    endloop
  endfacet
  facet normal 0 0 -1
    outer loop
      vertex 8.68883 9.66298 0
      vertex 8.68883 58.337 0
      vertex 8.9 58.4412 0
    endloop
  endfacet
  facet normal 0 0 -1
    outer loop
      vertex 8.46587 9.73867 0
      vertex 8.68883 58.337 0
      vertex 8.68883 9.66298 0
    endloop
  endfacet
  facet normal 0 0 -1
    outer loop
      vertex 8.46587 9.73867 0
      vertex 8.46587 58.2613 0
      vertex 8.68883 58.337 0
    endloop
  endfacet
  facet normal 0 0 -1
    outer loop
      vertex 8.23495 9.7846 0
      vertex 8.46587 58.2613 0
      vertex 8.46587 9.73867 0
    endloop
  endfacet
  facet normal 0 0 -1
    outer loop
      vertex 8.23495 9.7846 0
      vertex 8.23495 58.2154 0
      vertex 8.46587 58.2613 0
    endloop
  endfacet
  facet normal 0 0 -1
    outer loop
      vertex 8 9.8 0
      vertex 8.23495 58.2154 0
      vertex 8.23495 9.7846 0
    endloop
  endfacet
  facet normal 0 0 -1
    outer loop
      vertex 8 9.8 0
      vertex 8 58.2 0
      vertex 8.23495 58.2154 0
    endloop
  endfacet
  facet normal 0 0 -1
    outer loop
      vertex 7.76505 9.7846 0
      vertex 8 58.2 0
      vertex 8 9.8 0
    endloop
  endfacet
  facet normal 0 0 -1
    outer loop
      vertex 7.76505 9.7846 0
      vertex 7.76505 58.2154 0
      vertex 8 58.2 0
    endloop
  endfacet
  facet normal 0 0 -1
    outer loop
      vertex 7.53413 9.73867 0
      vertex 7.76505 58.2154 0
      vertex 7.76505 9.7846 0
    endloop
  endfacet
  facet normal 0 0 -1
    outer loop
      vertex 7.53413 9.73867 0
      vertex 7.53413 58.2613 0
      vertex 7.76505 58.2154 0
    endloop
  endfacet
  facet normal 0 0 -1
    outer loop
      vertex 7.31117 9.66298 0
      vertex 7.53413 58.2613 0
      vertex 7.53413 9.73867 0
    endloop
  endfacet
  facet normal 0 0 -1
    outer loop
      vertex 7.31117 9.66298 0
      vertex 7.31117 58.337 0
      vertex 7.53413 58.2613 0
    endloop
  endfacet
  facet normal 0 0 -1
    outer loop
      vertex 7.1 9.55885 0
      vertex 7.31117 58.337 0
      vertex 7.31117 9.66298 0
    endloop
  endfacet
  facet normal 0 0 -1
    outer loop
      vertex 7.1 9.55885 0
      vertex 7.1 58.4412 0
      vertex 7.31117 58.337 0
    endloop
  endfacet
  facet normal 0 0 -1
    outer loop
      vertex 6.90423 9.42804 0
      vertex 7.1 58.4412 0
      vertex 7.1 9.55885 0
    endloop
  endfacet
  facet normal 0 0 -1
    outer loop
      vertex 6.90423 9.42804 0
      vertex 6.90423 58.572 0
      vertex 7.1 58.4412 0
    endloop
  endfacet
  facet normal 0 0 -1
    outer loop
      vertex 0 5 0
      vertex 6.90423 9.42804 0
      vertex 6.72721 9.27279 0
    endloop
  endfacet
  facet normal -0 0 -1
    outer loop
      vertex 6.90423 9.42804 0
      vertex 0 5 0
      vertex 6.90423 58.572 0
    endloop
  endfacet
  facet normal 0 0 -1
    outer loop
      vertex 0 5 0
      vertex 6.72721 9.27279 0
      vertex 6.57196 9.09577 0
    endloop
  endfacet
  facet normal 0 0 -1
    outer loop
      vertex 0 63 0
      vertex 6.90423 58.572 0
      vertex 0 5 0
    endloop
  endfacet
  facet normal 0 0 -1
    outer loop
      vertex 0 5 0
      vertex 6.57196 9.09577 0
      vertex 6.44115 8.9 0
    endloop
  endfacet
  facet normal 0 0 -1
    outer loop
      vertex 6.90423 58.572 0
      vertex 0 63 0
      vertex 6.72721 58.7272 0
    endloop
  endfacet
  facet normal 0 0 -1
    outer loop
      vertex 0 5 0
      vertex 6.44115 8.9 0
      vertex 6.33702 8.68883 0
    endloop
  endfacet
  facet normal 0 0 -1
    outer loop
      vertex 6.72721 58.7272 0
      vertex 0 63 0
      vertex 6.57196 58.9042 0
    endloop
  endfacet
  facet normal 0 0 -1
    outer loop
      vertex 0 5 0
      vertex 6.33702 8.68883 0
      vertex 6.26133 8.46587 0
    endloop
  endfacet
  facet normal 0 0 -1
    outer loop
      vertex 6.57196 58.9042 0
      vertex 0 63 0
      vertex 6.44115 59.1 0
    endloop
  endfacet
  facet normal 0 0 -1
    outer loop
      vertex 0 5 0
      vertex 6.26133 8.46587 0
      vertex 6.2154 8.23495 0
    endloop
  endfacet
  facet normal 0 0 -1
    outer loop
      vertex 6.44115 59.1 0
      vertex 0 63 0
      vertex 6.33702 59.3112 0
    endloop
  endfacet
  facet normal 0 0 -1
    outer loop
      vertex 0 5 0
      vertex 6.2154 8.23495 0
      vertex 6.2 8 0
    endloop
  endfacet
  facet normal 0 0 -1
    outer loop
      vertex 6.33702 59.3112 0
      vertex 0 63 0
      vertex 6.26133 59.5341 0
    endloop
  endfacet
  facet normal 0 0 -1
    outer loop
      vertex 89.663 8.68883 0
      vertex 96 5 0
      vertex 89.7387 8.46587 0
    endloop
  endfacet
  facet normal 0 0 -1
    outer loop
      vertex 96 63 0
      vertex 89.7846 59.7651 0
      vertex 89.8 60 0
    endloop
  endfacet
  facet normal 0 0 -1
    outer loop
      vertex 89.5588 8.9 0
      vertex 96 5 0
      vertex 89.663 8.68883 0
    endloop
  endfacet
  facet normal 0 0 -1
    outer loop
      vertex 96 63 0
      vertex 89.7387 59.5341 0
      vertex 89.7846 59.7651 0
    endloop
  endfacet
  facet normal 0 0 -1
    outer loop
      vertex 89.428 9.09577 0
      vertex 96 5 0
      vertex 89.5588 8.9 0
    endloop
  endfacet
  facet normal 0 0 -1
    outer loop
      vertex 96 63 0
      vertex 89.663 59.3112 0
      vertex 89.7387 59.5341 0
    endloop
  endfacet
  facet normal 0 0 -1
    outer loop
      vertex 89.2728 9.27279 0
      vertex 96 5 0
      vertex 89.428 9.09577 0
    endloop
  endfacet
  facet normal 0 0 -1
    outer loop
      vertex 96 63 0
      vertex 89.5588 59.1 0
      vertex 89.663 59.3112 0
    endloop
  endfacet
  facet normal 0 0 -1
    outer loop
      vertex 89.0958 9.42804 0
      vertex 96 5 0
      vertex 89.2728 9.27279 0
    endloop
  endfacet
  facet normal 0 0 -1
    outer loop
      vertex 96 63 0
      vertex 89.428 58.9042 0
      vertex 89.5588 59.1 0
    endloop
  endfacet
  facet normal 0 0 -1
    outer loop
      vertex 96 5 0
      vertex 89.0958 9.42804 0
      vertex 96 63 0
    endloop
  endfacet
  facet normal 0 0 -1
    outer loop
      vertex 96 63 0
      vertex 89.2728 58.7272 0
      vertex 89.428 58.9042 0
    endloop
  endfacet
  facet normal 0 0 -1
    outer loop
      vertex 89.0958 58.572 0
      vertex 96 63 0
      vertex 89.0958 9.42804 0
    endloop
  endfacet
  facet normal 0 0 -1
    outer loop
      vertex 96 63 0
      vertex 89.0958 58.572 0
      vertex 89.2728 58.7272 0
    endloop
  endfacet
  facet normal 0 0 -1
    outer loop
      vertex 88.9 9.55885 0
      vertex 89.0958 58.572 0
      vertex 89.0958 9.42804 0
    endloop
  endfacet
  facet normal 0 0 -1
    outer loop
      vertex 88.9 9.55885 0
      vertex 88.9 58.4412 0
      vertex 89.0958 58.572 0
    endloop
  endfacet
  facet normal 0 0 -1
    outer loop
      vertex 88.6888 9.66298 0
      vertex 88.9 58.4412 0
      vertex 88.9 9.55885 0
    endloop
  endfacet
  facet normal 0 0 -1
    outer loop
      vertex 88.6888 9.66298 0
      vertex 88.6888 58.337 0
      vertex 88.9 58.4412 0
    endloop
  endfacet
  facet normal 0 0 -1
    outer loop
      vertex 88.4659 9.73867 0
      vertex 88.6888 58.337 0
      vertex 88.6888 9.66298 0
    endloop
  endfacet
  facet normal 0 0 -1
    outer loop
      vertex 88.4659 9.73867 0
      vertex 88.4659 58.2613 0
      vertex 88.6888 58.337 0
    endloop
  endfacet
  facet normal 0 0 -1
    outer loop
      vertex 88.2349 9.7846 0
      vertex 88.4659 58.2613 0
      vertex 88.4659 9.73867 0
    endloop
  endfacet
  facet normal 0 0 -1
    outer loop
      vertex 88.2349 9.7846 0
      vertex 88.2349 58.2154 0
      vertex 88.4659 58.2613 0
    endloop
  endfacet
  facet normal 0 0 -1
    outer loop
      vertex 88 9.8 0
      vertex 88.2349 58.2154 0
      vertex 88.2349 9.7846 0
    endloop
  endfacet
  facet normal 0 0 -1
    outer loop
      vertex 88 9.8 0
      vertex 88 58.2 0
      vertex 88.2349 58.2154 0
    endloop
  endfacet
  facet normal 0 0 -1
    outer loop
      vertex 87.7651 9.7846 0
      vertex 88 58.2 0
      vertex 88 9.8 0
    endloop
  endfacet
  facet normal 0 0 -1
    outer loop
      vertex 87.7651 9.7846 0
      vertex 87.7651 58.2154 0
      vertex 88 58.2 0
    endloop
  endfacet
  facet normal 0 0 -1
    outer loop
      vertex 87.5341 9.73867 0
      vertex 87.7651 58.2154 0
      vertex 87.7651 9.7846 0
    endloop
  endfacet
  facet normal 0 0 -1
    outer loop
      vertex 87.5341 9.73867 0
      vertex 87.5341 58.2613 0
      vertex 87.7651 58.2154 0
    endloop
  endfacet
  facet normal 0 0 -1
    outer loop
      vertex 87.3112 9.66298 0
      vertex 87.5341 58.2613 0
      vertex 87.5341 9.73867 0
    endloop
  endfacet
  facet normal 0 0 -1
    outer loop
      vertex 87.3112 9.66298 0
      vertex 87.3112 58.337 0
      vertex 87.5341 58.2613 0
    endloop
  endfacet
  facet normal 0 0 -1
    outer loop
      vertex 87.1 9.55885 0
      vertex 87.3112 58.337 0
      vertex 87.3112 9.66298 0
    endloop
  endfacet
  facet normal 0 0 -1
    outer loop
      vertex 87.1 9.55885 0
      vertex 87.1 58.4412 0
      vertex 87.3112 58.337 0
    endloop
  endfacet
  facet normal 0 0 -1
    outer loop
      vertex 86.9042 9.42804 0
      vertex 87.1 58.4412 0
      vertex 87.1 9.55885 0
    endloop
  endfacet
  facet normal 0 0 -1
    outer loop
      vertex 86.9042 9.42804 0
      vertex 86.9042 58.572 0
      vertex 87.1 58.4412 0
    endloop
  endfacet
  facet normal 0 0 -1
    outer loop
      vertex 86.7272 9.27279 0
      vertex 86.9042 58.572 0
      vertex 86.9042 9.42804 0
    endloop
  endfacet
  facet normal 0 0 -1
    outer loop
      vertex 86.7272 9.27279 0
      vertex 86.7272 58.7272 0
      vertex 86.9042 58.572 0
    endloop
  endfacet
  facet normal 0 0 -1
    outer loop
      vertex 86.572 9.09577 0
      vertex 86.7272 58.7272 0
      vertex 86.7272 9.27279 0
    endloop
  endfacet
  facet normal 0 0 -1
    outer loop
      vertex 86.572 9.09577 0
      vertex 86.572 58.9042 0
      vertex 86.7272 58.7272 0
    endloop
  endfacet
  facet normal 0 0 -1
    outer loop
      vertex 86.4412 8.9 0
      vertex 86.572 58.9042 0
      vertex 86.572 9.09577 0
    endloop
  endfacet
  facet normal 0 0 -1
    outer loop
      vertex 86.4412 8.9 0
      vertex 86.4412 59.1 0
      vertex 86.572 58.9042 0
    endloop
  endfacet
  facet normal 0 0 -1
    outer loop
      vertex 9.73867 8.46587 0
      vertex 86.2613 8.46587 0
      vertex 9.7846 8.23495 0
    endloop
  endfacet
  facet normal 0 0 -1
    outer loop
      vertex 86.2613 8.46587 0
      vertex 9.73867 8.46587 0
      vertex 86.337 8.68883 0
    endloop
  endfacet
  facet normal 0 0 -1
    outer loop
      vertex 86.2154 8.23495 0
      vertex 9.7846 8.23495 0
      vertex 86.2613 8.46587 0
    endloop
  endfacet
  facet normal 0 0 -1
    outer loop
      vertex 9.66298 8.68883 0
      vertex 86.337 8.68883 0
      vertex 9.73867 8.46587 0
    endloop
  endfacet
  facet normal 0 0 -1
    outer loop
      vertex 9.7846 8.23495 0
      vertex 86.2154 8.23495 0
      vertex 9.8 8 0
    endloop
  endfacet
  facet normal 0 0 -1
    outer loop
      vertex 86.4412 59.1 0
      vertex 9.8 60 0
      vertex 86.337 59.3112 0
    endloop
  endfacet
  facet normal 0 0 -1
    outer loop
      vertex 9.8 8 0
      vertex 86.2154 8.23495 0
      vertex 86.2 8 0
    endloop
  endfacet
  facet normal 0 0 -1
    outer loop
      vertex 86.337 59.3112 0
      vertex 9.8 60 0
      vertex 86.2613 59.5341 0
    endloop
  endfacet
  facet normal 0 0 -1
    outer loop
      vertex 89.428 6.90423 0
      vertex 96 5 0
      vertex 95.9572 4.34737 0
    endloop
  endfacet
  facet normal 0 0 -1
    outer loop
      vertex 89.7846 8.23495 0
      vertex 96 5 0
      vertex 89.8 8 0
    endloop
  endfacet
  facet normal 0 0 -1
    outer loop
      vertex 89.428 6.90423 0
      vertex 95.9572 4.34737 0
      vertex 95.8296 3.7059 0
    endloop
  endfacet
  facet normal 0 0 -1
    outer loop
      vertex 89.7387 8.46587 0
      vertex 96 5 0
      vertex 89.7846 8.23495 0
    endloop
  endfacet
  facet normal 0 0 -1
    outer loop
      vertex 89.428 6.90423 0
      vertex 95.8296 3.7059 0
      vertex 95.6194 3.08658 0
    endloop
  endfacet
  facet normal 0 0 -1
    outer loop
      vertex 89.7846 60.2349 0
      vertex 96 63 0
      vertex 89.8 60 0
    endloop
  endfacet
  facet normal 0 0 -1
    outer loop
      vertex 89.428 6.90423 0
      vertex 95.6194 3.08658 0
      vertex 95.3301 2.5 0
    endloop
  endfacet
  facet normal 0 0 -1
    outer loop
      vertex 89.7387 60.4659 0
      vertex 96 63 0
      vertex 89.7846 60.2349 0
    endloop
  endfacet
  facet normal 0 0 -1
    outer loop
      vertex 89.2728 6.72721 0
      vertex 95.3301 2.5 0
      vertex 94.9668 1.95619 0
    endloop
  endfacet
  facet normal 0 0 -1
    outer loop
      vertex 89.663 60.6888 0
      vertex 96 63 0
      vertex 89.7387 60.4659 0
    endloop
  endfacet
  facet normal 0 0 -1
    outer loop
      vertex 89.2728 6.72721 0
      vertex 94.9668 1.95619 0
      vertex 94.5355 1.46447 0
    endloop
  endfacet
  facet normal 0 0 -1
    outer loop
      vertex 89.5588 60.9 0
      vertex 96 63 0
      vertex 89.663 60.6888 0
    endloop
  endfacet
  facet normal 0 0 -1
    outer loop
      vertex 89.2728 6.72721 0
      vertex 94.5355 1.46447 0
      vertex 94.0438 1.03323 0
    endloop
  endfacet
  facet normal 0 0 -1
    outer loop
      vertex 89.428 61.0958 0
      vertex 96 63 0
      vertex 89.5588 60.9 0
    endloop
  endfacet
  facet normal 0 0 -1
    outer loop
      vertex 89.2728 6.72721 0
      vertex 94.0438 1.03323 0
      vertex 93.5 0.669872 0
    endloop
  endfacet
  facet normal -0 0 -1
    outer loop
      vertex 96 63 0
      vertex 89.428 61.0958 0
      vertex 95.9572 63.6526 0
    endloop
  endfacet
  facet normal 0 0 -1
    outer loop
      vertex 89.0958 6.57196 0
      vertex 93.5 0.669872 0
      vertex 92.9134 0.380602 0
    endloop
  endfacet
  facet normal -0 0 -1
    outer loop
      vertex 95.9572 63.6526 0
      vertex 89.428 61.0958 0
      vertex 95.8296 64.2941 0
    endloop
  endfacet
  facet normal 0 0 -1
    outer loop
      vertex 89.0958 6.57196 0
      vertex 92.9134 0.380602 0
      vertex 92.2941 0.17037 0
    endloop
  endfacet
  facet normal -0 0 -1
    outer loop
      vertex 95.8296 64.2941 0
      vertex 89.428 61.0958 0
      vertex 95.6194 64.9134 0
    endloop
  endfacet
  facet normal 0 0 -1
    outer loop
      vertex 89.0958 6.57196 0
      vertex 92.2941 0.17037 0
      vertex 91.6526 0.0427752 0
    endloop
  endfacet
  facet normal -0 0 -1
    outer loop
      vertex 95.6194 64.9134 0
      vertex 89.428 61.0958 0
      vertex 95.3301 65.5 0
    endloop
  endfacet
  facet normal 0 0 -1
    outer loop
      vertex 89.0958 6.57196 0
      vertex 91.6526 0.0427752 0
      vertex 91 0 0
    endloop
  endfacet
  facet normal 0 0 -1
    outer loop
      vertex 89.2728 61.2728 0
      vertex 95.3301 65.5 0
      vertex 89.428 61.0958 0
    endloop
  endfacet
  facet normal -0 0 -1
    outer loop
      vertex 95.3301 65.5 0
      vertex 89.2728 61.2728 0
      vertex 94.9668 66.0438 0
    endloop
  endfacet
  facet normal 0 0 -1
    outer loop
      vertex 96 5 0
      vertex 89.7846 7.76505 0
      vertex 89.8 8 0
    endloop
  endfacet
  facet normal 0 0 -1
    outer loop
      vertex 96 5 0
      vertex 89.7387 7.53413 0
      vertex 89.7846 7.76505 0
    endloop
  endfacet
  facet normal 0 0 -1
    outer loop
      vertex 96 5 0
      vertex 89.663 7.31117 0
      vertex 89.7387 7.53413 0
    endloop
  endfacet
  facet normal 0 0 -1
    outer loop
      vertex 96 5 0
      vertex 89.5588 7.1 0
      vertex 89.663 7.31117 0
    endloop
  endfacet
  facet normal 0 0 -1
    outer loop
      vertex 96 5 0
      vertex 89.428 6.90423 0
      vertex 89.5588 7.1 0
    endloop
  endfacet
  facet normal 0 0 -1
    outer loop
      vertex 95.3301 2.5 0
      vertex 89.2728 6.72721 0
      vertex 89.428 6.90423 0
    endloop
  endfacet
  facet normal 0 0 -1
    outer loop
      vertex 93.5 0.669872 0
      vertex 89.0958 6.57196 0
      vertex 89.2728 6.72721 0
    endloop
  endfacet
  facet normal 0 0 -1
    outer loop
      vertex 91 0 0
      vertex 88.9 6.44115 0
      vertex 89.0958 6.57196 0
    endloop
  endfacet
  facet normal 0 0 -1
    outer loop
      vertex 91 0 0
      vertex 88.6888 6.33702 0
      vertex 88.9 6.44115 0
    endloop
  endfacet
  facet normal 0 0 -1
    outer loop
      vertex 91 0 0
      vertex 88.4659 6.26133 0
      vertex 88.6888 6.33702 0
    endloop
  endfacet
  facet normal 0 0 -1
    outer loop
      vertex 91 0 0
      vertex 88.2349 6.2154 0
      vertex 88.4659 6.26133 0
    endloop
  endfacet
  facet normal 0 0 -1
    outer loop
      vertex 91 0 0
      vertex 88 6.2 0
      vertex 88.2349 6.2154 0
    endloop
  endfacet
  facet normal 0 0 -1
    outer loop
      vertex 91 0 0
      vertex 87.7651 6.2154 0
      vertex 88 6.2 0
    endloop
  endfacet
  facet normal 0 0 -1
    outer loop
      vertex 91 0 0
      vertex 87.5341 6.26133 0
      vertex 87.7651 6.2154 0
    endloop
  endfacet
  facet normal 0 0 -1
    outer loop
      vertex 91 0 0
      vertex 87.3112 6.33702 0
      vertex 87.5341 6.26133 0
    endloop
  endfacet
  facet normal 0 0 -1
    outer loop
      vertex 91 0 0
      vertex 87.1 6.44115 0
      vertex 87.3112 6.33702 0
    endloop
  endfacet
  facet normal 0 0 -1
    outer loop
      vertex 91 0 0
      vertex 86.9042 6.57196 0
      vertex 87.1 6.44115 0
    endloop
  endfacet
  facet normal 0 0 -1
    outer loop
      vertex 91 0 0
      vertex 86.7272 6.72721 0
      vertex 86.9042 6.57196 0
    endloop
  endfacet
  facet normal 0 0 -1
    outer loop
      vertex 91 0 0
      vertex 86.572 6.90423 0
      vertex 86.7272 6.72721 0
    endloop
  endfacet
  facet normal 0 0 -1
    outer loop
      vertex 9.42804 6.90423 0
      vertex 86.572 6.90423 0
      vertex 91 0 0
    endloop
  endfacet
  facet normal 0 0 -1
    outer loop
      vertex 86.2613 59.5341 0
      vertex 9.8 60 0
      vertex 86.2154 59.7651 0
    endloop
  endfacet
  facet normal 0 0 -1
    outer loop
      vertex 86.2154 7.76505 0
      vertex 9.8 8 0
      vertex 86.2 8 0
    endloop
  endfacet
  facet normal 0 0 -1
    outer loop
      vertex 9.7846 7.76505 0
      vertex 86.2154 7.76505 0
      vertex 86.2613 7.53413 0
    endloop
  endfacet
  facet normal 0 0 -1
    outer loop
      vertex 9.73867 7.53413 0
      vertex 86.2613 7.53413 0
      vertex 86.337 7.31117 0
    endloop
  endfacet
  facet normal 0 0 -1
    outer loop
      vertex 9.66298 7.31117 0
      vertex 86.337 7.31117 0
      vertex 86.4412 7.1 0
    endloop
  endfacet
  facet normal 0 0 -1
    outer loop
      vertex 86.572 6.90423 0
      vertex 9.42804 6.90423 0
      vertex 86.4412 7.1 0
    endloop
  endfacet
  facet normal 0 0 -1
    outer loop
      vertex 86.2154 7.76505 0
      vertex 9.7846 7.76505 0
      vertex 9.8 8 0
    endloop
  endfacet
  facet normal 0 0 -1
    outer loop
      vertex 86.2613 7.53413 0
      vertex 9.73867 7.53413 0
      vertex 9.7846 7.76505 0
    endloop
  endfacet
  facet normal 0 0 -1
    outer loop
      vertex 86.337 7.31117 0
      vertex 9.66298 7.31117 0
      vertex 9.73867 7.53413 0
    endloop
  endfacet
  facet normal 0 0 -1
    outer loop
      vertex 86.4412 7.1 0
      vertex 9.55885 7.1 0
      vertex 9.66298 7.31117 0
    endloop
  endfacet
  facet normal -0 0 -1
    outer loop
      vertex 86.4412 7.1 0
      vertex 9.42804 6.90423 0
      vertex 9.55885 7.1 0
    endloop
  endfacet
  facet normal 0 0 -1
    outer loop
      vertex 5 0 0
      vertex 9.42804 6.90423 0
      vertex 91 0 0
    endloop
  endfacet
  facet normal 0 0 -1
    outer loop
      vertex 9.42804 6.90423 0
      vertex 5 0 0
      vertex 9.27279 6.72721 0
    endloop
  endfacet
  facet normal 0 0 -1
    outer loop
      vertex 9.27279 6.72721 0
      vertex 5 0 0
      vertex 9.09577 6.57196 0
    endloop
  endfacet
  facet normal 0 0 -1
    outer loop
      vertex 9.09577 6.57196 0
      vertex 5 0 0
      vertex 8.9 6.44115 0
    endloop
  endfacet
  facet normal 0 0 -1
    outer loop
      vertex 8.9 6.44115 0
      vertex 5 0 0
      vertex 8.68883 6.33702 0
    endloop
  endfacet
  facet normal 0 0 -1
    outer loop
      vertex 8.68883 6.33702 0
      vertex 5 0 0
      vertex 8.46587 6.26133 0
    endloop
  endfacet
  facet normal 0 0 -1
    outer loop
      vertex 8.46587 6.26133 0
      vertex 5 0 0
      vertex 8.23495 6.2154 0
    endloop
  endfacet
  facet normal 0 0 -1
    outer loop
      vertex 8.23495 6.2154 0
      vertex 5 0 0
      vertex 8 6.2 0
    endloop
  endfacet
  facet normal 0 0 -1
    outer loop
      vertex 1.03323 1.95619 0
      vertex 6.72721 6.72721 0
      vertex 1.46447 1.46447 0
    endloop
  endfacet
  facet normal 0 0 -1
    outer loop
      vertex 1.46447 1.46447 0
      vertex 6.72721 6.72721 0
      vertex 1.95619 1.03323 0
    endloop
  endfacet
  facet normal 0 0 -1
    outer loop
      vertex 1.95619 1.03323 0
      vertex 6.72721 6.72721 0
      vertex 2.5 0.669872 0
    endloop
  endfacet
  facet normal -0 0 -1
    outer loop
      vertex 6.90423 6.57196 0
      vertex 2.5 0.669872 0
      vertex 6.72721 6.72721 0
    endloop
  endfacet
  facet normal 0 0 -1
    outer loop
      vertex 2.5 0.669872 0
      vertex 6.90423 6.57196 0
      vertex 3.08658 0.380602 0
    endloop
  endfacet
  facet normal 0 0 -1
    outer loop
      vertex 3.08658 0.380602 0
      vertex 6.90423 6.57196 0
      vertex 3.7059 0.17037 0
    endloop
  endfacet
  facet normal 0 0 -1
    outer loop
      vertex 3.7059 0.17037 0
      vertex 6.90423 6.57196 0
      vertex 4.34737 0.0427752 0
    endloop
  endfacet
  facet normal 0 0 -1
    outer loop
      vertex 4.34737 0.0427752 0
      vertex 6.90423 6.57196 0
      vertex 5 0 0
    endloop
  endfacet
  facet normal -0 0 -1
    outer loop
      vertex 7.1 6.44115 0
      vertex 5 0 0
      vertex 6.90423 6.57196 0
    endloop
  endfacet
  facet normal -0 0 -1
    outer loop
      vertex 7.31117 6.33702 0
      vertex 5 0 0
      vertex 7.1 6.44115 0
    endloop
  endfacet
  facet normal -0 0 -1
    outer loop
      vertex 7.53413 6.26133 0
      vertex 5 0 0
      vertex 7.31117 6.33702 0
    endloop
  endfacet
  facet normal -0 0 -1
    outer loop
      vertex 7.76505 6.2154 0
      vertex 5 0 0
      vertex 7.53413 6.26133 0
    endloop
  endfacet
  facet normal -0 0 -1
    outer loop
      vertex 8 6.2 0
      vertex 5 0 0
      vertex 7.76505 6.2154 0
    endloop
  endfacet
  facet normal -0 0 -1
    outer loop
      vertex 94.9668 66.0438 0
      vertex 89.2728 61.2728 0
      vertex 94.5355 66.5355 0
    endloop
  endfacet
  facet normal -0 0 -1
    outer loop
      vertex 94.5355 66.5355 0
      vertex 89.2728 61.2728 0
      vertex 94.0438 66.9668 0
    endloop
  endfacet
  facet normal -0 0 -1
    outer loop
      vertex 94.0438 66.9668 0
      vertex 89.2728 61.2728 0
      vertex 93.5 67.3301 0
    endloop
  endfacet
  facet normal 0 0 -1
    outer loop
      vertex 89.0958 61.428 0
      vertex 93.5 67.3301 0
      vertex 89.2728 61.2728 0
    endloop
  endfacet
  facet normal -0 0 -1
    outer loop
      vertex 93.5 67.3301 0
      vertex 89.0958 61.428 0
      vertex 92.9134 67.6194 0
    endloop
  endfacet
  facet normal -0 0 -1
    outer loop
      vertex 92.9134 67.6194 0
      vertex 89.0958 61.428 0
      vertex 92.2941 67.8296 0
    endloop
  endfacet
  facet normal -0 0 -1
    outer loop
      vertex 92.2941 67.8296 0
      vertex 89.0958 61.428 0
      vertex 91.6526 67.9572 0
    endloop
  endfacet
  facet normal -0 0 -1
    outer loop
      vertex 91.6526 67.9572 0
      vertex 89.0958 61.428 0
      vertex 91 68 0
    endloop
  endfacet
  facet normal 0 0 -1
    outer loop
      vertex 88.9 61.5588 0
      vertex 91 68 0
      vertex 89.0958 61.428 0
    endloop
  endfacet
  facet normal 0 0 -1
    outer loop
      vertex 88.6888 61.663 0
      vertex 91 68 0
      vertex 88.9 61.5588 0
    endloop
  endfacet
  facet normal 0 0 -1
    outer loop
      vertex 88.4659 61.7387 0
      vertex 91 68 0
      vertex 88.6888 61.663 0
    endloop
  endfacet
  facet normal 0 0 -1
    outer loop
      vertex 88.2349 61.7846 0
      vertex 91 68 0
      vertex 88.4659 61.7387 0
    endloop
  endfacet
  facet normal 0 0 -1
    outer loop
      vertex 88 61.8 0
      vertex 91 68 0
      vertex 88.2349 61.7846 0
    endloop
  endfacet
  facet normal 0 0 -1
    outer loop
      vertex 87.7651 61.7846 0
      vertex 91 68 0
      vertex 88 61.8 0
    endloop
  endfacet
  facet normal 0 0 -1
    outer loop
      vertex 87.5341 61.7387 0
      vertex 91 68 0
      vertex 87.7651 61.7846 0
    endloop
  endfacet
  facet normal 0 0 -1
    outer loop
      vertex 87.3112 61.663 0
      vertex 91 68 0
      vertex 87.5341 61.7387 0
    endloop
  endfacet
  facet normal 0 0 -1
    outer loop
      vertex 87.1 61.5588 0
      vertex 91 68 0
      vertex 87.3112 61.663 0
    endloop
  endfacet
  facet normal 0 0 -1
    outer loop
      vertex 86.9042 61.428 0
      vertex 91 68 0
      vertex 87.1 61.5588 0
    endloop
  endfacet
  facet normal 0 0 -1
    outer loop
      vertex 86.7272 61.2728 0
      vertex 91 68 0
      vertex 86.9042 61.428 0
    endloop
  endfacet
  facet normal 0 0 -1
    outer loop
      vertex 86.572 61.0958 0
      vertex 91 68 0
      vertex 86.7272 61.2728 0
    endloop
  endfacet
  facet normal 0 0 -1
    outer loop
      vertex 9.42804 61.0958 0
      vertex 86.572 61.0958 0
      vertex 86.4412 60.9 0
    endloop
  endfacet
  facet normal 0 0 -1
    outer loop
      vertex 86.2154 59.7651 0
      vertex 9.8 60 0
      vertex 86.2 60 0
    endloop
  endfacet
  facet normal 0 0 -1
    outer loop
      vertex 86.2 60 0
      vertex 9.8 60 0
      vertex 86.2154 60.2349 0
    endloop
  endfacet
  facet normal 0 0 -1
    outer loop
      vertex 9.7846 60.2349 0
      vertex 86.2154 60.2349 0
      vertex 9.8 60 0
    endloop
  endfacet
  facet normal 0 0 -1
    outer loop
      vertex 86.2154 60.2349 0
      vertex 9.7846 60.2349 0
      vertex 86.2613 60.4659 0
    endloop
  endfacet
  facet normal 0 0 -1
    outer loop
      vertex 9.73867 60.4659 0
      vertex 86.2613 60.4659 0
      vertex 9.7846 60.2349 0
    endloop
  endfacet
  facet normal 0 0 -1
    outer loop
      vertex 86.2613 60.4659 0
      vertex 9.73867 60.4659 0
      vertex 86.337 60.6888 0
    endloop
  endfacet
  facet normal 0 0 -1
    outer loop
      vertex 9.66298 60.6888 0
      vertex 86.337 60.6888 0
      vertex 9.73867 60.4659 0
    endloop
  endfacet
  facet normal 0 0 -1
    outer loop
      vertex 86.337 60.6888 0
      vertex 9.66298 60.6888 0
      vertex 86.4412 60.9 0
    endloop
  endfacet
  facet normal 0 0 -1
    outer loop
      vertex 9.55885 60.9 0
      vertex 86.4412 60.9 0
      vertex 9.66298 60.6888 0
    endloop
  endfacet
  facet normal 0 0 -1
    outer loop
      vertex 9.42804 61.0958 0
      vertex 86.4412 60.9 0
      vertex 9.55885 60.9 0
    endloop
  endfacet
  facet normal 0 0 -1
    outer loop
      vertex 86.572 61.0958 0
      vertex 9.42804 61.0958 0
      vertex 91 68 0
    endloop
  endfacet
  facet normal 0 0 -1
    outer loop
      vertex 5 68 0
      vertex 9.42804 61.0958 0
      vertex 9.27279 61.2728 0
    endloop
  endfacet
  facet normal 0 0 -1
    outer loop
      vertex 5 68 0
      vertex 9.27279 61.2728 0
      vertex 9.09577 61.428 0
    endloop
  endfacet
  facet normal 0 0 -1
    outer loop
      vertex 5 68 0
      vertex 9.09577 61.428 0
      vertex 8.9 61.5588 0
    endloop
  endfacet
  facet normal 0 0 -1
    outer loop
      vertex 5 68 0
      vertex 8.9 61.5588 0
      vertex 8.68883 61.663 0
    endloop
  endfacet
  facet normal 0 0 -1
    outer loop
      vertex 5 68 0
      vertex 8.68883 61.663 0
      vertex 8.46587 61.7387 0
    endloop
  endfacet
  facet normal 0 0 -1
    outer loop
      vertex 5 68 0
      vertex 8.46587 61.7387 0
      vertex 8.23495 61.7846 0
    endloop
  endfacet
  facet normal 0 0 -1
    outer loop
      vertex 5 68 0
      vertex 8.23495 61.7846 0
      vertex 8 61.8 0
    endloop
  endfacet
  facet normal 0 0 -1
    outer loop
      vertex 5 68 0
      vertex 8 61.8 0
      vertex 7.76505 61.7846 0
    endloop
  endfacet
  facet normal 0 0 -1
    outer loop
      vertex 9.42804 61.0958 0
      vertex 5 68 0
      vertex 91 68 0
    endloop
  endfacet
  facet normal 0 0 -1
    outer loop
      vertex 7.53413 61.7387 0
      vertex 5 68 0
      vertex 7.76505 61.7846 0
    endloop
  endfacet
  facet normal 0 0 -1
    outer loop
      vertex 7.31117 61.663 0
      vertex 5 68 0
      vertex 7.53413 61.7387 0
    endloop
  endfacet
  facet normal 0 0 -1
    outer loop
      vertex 7.1 61.5588 0
      vertex 5 68 0
      vertex 7.31117 61.663 0
    endloop
  endfacet
  facet normal 0 0 -1
    outer loop
      vertex 6.90423 61.428 0
      vertex 5 68 0
      vertex 7.1 61.5588 0
    endloop
  endfacet
  facet normal 0 0 -1
    outer loop
      vertex 2.5 67.3301 0
      vertex 6.90423 61.428 0
      vertex 6.72721 61.2728 0
    endloop
  endfacet
  facet normal 0 0 -1
    outer loop
      vertex 0.669872 65.5 0
      vertex 6.72721 61.2728 0
      vertex 6.57196 61.0958 0
    endloop
  endfacet
  facet normal 0 0 -1
    outer loop
      vertex 0 63 0
      vertex 6.57196 61.0958 0
      vertex 6.44115 60.9 0
    endloop
  endfacet
  facet normal 0 0 -1
    outer loop
      vertex 0 63 0
      vertex 6.44115 60.9 0
      vertex 6.33702 60.6888 0
    endloop
  endfacet
  facet normal 0 0 -1
    outer loop
      vertex 0 63 0
      vertex 6.33702 60.6888 0
      vertex 6.26133 60.4659 0
    endloop
  endfacet
  facet normal 0 0 -1
    outer loop
      vertex 0 63 0
      vertex 6.26133 60.4659 0
      vertex 6.2154 60.2349 0
    endloop
  endfacet
  facet normal 0 0 -1
    outer loop
      vertex 0 63 0
      vertex 6.2154 60.2349 0
      vertex 6.2 60 0
    endloop
  endfacet
  facet normal 0 0 -1
    outer loop
      vertex 6.26133 59.5341 0
      vertex 0 63 0
      vertex 6.2154 59.7651 0
    endloop
  endfacet
  facet normal 0 0 -1
    outer loop
      vertex 0.669872 2.5 0
      vertex 6.72721 6.72721 0
      vertex 1.03323 1.95619 0
    endloop
  endfacet
  facet normal 0 0 -1
    outer loop
      vertex 6.2154 59.7651 0
      vertex 0 63 0
      vertex 6.2 60 0
    endloop
  endfacet
  facet normal -0 0 -1
    outer loop
      vertex 6.72721 6.72721 0
      vertex 0.669872 2.5 0
      vertex 6.57196 6.90423 0
    endloop
  endfacet
  facet normal 0 0 -1
    outer loop
      vertex 6.57196 61.0958 0
      vertex 0 63 0
      vertex 0.0427752 63.6526 0
    endloop
  endfacet
  facet normal 0 0 -1
    outer loop
      vertex 0.380602 3.08658 0
      vertex 6.57196 6.90423 0
      vertex 0.669872 2.5 0
    endloop
  endfacet
  facet normal 0 0 -1
    outer loop
      vertex 6.90423 61.428 0
      vertex 4.34737 67.9572 0
      vertex 5 68 0
    endloop
  endfacet
  facet normal 0 0 -1
    outer loop
      vertex 0.17037 3.7059 0
      vertex 6.57196 6.90423 0
      vertex 0.380602 3.08658 0
    endloop
  endfacet
  facet normal 0 0 -1
    outer loop
      vertex 6.90423 61.428 0
      vertex 3.7059 67.8296 0
      vertex 4.34737 67.9572 0
    endloop
  endfacet
  facet normal 0 0 -1
    outer loop
      vertex 0.0427752 4.34737 0
      vertex 6.57196 6.90423 0
      vertex 0.17037 3.7059 0
    endloop
  endfacet
  facet normal 0 0 -1
    outer loop
      vertex 6.90423 61.428 0
      vertex 3.08658 67.6194 0
      vertex 3.7059 67.8296 0
    endloop
  endfacet
  facet normal 0 0 -1
    outer loop
      vertex 0 5 0
      vertex 6.57196 6.90423 0
      vertex 0.0427752 4.34737 0
    endloop
  endfacet
  facet normal 0 0 -1
    outer loop
      vertex 6.90423 61.428 0
      vertex 2.5 67.3301 0
      vertex 3.08658 67.6194 0
    endloop
  endfacet
  facet normal -0 0 -1
    outer loop
      vertex 6.57196 6.90423 0
      vertex 0 5 0
      vertex 6.44115 7.1 0
    endloop
  endfacet
  facet normal 0 0 -1
    outer loop
      vertex 6.72721 61.2728 0
      vertex 1.95619 66.9668 0
      vertex 2.5 67.3301 0
    endloop
  endfacet
  facet normal -0 0 -1
    outer loop
      vertex 6.44115 7.1 0
      vertex 0 5 0
      vertex 6.33702 7.31117 0
    endloop
  endfacet
  facet normal 0 0 -1
    outer loop
      vertex 6.72721 61.2728 0
      vertex 1.46447 66.5355 0
      vertex 1.95619 66.9668 0
    endloop
  endfacet
  facet normal -0 0 -1
    outer loop
      vertex 6.33702 7.31117 0
      vertex 0 5 0
      vertex 6.26133 7.53413 0
    endloop
  endfacet
  facet normal 0 0 -1
    outer loop
      vertex 6.72721 61.2728 0
      vertex 1.03323 66.0438 0
      vertex 1.46447 66.5355 0
    endloop
  endfacet
  facet normal -0 0 -1
    outer loop
      vertex 6.26133 7.53413 0
      vertex 0 5 0
      vertex 6.2154 7.76505 0
    endloop
  endfacet
  facet normal 0 0 -1
    outer loop
      vertex 6.72721 61.2728 0
      vertex 0.669872 65.5 0
      vertex 1.03323 66.0438 0
    endloop
  endfacet
  facet normal -0 0 -1
    outer loop
      vertex 6.2154 7.76505 0
      vertex 0 5 0
      vertex 6.2 8 0
    endloop
  endfacet
  facet normal 0 0 -1
    outer loop
      vertex 6.57196 61.0958 0
      vertex 0.380602 64.9134 0
      vertex 0.669872 65.5 0
    endloop
  endfacet
  facet normal 0 0 -1
    outer loop
      vertex 6.57196 61.0958 0
      vertex 0.17037 64.2941 0
      vertex 0.380602 64.9134 0
    endloop
  endfacet
  facet normal 0 0 -1
    outer loop
      vertex 6.57196 61.0958 0
      vertex 0.0427752 63.6526 0
      vertex 0.17037 64.2941 0
    endloop
  endfacet
  facet normal 0.442314 0.89686 -0
    outer loop
      vertex 93.5 67.3301 0
      vertex 92.9134 67.6194 3
      vertex 93.5 67.3301 3
    endloop
  endfacet
  facet normal 0.442314 0.89686 0
    outer loop
      vertex 92.9134 67.6194 3
      vertex 93.5 67.3301 0
      vertex 92.9134 67.6194 0
    endloop
  endfacet
  facet normal 0.997856 0.0654432 0
    outer loop
      vertex 96 63 3
      vertex 95.9572 63.6526 0
      vertex 95.9572 63.6526 3
    endloop
  endfacet
  facet normal 0.997856 0.0654432 0
    outer loop
      vertex 95.9572 63.6526 0
      vertex 96 63 3
      vertex 96 63 0
    endloop
  endfacet
  facet normal -0.980788 -0.195079 0
    outer loop
      vertex 9.7846 8.23495 0
      vertex 9.73867 8.46587 3
      vertex 9.73867 8.46587 0
    endloop
  endfacet
  facet normal -0.980788 -0.195079 0
    outer loop
      vertex 9.73867 8.46587 3
      vertex 9.7846 8.23495 0
      vertex 9.7846 8.23495 3
    endloop
  endfacet
  facet normal -0.997859 -0.0654055 0
    outer loop
      vertex 9.8 8 0
      vertex 9.7846 8.23495 3
      vertex 9.7846 8.23495 0
    endloop
  endfacet
  facet normal -0.997859 -0.0654055 0
    outer loop
      vertex 9.7846 8.23495 3
      vertex 9.8 8 0
      vertex 9.8 8 3
    endloop
  endfacet
  facet normal -0.946923 -0.32146 0
    outer loop
      vertex 9.73867 8.46587 0
      vertex 9.66298 8.68883 3
      vertex 9.66298 8.68883 0
    endloop
  endfacet
  facet normal -0.946923 -0.32146 0
    outer loop
      vertex 9.66298 8.68883 3
      vertex 9.73867 8.46587 0
      vertex 9.73867 8.46587 3
    endloop
  endfacet
  facet normal -0.946923 0.32146 0
    outer loop
      vertex 9.66298 7.31117 0
      vertex 9.73867 7.53413 3
      vertex 9.73867 7.53413 0
    endloop
  endfacet
  facet normal -0.946923 0.32146 0
    outer loop
      vertex 9.73867 7.53413 3
      vertex 9.66298 7.31117 0
      vertex 9.66298 7.31117 3
    endloop
  endfacet
  facet normal -0.980788 0.195079 0
    outer loop
      vertex 9.73867 7.53413 0
      vertex 9.7846 7.76505 3
      vertex 9.7846 7.76505 0
    endloop
  endfacet
  facet normal -0.980788 0.195079 0
    outer loop
      vertex 9.7846 7.76505 3
      vertex 9.73867 7.53413 0
      vertex 9.73867 7.53413 3
    endloop
  endfacet
  facet normal -0.195079 0.980788 0
    outer loop
      vertex 8.46587 6.26133 0
      vertex 8.23495 6.2154 3
      vertex 8.46587 6.26133 3
    endloop
  endfacet
  facet normal -0.195079 0.980788 0
    outer loop
      vertex 8.23495 6.2154 3
      vertex 8.46587 6.26133 0
      vertex 8.23495 6.2154 0
    endloop
  endfacet
  facet normal -0.896885 0.442263 0
    outer loop
      vertex 9.55885 7.1 0
      vertex 9.66298 7.31117 3
      vertex 9.66298 7.31117 0
    endloop
  endfacet
  facet normal -0.896885 0.442263 0
    outer loop
      vertex 9.66298 7.31117 3
      vertex 9.55885 7.1 0
      vertex 9.55885 7.1 3
    endloop
  endfacet
  facet normal -0.442263 0.896885 0
    outer loop
      vertex 8.9 6.44115 0
      vertex 8.68883 6.33702 3
      vertex 8.9 6.44115 3
    endloop
  endfacet
  facet normal -0.442263 0.896885 0
    outer loop
      vertex 8.68883 6.33702 3
      vertex 8.9 6.44115 0
      vertex 8.68883 6.33702 0
    endloop
  endfacet
  facet normal 0.831468 -0.555572 0
    outer loop
      vertex 6.44115 8.9 3
      vertex 6.57196 9.09577 0
      vertex 6.57196 9.09577 3
    endloop
  endfacet
  facet normal 0.831468 -0.555572 0
    outer loop
      vertex 6.57196 9.09577 0
      vertex 6.44115 8.9 3
      vertex 6.44115 8.9 0
    endloop
  endfacet
  facet normal -0.896885 -0.442263 0
    outer loop
      vertex 9.66298 8.68883 0
      vertex 9.55885 8.9 3
      vertex 9.55885 8.9 0
    endloop
  endfacet
  facet normal -0.896885 -0.442263 0
    outer loop
      vertex 9.55885 8.9 3
      vertex 9.66298 8.68883 0
      vertex 9.66298 8.68883 3
    endloop
  endfacet
  facet normal 0.751824 -0.659364 0
    outer loop
      vertex 6.57196 9.09577 3
      vertex 6.72721 9.27279 0
      vertex 6.72721 9.27279 3
    endloop
  endfacet
  facet normal 0.751824 -0.659364 0
    outer loop
      vertex 6.72721 9.27279 0
      vertex 6.57196 9.09577 3
      vertex 6.57196 9.09577 0
    endloop
  endfacet
  facet normal -0.195079 -0.980788 0
    outer loop
      vertex 8.23495 9.7846 0
      vertex 8.46587 9.73867 3
      vertex 8.23495 9.7846 3
    endloop
  endfacet
  facet normal -0.195079 -0.980788 -0
    outer loop
      vertex 8.46587 9.73867 3
      vertex 8.23495 9.7846 0
      vertex 8.46587 9.73867 0
    endloop
  endfacet
  facet normal -0.831468 0.555572 0
    outer loop
      vertex 9.42804 6.90423 0
      vertex 9.55885 7.1 3
      vertex 9.55885 7.1 0
    endloop
  endfacet
  facet normal -0.831468 0.555572 0
    outer loop
      vertex 9.55885 7.1 3
      vertex 9.42804 6.90423 0
      vertex 9.42804 6.90423 3
    endloop
  endfacet
  facet normal -0.0654055 0.997859 0
    outer loop
      vertex 8.23495 6.2154 0
      vertex 8 6.2 3
      vertex 8.23495 6.2154 3
    endloop
  endfacet
  facet normal -0.0654055 0.997859 0
    outer loop
      vertex 8 6.2 3
      vertex 8.23495 6.2154 0
      vertex 8 6.2 0
    endloop
  endfacet
  facet normal 0.659364 0.751824 -0
    outer loop
      vertex 6.90423 6.57196 0
      vertex 6.72721 6.72721 3
      vertex 6.90423 6.57196 3
    endloop
  endfacet
  facet normal 0.659364 0.751824 0
    outer loop
      vertex 6.72721 6.72721 3
      vertex 6.90423 6.57196 0
      vertex 6.72721 6.72721 0
    endloop
  endfacet
  facet normal 0.997859 -0.0654055 0
    outer loop
      vertex 6.2 8 3
      vertex 6.2154 8.23495 0
      vertex 6.2154 8.23495 3
    endloop
  endfacet
  facet normal 0.997859 -0.0654055 0
    outer loop
      vertex 6.2154 8.23495 0
      vertex 6.2 8 3
      vertex 6.2 8 0
    endloop
  endfacet
  facet normal -0.442263 -0.896885 0
    outer loop
      vertex 8.68883 9.66298 0
      vertex 8.9 9.55885 3
      vertex 8.68883 9.66298 3
    endloop
  endfacet
  facet normal -0.442263 -0.896885 -0
    outer loop
      vertex 8.9 9.55885 3
      vertex 8.68883 9.66298 0
      vertex 8.9 9.55885 0
    endloop
  endfacet
  facet normal 0.896885 -0.442263 0
    outer loop
      vertex 6.33702 8.68883 3
      vertex 6.44115 8.9 0
      vertex 6.44115 8.9 3
    endloop
  endfacet
  facet normal 0.896885 -0.442263 0
    outer loop
      vertex 6.44115 8.9 0
      vertex 6.33702 8.68883 3
      vertex 6.33702 8.68883 0
    endloop
  endfacet
  facet normal 0.946923 0.32146 0
    outer loop
      vertex 6.33702 7.31117 3
      vertex 6.26133 7.53413 0
      vertex 6.26133 7.53413 3
    endloop
  endfacet
  facet normal 0.946923 0.32146 0
    outer loop
      vertex 6.26133 7.53413 0
      vertex 6.33702 7.31117 3
      vertex 6.33702 7.31117 0
    endloop
  endfacet
  facet normal -0.831468 -0.555572 0
    outer loop
      vertex 9.55885 8.9 0
      vertex 9.42804 9.09577 3
      vertex 9.42804 9.09577 0
    endloop
  endfacet
  facet normal -0.831468 -0.555572 0
    outer loop
      vertex 9.42804 9.09577 3
      vertex 9.55885 8.9 0
      vertex 9.55885 8.9 3
    endloop
  endfacet
  facet normal 0.831468 0.555572 0
    outer loop
      vertex 6.57196 6.90423 3
      vertex 6.44115 7.1 0
      vertex 6.44115 7.1 3
    endloop
  endfacet
  facet normal 0.831468 0.555572 0
    outer loop
      vertex 6.44115 7.1 0
      vertex 6.57196 6.90423 3
      vertex 6.57196 6.90423 0
    endloop
  endfacet
  facet normal 0.0654055 0.997859 -0
    outer loop
      vertex 8 6.2 0
      vertex 7.76505 6.2154 3
      vertex 8 6.2 3
    endloop
  endfacet
  facet normal 0.0654055 0.997859 0
    outer loop
      vertex 7.76505 6.2154 3
      vertex 8 6.2 0
      vertex 7.76505 6.2154 0
    endloop
  endfacet
  facet normal -0.751824 -0.659364 0
    outer loop
      vertex 9.42804 9.09577 0
      vertex 9.27279 9.27279 3
      vertex 9.27279 9.27279 0
    endloop
  endfacet
  facet normal -0.751824 -0.659364 0
    outer loop
      vertex 9.27279 9.27279 3
      vertex 9.42804 9.09577 0
      vertex 9.42804 9.09577 3
    endloop
  endfacet
  facet normal -0.997859 0.0654055 0
    outer loop
      vertex 9.7846 7.76505 0
      vertex 9.8 8 3
      vertex 9.8 8 0
    endloop
  endfacet
  facet normal -0.997859 0.0654055 0
    outer loop
      vertex 9.8 8 3
      vertex 9.7846 7.76505 0
      vertex 9.7846 7.76505 3
    endloop
  endfacet
  facet normal -0.659364 -0.751824 0
    outer loop
      vertex 9.09577 9.42804 0
      vertex 9.27279 9.27279 3
      vertex 9.09577 9.42804 3
    endloop
  endfacet
  facet normal -0.659364 -0.751824 -0
    outer loop
      vertex 9.27279 9.27279 3
      vertex 9.09577 9.42804 0
      vertex 9.27279 9.27279 0
    endloop
  endfacet
  facet normal -0.555572 -0.831468 0
    outer loop
      vertex 8.9 9.55885 0
      vertex 9.09577 9.42804 3
      vertex 8.9 9.55885 3
    endloop
  endfacet
  facet normal -0.555572 -0.831468 -0
    outer loop
      vertex 9.09577 9.42804 3
      vertex 8.9 9.55885 0
      vertex 9.09577 9.42804 0
    endloop
  endfacet
  facet normal 0.442263 0.896885 -0
    outer loop
      vertex 7.31117 6.33702 0
      vertex 7.1 6.44115 3
      vertex 7.31117 6.33702 3
    endloop
  endfacet
  facet normal 0.442263 0.896885 0
    outer loop
      vertex 7.1 6.44115 3
      vertex 7.31117 6.33702 0
      vertex 7.1 6.44115 0
    endloop
  endfacet
  facet normal -0.32146 -0.946923 0
    outer loop
      vertex 8.46587 9.73867 0
      vertex 8.68883 9.66298 3
      vertex 8.46587 9.73867 3
    endloop
  endfacet
  facet normal -0.32146 -0.946923 -0
    outer loop
      vertex 8.68883 9.66298 3
      vertex 8.46587 9.73867 0
      vertex 8.68883 9.66298 0
    endloop
  endfacet
  facet normal -0.555572 0.831468 0
    outer loop
      vertex 9.09577 6.57196 0
      vertex 8.9 6.44115 3
      vertex 9.09577 6.57196 3
    endloop
  endfacet
  facet normal -0.555572 0.831468 0
    outer loop
      vertex 8.9 6.44115 3
      vertex 9.09577 6.57196 0
      vertex 8.9 6.44115 0
    endloop
  endfacet
  facet normal 0.442263 -0.896885 0
    outer loop
      vertex 7.1 9.55885 0
      vertex 7.31117 9.66298 3
      vertex 7.1 9.55885 3
    endloop
  endfacet
  facet normal 0.442263 -0.896885 0
    outer loop
      vertex 7.31117 9.66298 3
      vertex 7.1 9.55885 0
      vertex 7.31117 9.66298 0
    endloop
  endfacet
  facet normal 0.32146 0.946923 -0
    outer loop
      vertex 7.53413 6.26133 0
      vertex 7.31117 6.33702 3
      vertex 7.53413 6.26133 3
    endloop
  endfacet
  facet normal 0.32146 0.946923 0
    outer loop
      vertex 7.31117 6.33702 3
      vertex 7.53413 6.26133 0
      vertex 7.31117 6.33702 0
    endloop
  endfacet
  facet normal 0.555572 0.831468 -0
    outer loop
      vertex 7.1 6.44115 0
      vertex 6.90423 6.57196 3
      vertex 7.1 6.44115 3
    endloop
  endfacet
  facet normal 0.555572 0.831468 0
    outer loop
      vertex 6.90423 6.57196 3
      vertex 7.1 6.44115 0
      vertex 6.90423 6.57196 0
    endloop
  endfacet
  facet normal 0.997859 0.0654055 0
    outer loop
      vertex 6.2154 7.76505 3
      vertex 6.2 8 0
      vertex 6.2 8 3
    endloop
  endfacet
  facet normal 0.997859 0.0654055 0
    outer loop
      vertex 6.2 8 0
      vertex 6.2154 7.76505 3
      vertex 6.2154 7.76505 0
    endloop
  endfacet
  facet normal 0.896885 0.442263 0
    outer loop
      vertex 6.44115 7.1 3
      vertex 6.33702 7.31117 0
      vertex 6.33702 7.31117 3
    endloop
  endfacet
  facet normal 0.896885 0.442263 0
    outer loop
      vertex 6.33702 7.31117 0
      vertex 6.44115 7.1 3
      vertex 6.44115 7.1 0
    endloop
  endfacet
  facet normal -0.32146 0.946923 0
    outer loop
      vertex 8.68883 6.33702 0
      vertex 8.46587 6.26133 3
      vertex 8.68883 6.33702 3
    endloop
  endfacet
  facet normal -0.32146 0.946923 0
    outer loop
      vertex 8.46587 6.26133 3
      vertex 8.68883 6.33702 0
      vertex 8.46587 6.26133 0
    endloop
  endfacet
  facet normal -0.751824 0.659364 0
    outer loop
      vertex 9.27279 6.72721 0
      vertex 9.42804 6.90423 3
      vertex 9.42804 6.90423 0
    endloop
  endfacet
  facet normal -0.751824 0.659364 0
    outer loop
      vertex 9.42804 6.90423 3
      vertex 9.27279 6.72721 0
      vertex 9.27279 6.72721 3
    endloop
  endfacet
  facet normal 0.659364 -0.751824 0
    outer loop
      vertex 6.72721 9.27279 0
      vertex 6.90423 9.42804 3
      vertex 6.72721 9.27279 3
    endloop
  endfacet
  facet normal 0.659364 -0.751824 0
    outer loop
      vertex 6.90423 9.42804 3
      vertex 6.72721 9.27279 0
      vertex 6.90423 9.42804 0
    endloop
  endfacet
  facet normal 0.555572 -0.831468 0
    outer loop
      vertex 6.90423 9.42804 0
      vertex 7.1 9.55885 3
      vertex 6.90423 9.42804 3
    endloop
  endfacet
  facet normal 0.555572 -0.831468 0
    outer loop
      vertex 7.1 9.55885 3
      vertex 6.90423 9.42804 0
      vertex 7.1 9.55885 0
    endloop
  endfacet
  facet normal 0.751824 0.659364 0
    outer loop
      vertex 6.72721 6.72721 3
      vertex 6.57196 6.90423 0
      vertex 6.57196 6.90423 3
    endloop
  endfacet
  facet normal 0.751824 0.659364 0
    outer loop
      vertex 6.57196 6.90423 0
      vertex 6.72721 6.72721 3
      vertex 6.72721 6.72721 0
    endloop
  endfacet
  facet normal 0.980788 -0.195079 0
    outer loop
      vertex 6.2154 8.23495 3
      vertex 6.26133 8.46587 0
      vertex 6.26133 8.46587 3
    endloop
  endfacet
  facet normal 0.980788 -0.195079 0
    outer loop
      vertex 6.26133 8.46587 0
      vertex 6.2154 8.23495 3
      vertex 6.2154 8.23495 0
    endloop
  endfacet
  facet normal 0.32146 -0.946923 0
    outer loop
      vertex 7.31117 9.66298 0
      vertex 7.53413 9.73867 3
      vertex 7.31117 9.66298 3
    endloop
  endfacet
  facet normal 0.32146 -0.946923 0
    outer loop
      vertex 7.53413 9.73867 3
      vertex 7.31117 9.66298 0
      vertex 7.53413 9.73867 0
    endloop
  endfacet
  facet normal 0.980788 0.195079 0
    outer loop
      vertex 6.26133 7.53413 3
      vertex 6.2154 7.76505 0
      vertex 6.2154 7.76505 3
    endloop
  endfacet
  facet normal 0.980788 0.195079 0
    outer loop
      vertex 6.2154 7.76505 0
      vertex 6.26133 7.53413 3
      vertex 6.26133 7.53413 0
    endloop
  endfacet
  facet normal -0.0654055 -0.997859 0
    outer loop
      vertex 8 9.8 0
      vertex 8.23495 9.7846 3
      vertex 8 9.8 3
    endloop
  endfacet
  facet normal -0.0654055 -0.997859 -0
    outer loop
      vertex 8.23495 9.7846 3
      vertex 8 9.8 0
      vertex 8.23495 9.7846 0
    endloop
  endfacet
  facet normal 0.195079 -0.980788 0
    outer loop
      vertex 7.53413 9.73867 0
      vertex 7.76505 9.7846 3
      vertex 7.53413 9.73867 3
    endloop
  endfacet
  facet normal 0.195079 -0.980788 0
    outer loop
      vertex 7.76505 9.7846 3
      vertex 7.53413 9.73867 0
      vertex 7.76505 9.7846 0
    endloop
  endfacet
  facet normal -0.659364 0.751824 0
    outer loop
      vertex 9.27279 6.72721 0
      vertex 9.09577 6.57196 3
      vertex 9.27279 6.72721 3
    endloop
  endfacet
  facet normal -0.659364 0.751824 0
    outer loop
      vertex 9.09577 6.57196 3
      vertex 9.27279 6.72721 0
      vertex 9.09577 6.57196 0
    endloop
  endfacet
  facet normal 0.195079 0.980788 -0
    outer loop
      vertex 7.76505 6.2154 0
      vertex 7.53413 6.26133 3
      vertex 7.76505 6.2154 3
    endloop
  endfacet
  facet normal 0.195079 0.980788 0
    outer loop
      vertex 7.53413 6.26133 3
      vertex 7.76505 6.2154 0
      vertex 7.53413 6.26133 0
    endloop
  endfacet
  facet normal 0.0654055 -0.997859 0
    outer loop
      vertex 7.76505 9.7846 0
      vertex 8 9.8 3
      vertex 7.76505 9.7846 3
    endloop
  endfacet
  facet normal 0.0654055 -0.997859 0
    outer loop
      vertex 8 9.8 3
      vertex 7.76505 9.7846 0
      vertex 8 9.8 0
    endloop
  endfacet
  facet normal 0.946923 -0.32146 0
    outer loop
      vertex 6.26133 8.46587 3
      vertex 6.33702 8.68883 0
      vertex 6.33702 8.68883 3
    endloop
  endfacet
  facet normal 0.946923 -0.32146 0
    outer loop
      vertex 6.33702 8.68883 0
      vertex 6.26133 8.46587 3
      vertex 6.26133 8.46587 0
    endloop
  endfacet
  facet normal -0.980801 -0.195014 0
    outer loop
      vertex 9.7846 60.2349 0
      vertex 9.73867 60.4659 3
      vertex 9.73867 60.4659 0
    endloop
  endfacet
  facet normal -0.980801 -0.195014 0
    outer loop
      vertex 9.73867 60.4659 3
      vertex 9.7846 60.2349 0
      vertex 9.7846 60.2349 3
    endloop
  endfacet
  facet normal -0.997858 -0.0654194 0
    outer loop
      vertex 9.8 60 0
      vertex 9.7846 60.2349 3
      vertex 9.7846 60.2349 0
    endloop
  endfacet
  facet normal -0.997858 -0.0654194 0
    outer loop
      vertex 9.7846 60.2349 3
      vertex 9.8 60 0
      vertex 9.8 60 3
    endloop
  endfacet
  facet normal -0.946897 -0.321537 0
    outer loop
      vertex 9.73867 60.4659 0
      vertex 9.66298 60.6888 3
      vertex 9.66298 60.6888 0
    endloop
  endfacet
  facet normal -0.946897 -0.321537 0
    outer loop
      vertex 9.66298 60.6888 3
      vertex 9.73867 60.4659 0
      vertex 9.73867 60.4659 3
    endloop
  endfacet
  facet normal -0.946897 0.321537 0
    outer loop
      vertex 9.66298 59.3112 0
      vertex 9.73867 59.5341 3
      vertex 9.73867 59.5341 0
    endloop
  endfacet
  facet normal -0.946897 0.321537 0
    outer loop
      vertex 9.73867 59.5341 3
      vertex 9.66298 59.3112 0
      vertex 9.66298 59.3112 3
    endloop
  endfacet
  facet normal -0.980801 0.195014 0
    outer loop
      vertex 9.73867 59.5341 0
      vertex 9.7846 59.7651 3
      vertex 9.7846 59.7651 0
    endloop
  endfacet
  facet normal -0.980801 0.195014 0
    outer loop
      vertex 9.7846 59.7651 3
      vertex 9.73867 59.5341 0
      vertex 9.73867 59.5341 3
    endloop
  endfacet
  facet normal -0.194956 0.980812 0
    outer loop
      vertex 8.46587 58.2613 0
      vertex 8.23495 58.2154 3
      vertex 8.46587 58.2613 3
    endloop
  endfacet
  facet normal -0.194956 0.980812 0
    outer loop
      vertex 8.23495 58.2154 3
      vertex 8.46587 58.2613 0
      vertex 8.23495 58.2154 0
    endloop
  endfacet
  facet normal -0.89691 0.442212 0
    outer loop
      vertex 9.55885 59.1 0
      vertex 9.66298 59.3112 3
      vertex 9.66298 59.3112 0
    endloop
  endfacet
  facet normal -0.89691 0.442212 0
    outer loop
      vertex 9.66298 59.3112 3
      vertex 9.55885 59.1 0
      vertex 9.55885 59.1 3
    endloop
  endfacet
  facet normal -0.442502 0.896767 0
    outer loop
      vertex 8.9 58.4412 0
      vertex 8.68883 58.337 3
      vertex 8.9 58.4412 3
    endloop
  endfacet
  facet normal -0.442502 0.896767 0
    outer loop
      vertex 8.68883 58.337 3
      vertex 8.9 58.4412 0
      vertex 8.68883 58.337 0
    endloop
  endfacet
  facet normal 0.831508 -0.555513 0
    outer loop
      vertex 6.44115 60.9 3
      vertex 6.57196 61.0958 0
      vertex 6.57196 61.0958 3
    endloop
  endfacet
  facet normal 0.831508 -0.555513 0
    outer loop
      vertex 6.57196 61.0958 0
      vertex 6.44115 60.9 3
      vertex 6.44115 60.9 0
    endloop
  endfacet
  facet normal -0.89691 -0.442212 0
    outer loop
      vertex 9.66298 60.6888 0
      vertex 9.55885 60.9 3
      vertex 9.55885 60.9 0
    endloop
  endfacet
  facet normal -0.89691 -0.442212 0
    outer loop
      vertex 9.55885 60.9 3
      vertex 9.66298 60.6888 0
      vertex 9.66298 60.6888 3
    endloop
  endfacet
  facet normal 0.751787 -0.659406 0
    outer loop
      vertex 6.57196 61.0958 3
      vertex 6.72721 61.2728 0
      vertex 6.72721 61.2728 3
    endloop
  endfacet
  facet normal 0.751787 -0.659406 0
    outer loop
      vertex 6.72721 61.2728 0
      vertex 6.57196 61.0958 3
      vertex 6.57196 61.0958 0
    endloop
  endfacet
  facet normal 0.194956 0.980812 -0
    outer loop
      vertex 7.76505 58.2154 0
      vertex 7.53413 58.2613 3
      vertex 7.76505 58.2154 3
    endloop
  endfacet
  facet normal 0.194956 0.980812 0
    outer loop
      vertex 7.53413 58.2613 3
      vertex 7.76505 58.2154 0
      vertex 7.53413 58.2613 0
    endloop
  endfacet
  facet normal -0.194956 -0.980812 0
    outer loop
      vertex 8.23495 61.7846 0
      vertex 8.46587 61.7387 3
      vertex 8.23495 61.7846 3
    endloop
  endfacet
  facet normal -0.194956 -0.980812 -0
    outer loop
      vertex 8.46587 61.7387 3
      vertex 8.23495 61.7846 0
      vertex 8.46587 61.7387 0
    endloop
  endfacet
  facet normal -0.831508 0.555513 0
    outer loop
      vertex 9.42804 58.9042 0
      vertex 9.55885 59.1 3
      vertex 9.55885 59.1 0
    endloop
  endfacet
  facet normal -0.831508 0.555513 0
    outer loop
      vertex 9.55885 59.1 3
      vertex 9.42804 58.9042 0
      vertex 9.42804 58.9042 3
    endloop
  endfacet
  facet normal -0.0654055 0.997859 0
    outer loop
      vertex 8.23495 58.2154 0
      vertex 8 58.2 3
      vertex 8.23495 58.2154 3
    endloop
  endfacet
  facet normal -0.0654055 0.997859 0
    outer loop
      vertex 8 58.2 3
      vertex 8.23495 58.2154 0
      vertex 8 58.2 0
    endloop
  endfacet
  facet normal 0.659244 0.751929 -0
    outer loop
      vertex 6.90423 58.572 0
      vertex 6.72721 58.7272 3
      vertex 6.90423 58.572 3
    endloop
  endfacet
  facet normal 0.659244 0.751929 0
    outer loop
      vertex 6.72721 58.7272 3
      vertex 6.90423 58.572 0
      vertex 6.72721 58.7272 0
    endloop
  endfacet
  facet normal 0.997858 -0.0654194 0
    outer loop
      vertex 6.2 60 3
      vertex 6.2154 60.2349 0
      vertex 6.2154 60.2349 3
    endloop
  endfacet
  facet normal 0.997858 -0.0654194 0
    outer loop
      vertex 6.2154 60.2349 0
      vertex 6.2 60 3
      vertex 6.2 60 0
    endloop
  endfacet
  facet normal -0.442502 -0.896767 0
    outer loop
      vertex 8.68883 61.663 0
      vertex 8.9 61.5588 3
      vertex 8.68883 61.663 3
    endloop
  endfacet
  facet normal -0.442502 -0.896767 -0
    outer loop
      vertex 8.9 61.5588 3
      vertex 8.68883 61.663 0
      vertex 8.9 61.5588 0
    endloop
  endfacet
  facet normal 0.89691 -0.442212 0
    outer loop
      vertex 6.33702 60.6888 3
      vertex 6.44115 60.9 0
      vertex 6.44115 60.9 3
    endloop
  endfacet
  facet normal 0.89691 -0.442212 0
    outer loop
      vertex 6.44115 60.9 0
      vertex 6.33702 60.6888 3
      vertex 6.33702 60.6888 0
    endloop
  endfacet
  facet normal 0.946897 0.321537 0
    outer loop
      vertex 6.33702 59.3112 3
      vertex 6.26133 59.5341 0
      vertex 6.26133 59.5341 3
    endloop
  endfacet
  facet normal 0.946897 0.321537 0
    outer loop
      vertex 6.26133 59.5341 0
      vertex 6.33702 59.3112 3
      vertex 6.33702 59.3112 0
    endloop
  endfacet
  facet normal -0.831508 -0.555513 0
    outer loop
      vertex 9.55885 60.9 0
      vertex 9.42804 61.0958 3
      vertex 9.42804 61.0958 0
    endloop
  endfacet
  facet normal -0.831508 -0.555513 0
    outer loop
      vertex 9.42804 61.0958 3
      vertex 9.55885 60.9 0
      vertex 9.55885 60.9 3
    endloop
  endfacet
  facet normal 0.831508 0.555513 0
    outer loop
      vertex 6.57196 58.9042 3
      vertex 6.44115 59.1 0
      vertex 6.44115 59.1 3
    endloop
  endfacet
  facet normal 0.831508 0.555513 0
    outer loop
      vertex 6.44115 59.1 0
      vertex 6.57196 58.9042 3
      vertex 6.57196 58.9042 0
    endloop
  endfacet
  facet normal 0.0654055 0.997859 -0
    outer loop
      vertex 8 58.2 0
      vertex 7.76505 58.2154 3
      vertex 8 58.2 3
    endloop
  endfacet
  facet normal 0.0654055 0.997859 0
    outer loop
      vertex 7.76505 58.2154 3
      vertex 8 58.2 0
      vertex 7.76505 58.2154 0
    endloop
  endfacet
  facet normal -0.751787 -0.659406 0
    outer loop
      vertex 9.42804 61.0958 0
      vertex 9.27279 61.2728 3
      vertex 9.27279 61.2728 0
    endloop
  endfacet
  facet normal -0.751787 -0.659406 0
    outer loop
      vertex 9.27279 61.2728 3
      vertex 9.42804 61.0958 0
      vertex 9.42804 61.0958 3
    endloop
  endfacet
  facet normal -0.997858 0.0654194 0
    outer loop
      vertex 9.7846 59.7651 0
      vertex 9.8 60 3
      vertex 9.8 60 0
    endloop
  endfacet
  facet normal -0.997858 0.0654194 0
    outer loop
      vertex 9.8 60 3
      vertex 9.7846 59.7651 0
      vertex 9.7846 59.7651 3
    endloop
  endfacet
  facet normal -0.659244 -0.751929 0
    outer loop
      vertex 9.09577 61.428 0
      vertex 9.27279 61.2728 3
      vertex 9.09577 61.428 3
    endloop
  endfacet
  facet normal -0.659244 -0.751929 -0
    outer loop
      vertex 9.27279 61.2728 3
      vertex 9.09577 61.428 0
      vertex 9.27279 61.2728 0
    endloop
  endfacet
  facet normal -0.555543 -0.831488 0
    outer loop
      vertex 8.9 61.5588 0
      vertex 9.09577 61.428 3
      vertex 8.9 61.5588 3
    endloop
  endfacet
  facet normal -0.555543 -0.831488 -0
    outer loop
      vertex 9.09577 61.428 3
      vertex 8.9 61.5588 0
      vertex 9.09577 61.428 0
    endloop
  endfacet
  facet normal 0.442502 0.896767 -0
    outer loop
      vertex 7.31117 58.337 0
      vertex 7.1 58.4412 3
      vertex 7.31117 58.337 3
    endloop
  endfacet
  facet normal 0.442502 0.896767 0
    outer loop
      vertex 7.1 58.4412 3
      vertex 7.31117 58.337 0
      vertex 7.1 58.4412 0
    endloop
  endfacet
  facet normal -0.321498 -0.94691 0
    outer loop
      vertex 8.46587 61.7387 0
      vertex 8.68883 61.663 3
      vertex 8.46587 61.7387 3
    endloop
  endfacet
  facet normal -0.321498 -0.94691 -0
    outer loop
      vertex 8.68883 61.663 3
      vertex 8.46587 61.7387 0
      vertex 8.68883 61.663 0
    endloop
  endfacet
  facet normal -0.555543 0.831488 0
    outer loop
      vertex 9.09577 58.572 0
      vertex 8.9 58.4412 3
      vertex 9.09577 58.572 3
    endloop
  endfacet
  facet normal -0.555543 0.831488 0
    outer loop
      vertex 8.9 58.4412 3
      vertex 9.09577 58.572 0
      vertex 8.9 58.4412 0
    endloop
  endfacet
  facet normal 0.442502 -0.896767 0
    outer loop
      vertex 7.1 61.5588 0
      vertex 7.31117 61.663 3
      vertex 7.1 61.5588 3
    endloop
  endfacet
  facet normal 0.442502 -0.896767 0
    outer loop
      vertex 7.31117 61.663 3
      vertex 7.1 61.5588 0
      vertex 7.31117 61.663 0
    endloop
  endfacet
  facet normal 0.321498 0.94691 -0
    outer loop
      vertex 7.53413 58.2613 0
      vertex 7.31117 58.337 3
      vertex 7.53413 58.2613 3
    endloop
  endfacet
  facet normal 0.321498 0.94691 0
    outer loop
      vertex 7.31117 58.337 3
      vertex 7.53413 58.2613 0
      vertex 7.31117 58.337 0
    endloop
  endfacet
  facet normal 0.555543 0.831488 -0
    outer loop
      vertex 7.1 58.4412 0
      vertex 6.90423 58.572 3
      vertex 7.1 58.4412 3
    endloop
  endfacet
  facet normal 0.555543 0.831488 0
    outer loop
      vertex 6.90423 58.572 3
      vertex 7.1 58.4412 0
      vertex 6.90423 58.572 0
    endloop
  endfacet
  facet normal 0.997858 0.0654194 0
    outer loop
      vertex 6.2154 59.7651 3
      vertex 6.2 60 0
      vertex 6.2 60 3
    endloop
  endfacet
  facet normal 0.997858 0.0654194 0
    outer loop
      vertex 6.2 60 0
      vertex 6.2154 59.7651 3
      vertex 6.2154 59.7651 0
    endloop
  endfacet
  facet normal 0.89691 0.442212 0
    outer loop
      vertex 6.44115 59.1 3
      vertex 6.33702 59.3112 0
      vertex 6.33702 59.3112 3
    endloop
  endfacet
  facet normal 0.89691 0.442212 0
    outer loop
      vertex 6.33702 59.3112 0
      vertex 6.44115 59.1 3
      vertex 6.44115 59.1 0
    endloop
  endfacet
  facet normal -0.321498 0.94691 0
    outer loop
      vertex 8.68883 58.337 0
      vertex 8.46587 58.2613 3
      vertex 8.68883 58.337 3
    endloop
  endfacet
  facet normal -0.321498 0.94691 0
    outer loop
      vertex 8.46587 58.2613 3
      vertex 8.68883 58.337 0
      vertex 8.46587 58.2613 0
    endloop
  endfacet
  facet normal -0.751787 0.659406 0
    outer loop
      vertex 9.27279 58.7272 0
      vertex 9.42804 58.9042 3
      vertex 9.42804 58.9042 0
    endloop
  endfacet
  facet normal -0.751787 0.659406 0
    outer loop
      vertex 9.42804 58.9042 3
      vertex 9.27279 58.7272 0
      vertex 9.27279 58.7272 3
    endloop
  endfacet
  facet normal 0.659244 -0.751929 0
    outer loop
      vertex 6.72721 61.2728 0
      vertex 6.90423 61.428 3
      vertex 6.72721 61.2728 3
    endloop
  endfacet
  facet normal 0.659244 -0.751929 0
    outer loop
      vertex 6.90423 61.428 3
      vertex 6.72721 61.2728 0
      vertex 6.90423 61.428 0
    endloop
  endfacet
  facet normal 0.555543 -0.831488 0
    outer loop
      vertex 6.90423 61.428 0
      vertex 7.1 61.5588 3
      vertex 6.90423 61.428 3
    endloop
  endfacet
  facet normal 0.555543 -0.831488 0
    outer loop
      vertex 7.1 61.5588 3
      vertex 6.90423 61.428 0
      vertex 7.1 61.5588 0
    endloop
  endfacet
  facet normal 0.751787 0.659406 0
    outer loop
      vertex 6.72721 58.7272 3
      vertex 6.57196 58.9042 0
      vertex 6.57196 58.9042 3
    endloop
  endfacet
  facet normal 0.751787 0.659406 0
    outer loop
      vertex 6.57196 58.9042 0
      vertex 6.72721 58.7272 3
      vertex 6.72721 58.7272 0
    endloop
  endfacet
  facet normal 0.980801 -0.195014 0
    outer loop
      vertex 6.2154 60.2349 3
      vertex 6.26133 60.4659 0
      vertex 6.26133 60.4659 3
    endloop
  endfacet
  facet normal 0.980801 -0.195014 0
    outer loop
      vertex 6.26133 60.4659 0
      vertex 6.2154 60.2349 3
      vertex 6.2154 60.2349 0
    endloop
  endfacet
  facet normal 0.321498 -0.94691 0
    outer loop
      vertex 7.31117 61.663 0
      vertex 7.53413 61.7387 3
      vertex 7.31117 61.663 3
    endloop
  endfacet
  facet normal 0.321498 -0.94691 0
    outer loop
      vertex 7.53413 61.7387 3
      vertex 7.31117 61.663 0
      vertex 7.53413 61.7387 0
    endloop
  endfacet
  facet normal 0.980801 0.195014 0
    outer loop
      vertex 6.26133 59.5341 3
      vertex 6.2154 59.7651 0
      vertex 6.2154 59.7651 3
    endloop
  endfacet
  facet normal 0.980801 0.195014 0
    outer loop
      vertex 6.2154 59.7651 0
      vertex 6.26133 59.5341 3
      vertex 6.26133 59.5341 0
    endloop
  endfacet
  facet normal -0.0654055 -0.997859 0
    outer loop
      vertex 8 61.8 0
      vertex 8.23495 61.7846 3
      vertex 8 61.8 3
    endloop
  endfacet
  facet normal -0.0654055 -0.997859 -0
    outer loop
      vertex 8.23495 61.7846 3
      vertex 8 61.8 0
      vertex 8.23495 61.7846 0
    endloop
  endfacet
  facet normal 0.194956 -0.980812 0
    outer loop
      vertex 7.53413 61.7387 0
      vertex 7.76505 61.7846 3
      vertex 7.53413 61.7387 3
    endloop
  endfacet
  facet normal 0.194956 -0.980812 0
    outer loop
      vertex 7.76505 61.7846 3
      vertex 7.53413 61.7387 0
      vertex 7.76505 61.7846 0
    endloop
  endfacet
  facet normal -0.659244 0.751929 0
    outer loop
      vertex 9.27279 58.7272 0
      vertex 9.09577 58.572 3
      vertex 9.27279 58.7272 3
    endloop
  endfacet
  facet normal -0.659244 0.751929 0
    outer loop
      vertex 9.09577 58.572 3
      vertex 9.27279 58.7272 0
      vertex 9.09577 58.572 0
    endloop
  endfacet
  facet normal 0.0654055 -0.997859 0
    outer loop
      vertex 7.76505 61.7846 0
      vertex 8 61.8 3
      vertex 7.76505 61.7846 3
    endloop
  endfacet
  facet normal 0.0654055 -0.997859 0
    outer loop
      vertex 8 61.8 3
      vertex 7.76505 61.7846 0
      vertex 8 61.8 0
    endloop
  endfacet
  facet normal 0.946897 -0.321537 0
    outer loop
      vertex 6.26133 60.4659 3
      vertex 6.33702 60.6888 0
      vertex 6.33702 60.6888 3
    endloop
  endfacet
  facet normal 0.946897 -0.321537 0
    outer loop
      vertex 6.33702 60.6888 0
      vertex 6.26133 60.4659 3
      vertex 6.26133 60.4659 0
    endloop
  endfacet
  facet normal -0.980812 -0.194956 0
    outer loop
      vertex 89.7846 8.23495 0
      vertex 89.7387 8.46587 3
      vertex 89.7387 8.46587 0
    endloop
  endfacet
  facet normal -0.980812 -0.194956 0
    outer loop
      vertex 89.7387 8.46587 3
      vertex 89.7846 8.23495 0
      vertex 89.7846 8.23495 3
    endloop
  endfacet
  facet normal -0.997859 -0.0654055 0
    outer loop
      vertex 89.8 8 0
      vertex 89.7846 8.23495 3
      vertex 89.7846 8.23495 0
    endloop
  endfacet
  facet normal -0.997859 -0.0654055 0
    outer loop
      vertex 89.7846 8.23495 3
      vertex 89.8 8 0
      vertex 89.8 8 3
    endloop
  endfacet
  facet normal -0.94691 -0.321498 0
    outer loop
      vertex 89.7387 8.46587 0
      vertex 89.663 8.68883 3
      vertex 89.663 8.68883 0
    endloop
  endfacet
  facet normal -0.94691 -0.321498 0
    outer loop
      vertex 89.663 8.68883 3
      vertex 89.7387 8.46587 0
      vertex 89.7387 8.46587 3
    endloop
  endfacet
  facet normal -0.94691 0.321498 0
    outer loop
      vertex 89.663 7.31117 0
      vertex 89.7387 7.53413 3
      vertex 89.7387 7.53413 0
    endloop
  endfacet
  facet normal -0.94691 0.321498 0
    outer loop
      vertex 89.7387 7.53413 3
      vertex 89.663 7.31117 0
      vertex 89.663 7.31117 3
    endloop
  endfacet
  facet normal -0.980812 0.194956 0
    outer loop
      vertex 89.7387 7.53413 0
      vertex 89.7846 7.76505 3
      vertex 89.7846 7.76505 0
    endloop
  endfacet
  facet normal -0.980812 0.194956 0
    outer loop
      vertex 89.7846 7.76505 3
      vertex 89.7387 7.53413 0
      vertex 89.7387 7.53413 3
    endloop
  endfacet
  facet normal -0.195014 0.980801 0
    outer loop
      vertex 88.4659 6.26133 0
      vertex 88.2349 6.2154 3
      vertex 88.4659 6.26133 3
    endloop
  endfacet
  facet normal -0.195014 0.980801 0
    outer loop
      vertex 88.2349 6.2154 3
      vertex 88.4659 6.26133 0
      vertex 88.2349 6.2154 0
    endloop
  endfacet
  facet normal -0.896767 0.442502 0
    outer loop
      vertex 89.5588 7.1 0
      vertex 89.663 7.31117 3
      vertex 89.663 7.31117 0
    endloop
  endfacet
  facet normal -0.896767 0.442502 0
    outer loop
      vertex 89.663 7.31117 3
      vertex 89.5588 7.1 0
      vertex 89.5588 7.1 3
    endloop
  endfacet
  facet normal -0.442212 0.89691 0
    outer loop
      vertex 88.9 6.44115 0
      vertex 88.6888 6.33702 3
      vertex 88.9 6.44115 3
    endloop
  endfacet
  facet normal -0.442212 0.89691 0
    outer loop
      vertex 88.6888 6.33702 3
      vertex 88.9 6.44115 0
      vertex 88.6888 6.33702 0
    endloop
  endfacet
  facet normal 0.831488 -0.555543 0
    outer loop
      vertex 86.4412 8.9 3
      vertex 86.572 9.09577 0
      vertex 86.572 9.09577 3
    endloop
  endfacet
  facet normal 0.831488 -0.555543 0
    outer loop
      vertex 86.572 9.09577 0
      vertex 86.4412 8.9 3
      vertex 86.4412 8.9 0
    endloop
  endfacet
  facet normal -0.896767 -0.442502 0
    outer loop
      vertex 89.663 8.68883 0
      vertex 89.5588 8.9 3
      vertex 89.5588 8.9 0
    endloop
  endfacet
  facet normal -0.896767 -0.442502 0
    outer loop
      vertex 89.5588 8.9 3
      vertex 89.663 8.68883 0
      vertex 89.663 8.68883 3
    endloop
  endfacet
  facet normal 0.751929 -0.659244 0
    outer loop
      vertex 86.572 9.09577 3
      vertex 86.7272 9.27279 0
      vertex 86.7272 9.27279 3
    endloop
  endfacet
  facet normal 0.751929 -0.659244 0
    outer loop
      vertex 86.7272 9.27279 0
      vertex 86.572 9.09577 3
      vertex 86.572 9.09577 0
    endloop
  endfacet
  facet normal -0.195014 -0.980801 0
    outer loop
      vertex 88.2349 9.7846 0
      vertex 88.4659 9.73867 3
      vertex 88.2349 9.7846 3
    endloop
  endfacet
  facet normal -0.195014 -0.980801 -0
    outer loop
      vertex 88.4659 9.73867 3
      vertex 88.2349 9.7846 0
      vertex 88.4659 9.73867 0
    endloop
  endfacet
  facet normal -0.831488 0.555543 0
    outer loop
      vertex 89.428 6.90423 0
      vertex 89.5588 7.1 3
      vertex 89.5588 7.1 0
    endloop
  endfacet
  facet normal -0.831488 0.555543 0
    outer loop
      vertex 89.5588 7.1 3
      vertex 89.428 6.90423 0
      vertex 89.428 6.90423 3
    endloop
  endfacet
  facet normal -0.0654194 0.997858 0
    outer loop
      vertex 88.2349 6.2154 0
      vertex 88 6.2 3
      vertex 88.2349 6.2154 3
    endloop
  endfacet
  facet normal -0.0654194 0.997858 0
    outer loop
      vertex 88 6.2 3
      vertex 88.2349 6.2154 0
      vertex 88 6.2 0
    endloop
  endfacet
  facet normal 0.659406 0.751787 -0
    outer loop
      vertex 86.9042 6.57196 0
      vertex 86.7272 6.72721 3
      vertex 86.9042 6.57196 3
    endloop
  endfacet
  facet normal 0.659406 0.751787 0
    outer loop
      vertex 86.7272 6.72721 3
      vertex 86.9042 6.57196 0
      vertex 86.7272 6.72721 0
    endloop
  endfacet
  facet normal 0.997859 -0.0654055 0
    outer loop
      vertex 86.2 8 3
      vertex 86.2154 8.23495 0
      vertex 86.2154 8.23495 3
    endloop
  endfacet
  facet normal 0.997859 -0.0654055 0
    outer loop
      vertex 86.2154 8.23495 0
      vertex 86.2 8 3
      vertex 86.2 8 0
    endloop
  endfacet
  facet normal -0.442212 -0.89691 0
    outer loop
      vertex 88.6888 9.66298 0
      vertex 88.9 9.55885 3
      vertex 88.6888 9.66298 3
    endloop
  endfacet
  facet normal -0.442212 -0.89691 -0
    outer loop
      vertex 88.9 9.55885 3
      vertex 88.6888 9.66298 0
      vertex 88.9 9.55885 0
    endloop
  endfacet
  facet normal 0.896767 -0.442502 0
    outer loop
      vertex 86.337 8.68883 3
      vertex 86.4412 8.9 0
      vertex 86.4412 8.9 3
    endloop
  endfacet
  facet normal 0.896767 -0.442502 0
    outer loop
      vertex 86.4412 8.9 0
      vertex 86.337 8.68883 3
      vertex 86.337 8.68883 0
    endloop
  endfacet
  facet normal 0.94691 0.321498 0
    outer loop
      vertex 86.337 7.31117 3
      vertex 86.2613 7.53413 0
      vertex 86.2613 7.53413 3
    endloop
  endfacet
  facet normal 0.94691 0.321498 0
    outer loop
      vertex 86.2613 7.53413 0
      vertex 86.337 7.31117 3
      vertex 86.337 7.31117 0
    endloop
  endfacet
  facet normal -0.831488 -0.555543 0
    outer loop
      vertex 89.5588 8.9 0
      vertex 89.428 9.09577 3
      vertex 89.428 9.09577 0
    endloop
  endfacet
  facet normal -0.831488 -0.555543 0
    outer loop
      vertex 89.428 9.09577 3
      vertex 89.5588 8.9 0
      vertex 89.5588 8.9 3
    endloop
  endfacet
  facet normal 0.0654194 0.997858 -0
    outer loop
      vertex 88 6.2 0
      vertex 87.7651 6.2154 3
      vertex 88 6.2 3
    endloop
  endfacet
  facet normal 0.0654194 0.997858 0
    outer loop
      vertex 87.7651 6.2154 3
      vertex 88 6.2 0
      vertex 87.7651 6.2154 0
    endloop
  endfacet
  facet normal -0.751929 -0.659244 0
    outer loop
      vertex 89.428 9.09577 0
      vertex 89.2728 9.27279 3
      vertex 89.2728 9.27279 0
    endloop
  endfacet
  facet normal -0.751929 -0.659244 0
    outer loop
      vertex 89.2728 9.27279 3
      vertex 89.428 9.09577 0
      vertex 89.428 9.09577 3
    endloop
  endfacet
  facet normal -0.997859 0.0654055 0
    outer loop
      vertex 89.7846 7.76505 0
      vertex 89.8 8 3
      vertex 89.8 8 0
    endloop
  endfacet
  facet normal -0.997859 0.0654055 0
    outer loop
      vertex 89.8 8 3
      vertex 89.7846 7.76505 0
      vertex 89.7846 7.76505 3
    endloop
  endfacet
  facet normal -0.659406 -0.751787 0
    outer loop
      vertex 89.0958 9.42804 0
      vertex 89.2728 9.27279 3
      vertex 89.0958 9.42804 3
    endloop
  endfacet
  facet normal -0.659406 -0.751787 -0
    outer loop
      vertex 89.2728 9.27279 3
      vertex 89.0958 9.42804 0
      vertex 89.2728 9.27279 0
    endloop
  endfacet
  facet normal -0.555513 -0.831508 0
    outer loop
      vertex 88.9 9.55885 0
      vertex 89.0958 9.42804 3
      vertex 88.9 9.55885 3
    endloop
  endfacet
  facet normal -0.555513 -0.831508 -0
    outer loop
      vertex 89.0958 9.42804 3
      vertex 88.9 9.55885 0
      vertex 89.0958 9.42804 0
    endloop
  endfacet
  facet normal 0.442212 0.89691 -0
    outer loop
      vertex 87.3112 6.33702 0
      vertex 87.1 6.44115 3
      vertex 87.3112 6.33702 3
    endloop
  endfacet
  facet normal 0.442212 0.89691 0
    outer loop
      vertex 87.1 6.44115 3
      vertex 87.3112 6.33702 0
      vertex 87.1 6.44115 0
    endloop
  endfacet
  facet normal -0.321537 -0.946897 0
    outer loop
      vertex 88.4659 9.73867 0
      vertex 88.6888 9.66298 3
      vertex 88.4659 9.73867 3
    endloop
  endfacet
  facet normal -0.321537 -0.946897 -0
    outer loop
      vertex 88.6888 9.66298 3
      vertex 88.4659 9.73867 0
      vertex 88.6888 9.66298 0
    endloop
  endfacet
  facet normal -0.555513 0.831508 0
    outer loop
      vertex 89.0958 6.57196 0
      vertex 88.9 6.44115 3
      vertex 89.0958 6.57196 3
    endloop
  endfacet
  facet normal -0.555513 0.831508 0
    outer loop
      vertex 88.9 6.44115 3
      vertex 89.0958 6.57196 0
      vertex 88.9 6.44115 0
    endloop
  endfacet
  facet normal 0.442212 -0.89691 0
    outer loop
      vertex 87.1 9.55885 0
      vertex 87.3112 9.66298 3
      vertex 87.1 9.55885 3
    endloop
  endfacet
  facet normal 0.442212 -0.89691 0
    outer loop
      vertex 87.3112 9.66298 3
      vertex 87.1 9.55885 0
      vertex 87.3112 9.66298 0
    endloop
  endfacet
  facet normal 0.321537 0.946897 -0
    outer loop
      vertex 87.5341 6.26133 0
      vertex 87.3112 6.33702 3
      vertex 87.5341 6.26133 3
    endloop
  endfacet
  facet normal 0.321537 0.946897 0
    outer loop
      vertex 87.3112 6.33702 3
      vertex 87.5341 6.26133 0
      vertex 87.3112 6.33702 0
    endloop
  endfacet
  facet normal 0.555513 0.831508 -0
    outer loop
      vertex 87.1 6.44115 0
      vertex 86.9042 6.57196 3
      vertex 87.1 6.44115 3
    endloop
  endfacet
  facet normal 0.555513 0.831508 0
    outer loop
      vertex 86.9042 6.57196 3
      vertex 87.1 6.44115 0
      vertex 86.9042 6.57196 0
    endloop
  endfacet
  facet normal 0.997859 0.0654055 0
    outer loop
      vertex 86.2154 7.76505 3
      vertex 86.2 8 0
      vertex 86.2 8 3
    endloop
  endfacet
  facet normal 0.997859 0.0654055 0
    outer loop
      vertex 86.2 8 0
      vertex 86.2154 7.76505 3
      vertex 86.2154 7.76505 0
    endloop
  endfacet
  facet normal 0.896767 0.442502 0
    outer loop
      vertex 86.4412 7.1 3
      vertex 86.337 7.31117 0
      vertex 86.337 7.31117 3
    endloop
  endfacet
  facet normal 0.896767 0.442502 0
    outer loop
      vertex 86.337 7.31117 0
      vertex 86.4412 7.1 3
      vertex 86.4412 7.1 0
    endloop
  endfacet
  facet normal -0.321537 0.946897 0
    outer loop
      vertex 88.6888 6.33702 0
      vertex 88.4659 6.26133 3
      vertex 88.6888 6.33702 3
    endloop
  endfacet
  facet normal -0.321537 0.946897 0
    outer loop
      vertex 88.4659 6.26133 3
      vertex 88.6888 6.33702 0
      vertex 88.4659 6.26133 0
    endloop
  endfacet
  facet normal -0.751929 0.659244 0
    outer loop
      vertex 89.2728 6.72721 0
      vertex 89.428 6.90423 3
      vertex 89.428 6.90423 0
    endloop
  endfacet
  facet normal -0.751929 0.659244 0
    outer loop
      vertex 89.428 6.90423 3
      vertex 89.2728 6.72721 0
      vertex 89.2728 6.72721 3
    endloop
  endfacet
  facet normal 0.659406 -0.751787 0
    outer loop
      vertex 86.7272 9.27279 0
      vertex 86.9042 9.42804 3
      vertex 86.7272 9.27279 3
    endloop
  endfacet
  facet normal 0.659406 -0.751787 0
    outer loop
      vertex 86.9042 9.42804 3
      vertex 86.7272 9.27279 0
      vertex 86.9042 9.42804 0
    endloop
  endfacet
  facet normal 0.555513 -0.831508 0
    outer loop
      vertex 86.9042 9.42804 0
      vertex 87.1 9.55885 3
      vertex 86.9042 9.42804 3
    endloop
  endfacet
  facet normal 0.555513 -0.831508 0
    outer loop
      vertex 87.1 9.55885 3
      vertex 86.9042 9.42804 0
      vertex 87.1 9.55885 0
    endloop
  endfacet
  facet normal 0.751929 0.659244 0
    outer loop
      vertex 86.7272 6.72721 3
      vertex 86.572 6.90423 0
      vertex 86.572 6.90423 3
    endloop
  endfacet
  facet normal 0.751929 0.659244 0
    outer loop
      vertex 86.572 6.90423 0
      vertex 86.7272 6.72721 3
      vertex 86.7272 6.72721 0
    endloop
  endfacet
  facet normal 0.980812 -0.194956 0
    outer loop
      vertex 86.2154 8.23495 3
      vertex 86.2613 8.46587 0
      vertex 86.2613 8.46587 3
    endloop
  endfacet
  facet normal 0.980812 -0.194956 0
    outer loop
      vertex 86.2613 8.46587 0
      vertex 86.2154 8.23495 3
      vertex 86.2154 8.23495 0
    endloop
  endfacet
  facet normal 0.321537 -0.946897 0
    outer loop
      vertex 87.3112 9.66298 0
      vertex 87.5341 9.73867 3
      vertex 87.3112 9.66298 3
    endloop
  endfacet
  facet normal 0.321537 -0.946897 0
    outer loop
      vertex 87.5341 9.73867 3
      vertex 87.3112 9.66298 0
      vertex 87.5341 9.73867 0
    endloop
  endfacet
  facet normal 0.980812 0.194956 0
    outer loop
      vertex 86.2613 7.53413 3
      vertex 86.2154 7.76505 0
      vertex 86.2154 7.76505 3
    endloop
  endfacet
  facet normal 0.980812 0.194956 0
    outer loop
      vertex 86.2154 7.76505 0
      vertex 86.2613 7.53413 3
      vertex 86.2613 7.53413 0
    endloop
  endfacet
  facet normal -0.0654194 -0.997858 0
    outer loop
      vertex 88 9.8 0
      vertex 88.2349 9.7846 3
      vertex 88 9.8 3
    endloop
  endfacet
  facet normal -0.0654194 -0.997858 -0
    outer loop
      vertex 88.2349 9.7846 3
      vertex 88 9.8 0
      vertex 88.2349 9.7846 0
    endloop
  endfacet
  facet normal 0.195014 -0.980801 0
    outer loop
      vertex 87.5341 9.73867 0
      vertex 87.7651 9.7846 3
      vertex 87.5341 9.73867 3
    endloop
  endfacet
  facet normal 0.195014 -0.980801 0
    outer loop
      vertex 87.7651 9.7846 3
      vertex 87.5341 9.73867 0
      vertex 87.7651 9.7846 0
    endloop
  endfacet
  facet normal -0.659406 0.751787 0
    outer loop
      vertex 89.2728 6.72721 0
      vertex 89.0958 6.57196 3
      vertex 89.2728 6.72721 3
    endloop
  endfacet
  facet normal -0.659406 0.751787 0
    outer loop
      vertex 89.0958 6.57196 3
      vertex 89.2728 6.72721 0
      vertex 89.0958 6.57196 0
    endloop
  endfacet
  facet normal 0.195014 0.980801 -0
    outer loop
      vertex 87.7651 6.2154 0
      vertex 87.5341 6.26133 3
      vertex 87.7651 6.2154 3
    endloop
  endfacet
  facet normal 0.195014 0.980801 0
    outer loop
      vertex 87.5341 6.26133 3
      vertex 87.7651 6.2154 0
      vertex 87.5341 6.26133 0
    endloop
  endfacet
  facet normal 0.0654194 -0.997858 0
    outer loop
      vertex 87.7651 9.7846 0
      vertex 88 9.8 3
      vertex 87.7651 9.7846 3
    endloop
  endfacet
  facet normal 0.0654194 -0.997858 0
    outer loop
      vertex 88 9.8 3
      vertex 87.7651 9.7846 0
      vertex 88 9.8 0
    endloop
  endfacet
  facet normal 0.831488 0.555543 0
    outer loop
      vertex 86.572 6.90423 3
      vertex 86.4412 7.1 0
      vertex 86.4412 7.1 3
    endloop
  endfacet
  facet normal 0.831488 0.555543 0
    outer loop
      vertex 86.4412 7.1 0
      vertex 86.572 6.90423 3
      vertex 86.572 6.90423 0
    endloop
  endfacet
  facet normal 0.94691 -0.321498 0
    outer loop
      vertex 86.2613 8.46587 3
      vertex 86.337 8.68883 0
      vertex 86.337 8.68883 3
    endloop
  endfacet
  facet normal 0.94691 -0.321498 0
    outer loop
      vertex 86.337 8.68883 0
      vertex 86.2613 8.46587 3
      vertex 86.2613 8.46587 0
    endloop
  endfacet
  facet normal -0.980825 -0.194891 0
    outer loop
      vertex 89.7846 60.2349 0
      vertex 89.7387 60.4659 3
      vertex 89.7387 60.4659 0
    endloop
  endfacet
  facet normal -0.980825 -0.194891 0
    outer loop
      vertex 89.7387 60.4659 3
      vertex 89.7846 60.2349 0
      vertex 89.7846 60.2349 3
    endloop
  endfacet
  facet normal -0.997858 -0.0654194 0
    outer loop
      vertex 89.8 60 0
      vertex 89.7846 60.2349 3
      vertex 89.7846 60.2349 0
    endloop
  endfacet
  facet normal -0.997858 -0.0654194 0
    outer loop
      vertex 89.7846 60.2349 3
      vertex 89.8 60 0
      vertex 89.8 60 3
    endloop
  endfacet
  facet normal -0.946884 -0.321575 0
    outer loop
      vertex 89.7387 60.4659 0
      vertex 89.663 60.6888 3
      vertex 89.663 60.6888 0
    endloop
  endfacet
  facet normal -0.946884 -0.321575 0
    outer loop
      vertex 89.663 60.6888 3
      vertex 89.7387 60.4659 0
      vertex 89.7387 60.4659 3
    endloop
  endfacet
  facet normal -0.946884 0.321575 0
    outer loop
      vertex 89.663 59.3112 0
      vertex 89.7387 59.5341 3
      vertex 89.7387 59.5341 0
    endloop
  endfacet
  facet normal -0.946884 0.321575 0
    outer loop
      vertex 89.7387 59.5341 3
      vertex 89.663 59.3112 0
      vertex 89.663 59.3112 3
    endloop
  endfacet
  facet normal -0.980825 0.194891 0
    outer loop
      vertex 89.7387 59.5341 0
      vertex 89.7846 59.7651 3
      vertex 89.7846 59.7651 0
    endloop
  endfacet
  facet normal -0.980825 0.194891 0
    outer loop
      vertex 89.7846 59.7651 3
      vertex 89.7387 59.5341 0
      vertex 89.7387 59.5341 3
    endloop
  endfacet
  facet normal -0.555484 -0.831527 0
    outer loop
      vertex 88.9 61.5588 0
      vertex 89.0958 61.428 3
      vertex 88.9 61.5588 3
    endloop
  endfacet
  facet normal -0.555484 -0.831527 -0
    outer loop
      vertex 89.0958 61.428 3
      vertex 88.9 61.5588 0
      vertex 89.0958 61.428 0
    endloop
  endfacet
  facet normal -0.194891 0.980825 0
    outer loop
      vertex 88.4659 58.2613 0
      vertex 88.2349 58.2154 3
      vertex 88.4659 58.2613 3
    endloop
  endfacet
  facet normal -0.194891 0.980825 0
    outer loop
      vertex 88.2349 58.2154 3
      vertex 88.4659 58.2613 0
      vertex 88.2349 58.2154 0
    endloop
  endfacet
  facet normal -0.896792 0.442452 0
    outer loop
      vertex 89.5588 59.1 0
      vertex 89.663 59.3112 3
      vertex 89.663 59.3112 0
    endloop
  endfacet
  facet normal -0.896792 0.442452 0
    outer loop
      vertex 89.663 59.3112 3
      vertex 89.5588 59.1 0
      vertex 89.5588 59.1 3
    endloop
  endfacet
  facet normal -0.442452 0.896792 0
    outer loop
      vertex 88.9 58.4412 0
      vertex 88.6888 58.337 3
      vertex 88.9 58.4412 3
    endloop
  endfacet
  facet normal -0.442452 0.896792 0
    outer loop
      vertex 88.6888 58.337 3
      vertex 88.9 58.4412 0
      vertex 88.6888 58.337 0
    endloop
  endfacet
  facet normal 0.831527 -0.555484 0
    outer loop
      vertex 86.4412 60.9 3
      vertex 86.572 61.0958 0
      vertex 86.572 61.0958 3
    endloop
  endfacet
  facet normal 0.831527 -0.555484 0
    outer loop
      vertex 86.572 61.0958 0
      vertex 86.4412 60.9 3
      vertex 86.4412 60.9 0
    endloop
  endfacet
  facet normal -0.896792 -0.442452 0
    outer loop
      vertex 89.663 60.6888 0
      vertex 89.5588 60.9 3
      vertex 89.5588 60.9 0
    endloop
  endfacet
  facet normal -0.896792 -0.442452 0
    outer loop
      vertex 89.5588 60.9 3
      vertex 89.663 60.6888 0
      vertex 89.663 60.6888 3
    endloop
  endfacet
  facet normal 0.751892 -0.659286 0
    outer loop
      vertex 86.572 61.0958 3
      vertex 86.7272 61.2728 0
      vertex 86.7272 61.2728 3
    endloop
  endfacet
  facet normal 0.751892 -0.659286 0
    outer loop
      vertex 86.7272 61.2728 0
      vertex 86.572 61.0958 3
      vertex 86.572 61.0958 0
    endloop
  endfacet
  facet normal 0.194891 0.980825 -0
    outer loop
      vertex 87.7651 58.2154 0
      vertex 87.5341 58.2613 3
      vertex 87.7651 58.2154 3
    endloop
  endfacet
  facet normal 0.194891 0.980825 0
    outer loop
      vertex 87.5341 58.2613 3
      vertex 87.7651 58.2154 0
      vertex 87.5341 58.2613 0
    endloop
  endfacet
  facet normal -0.194891 -0.980825 0
    outer loop
      vertex 88.2349 61.7846 0
      vertex 88.4659 61.7387 3
      vertex 88.2349 61.7846 3
    endloop
  endfacet
  facet normal -0.194891 -0.980825 -0
    outer loop
      vertex 88.4659 61.7387 3
      vertex 88.2349 61.7846 0
      vertex 88.4659 61.7387 0
    endloop
  endfacet
  facet normal -0.831527 0.555484 0
    outer loop
      vertex 89.428 58.9042 0
      vertex 89.5588 59.1 3
      vertex 89.5588 59.1 0
    endloop
  endfacet
  facet normal -0.831527 0.555484 0
    outer loop
      vertex 89.5588 59.1 3
      vertex 89.428 58.9042 0
      vertex 89.428 58.9042 3
    endloop
  endfacet
  facet normal -0.0654194 0.997858 0
    outer loop
      vertex 88.2349 58.2154 0
      vertex 88 58.2 3
      vertex 88.2349 58.2154 3
    endloop
  endfacet
  facet normal -0.0654194 0.997858 0
    outer loop
      vertex 88 58.2 3
      vertex 88.2349 58.2154 0
      vertex 88 58.2 0
    endloop
  endfacet
  facet normal 0.659286 0.751892 -0
    outer loop
      vertex 86.9042 58.572 0
      vertex 86.7272 58.7272 3
      vertex 86.9042 58.572 3
    endloop
  endfacet
  facet normal 0.659286 0.751892 0
    outer loop
      vertex 86.7272 58.7272 3
      vertex 86.9042 58.572 0
      vertex 86.7272 58.7272 0
    endloop
  endfacet
  facet normal 0.997858 -0.0654194 0
    outer loop
      vertex 86.2 60 3
      vertex 86.2154 60.2349 0
      vertex 86.2154 60.2349 3
    endloop
  endfacet
  facet normal 0.997858 -0.0654194 0
    outer loop
      vertex 86.2154 60.2349 0
      vertex 86.2 60 3
      vertex 86.2 60 0
    endloop
  endfacet
  facet normal -0.442452 -0.896792 0
    outer loop
      vertex 88.6888 61.663 0
      vertex 88.9 61.5588 3
      vertex 88.6888 61.663 3
    endloop
  endfacet
  facet normal -0.442452 -0.896792 -0
    outer loop
      vertex 88.9 61.5588 3
      vertex 88.6888 61.663 0
      vertex 88.9 61.5588 0
    endloop
  endfacet
  facet normal 0.896792 -0.442452 0
    outer loop
      vertex 86.337 60.6888 3
      vertex 86.4412 60.9 0
      vertex 86.4412 60.9 3
    endloop
  endfacet
  facet normal 0.896792 -0.442452 0
    outer loop
      vertex 86.4412 60.9 0
      vertex 86.337 60.6888 3
      vertex 86.337 60.6888 0
    endloop
  endfacet
  facet normal 0.946884 0.321575 0
    outer loop
      vertex 86.337 59.3112 3
      vertex 86.2613 59.5341 0
      vertex 86.2613 59.5341 3
    endloop
  endfacet
  facet normal 0.946884 0.321575 0
    outer loop
      vertex 86.2613 59.5341 0
      vertex 86.337 59.3112 3
      vertex 86.337 59.3112 0
    endloop
  endfacet
  facet normal -0.831527 -0.555484 0
    outer loop
      vertex 89.5588 60.9 0
      vertex 89.428 61.0958 3
      vertex 89.428 61.0958 0
    endloop
  endfacet
  facet normal -0.831527 -0.555484 0
    outer loop
      vertex 89.428 61.0958 3
      vertex 89.5588 60.9 0
      vertex 89.5588 60.9 3
    endloop
  endfacet
  facet normal 0.831527 0.555484 0
    outer loop
      vertex 86.572 58.9042 3
      vertex 86.4412 59.1 0
      vertex 86.4412 59.1 3
    endloop
  endfacet
  facet normal 0.831527 0.555484 0
    outer loop
      vertex 86.4412 59.1 0
      vertex 86.572 58.9042 3
      vertex 86.572 58.9042 0
    endloop
  endfacet
  facet normal 0.0654194 0.997858 -0
    outer loop
      vertex 88 58.2 0
      vertex 87.7651 58.2154 3
      vertex 88 58.2 3
    endloop
  endfacet
  facet normal 0.0654194 0.997858 0
    outer loop
      vertex 87.7651 58.2154 3
      vertex 88 58.2 0
      vertex 87.7651 58.2154 0
    endloop
  endfacet
  facet normal -0.751892 -0.659286 0
    outer loop
      vertex 89.428 61.0958 0
      vertex 89.2728 61.2728 3
      vertex 89.2728 61.2728 0
    endloop
  endfacet
  facet normal -0.751892 -0.659286 0
    outer loop
      vertex 89.2728 61.2728 3
      vertex 89.428 61.0958 0
      vertex 89.428 61.0958 3
    endloop
  endfacet
  facet normal -0.997858 0.0654194 0
    outer loop
      vertex 89.7846 59.7651 0
      vertex 89.8 60 3
      vertex 89.8 60 0
    endloop
  endfacet
  facet normal -0.997858 0.0654194 0
    outer loop
      vertex 89.8 60 3
      vertex 89.7846 59.7651 0
      vertex 89.7846 59.7651 3
    endloop
  endfacet
  facet normal -0.659286 -0.751892 0
    outer loop
      vertex 89.0958 61.428 0
      vertex 89.2728 61.2728 3
      vertex 89.0958 61.428 3
    endloop
  endfacet
  facet normal -0.659286 -0.751892 -0
    outer loop
      vertex 89.2728 61.2728 3
      vertex 89.0958 61.428 0
      vertex 89.2728 61.2728 0
    endloop
  endfacet
  facet normal 0.442452 0.896792 -0
    outer loop
      vertex 87.3112 58.337 0
      vertex 87.1 58.4412 3
      vertex 87.3112 58.337 3
    endloop
  endfacet
  facet normal 0.442452 0.896792 0
    outer loop
      vertex 87.1 58.4412 3
      vertex 87.3112 58.337 0
      vertex 87.1 58.4412 0
    endloop
  endfacet
  facet normal -0.321575 -0.946884 0
    outer loop
      vertex 88.4659 61.7387 0
      vertex 88.6888 61.663 3
      vertex 88.4659 61.7387 3
    endloop
  endfacet
  facet normal -0.321575 -0.946884 -0
    outer loop
      vertex 88.6888 61.663 3
      vertex 88.4659 61.7387 0
      vertex 88.6888 61.663 0
    endloop
  endfacet
  facet normal -0.555484 0.831527 0
    outer loop
      vertex 89.0958 58.572 0
      vertex 88.9 58.4412 3
      vertex 89.0958 58.572 3
    endloop
  endfacet
  facet normal -0.555484 0.831527 0
    outer loop
      vertex 88.9 58.4412 3
      vertex 89.0958 58.572 0
      vertex 88.9 58.4412 0
    endloop
  endfacet
  facet normal 0.442452 -0.896792 0
    outer loop
      vertex 87.1 61.5588 0
      vertex 87.3112 61.663 3
      vertex 87.1 61.5588 3
    endloop
  endfacet
  facet normal 0.442452 -0.896792 0
    outer loop
      vertex 87.3112 61.663 3
      vertex 87.1 61.5588 0
      vertex 87.3112 61.663 0
    endloop
  endfacet
  facet normal 0.321575 0.946884 -0
    outer loop
      vertex 87.5341 58.2613 0
      vertex 87.3112 58.337 3
      vertex 87.5341 58.2613 3
    endloop
  endfacet
  facet normal 0.321575 0.946884 0
    outer loop
      vertex 87.3112 58.337 3
      vertex 87.5341 58.2613 0
      vertex 87.3112 58.337 0
    endloop
  endfacet
  facet normal 0.555484 0.831527 -0
    outer loop
      vertex 87.1 58.4412 0
      vertex 86.9042 58.572 3
      vertex 87.1 58.4412 3
    endloop
  endfacet
  facet normal 0.555484 0.831527 0
    outer loop
      vertex 86.9042 58.572 3
      vertex 87.1 58.4412 0
      vertex 86.9042 58.572 0
    endloop
  endfacet
  facet normal 0.997858 0.0654194 0
    outer loop
      vertex 86.2154 59.7651 3
      vertex 86.2 60 0
      vertex 86.2 60 3
    endloop
  endfacet
  facet normal 0.997858 0.0654194 0
    outer loop
      vertex 86.2 60 0
      vertex 86.2154 59.7651 3
      vertex 86.2154 59.7651 0
    endloop
  endfacet
  facet normal 0.896792 0.442452 0
    outer loop
      vertex 86.4412 59.1 3
      vertex 86.337 59.3112 0
      vertex 86.337 59.3112 3
    endloop
  endfacet
  facet normal 0.896792 0.442452 0
    outer loop
      vertex 86.337 59.3112 0
      vertex 86.4412 59.1 3
      vertex 86.4412 59.1 0
    endloop
  endfacet
  facet normal -0.321575 0.946884 0
    outer loop
      vertex 88.6888 58.337 0
      vertex 88.4659 58.2613 3
      vertex 88.6888 58.337 3
    endloop
  endfacet
  facet normal -0.321575 0.946884 0
    outer loop
      vertex 88.4659 58.2613 3
      vertex 88.6888 58.337 0
      vertex 88.4659 58.2613 0
    endloop
  endfacet
  facet normal -0.751892 0.659286 0
    outer loop
      vertex 89.2728 58.7272 0
      vertex 89.428 58.9042 3
      vertex 89.428 58.9042 0
    endloop
  endfacet
  facet normal -0.751892 0.659286 0
    outer loop
      vertex 89.428 58.9042 3
      vertex 89.2728 58.7272 0
      vertex 89.2728 58.7272 3
    endloop
  endfacet
  facet normal 0.659286 -0.751892 0
    outer loop
      vertex 86.7272 61.2728 0
      vertex 86.9042 61.428 3
      vertex 86.7272 61.2728 3
    endloop
  endfacet
  facet normal 0.659286 -0.751892 0
    outer loop
      vertex 86.9042 61.428 3
      vertex 86.7272 61.2728 0
      vertex 86.9042 61.428 0
    endloop
  endfacet
  facet normal 0.555484 -0.831527 0
    outer loop
      vertex 86.9042 61.428 0
      vertex 87.1 61.5588 3
      vertex 86.9042 61.428 3
    endloop
  endfacet
  facet normal 0.555484 -0.831527 0
    outer loop
      vertex 87.1 61.5588 3
      vertex 86.9042 61.428 0
      vertex 87.1 61.5588 0
    endloop
  endfacet
  facet normal 0.751892 0.659286 0
    outer loop
      vertex 86.7272 58.7272 3
      vertex 86.572 58.9042 0
      vertex 86.572 58.9042 3
    endloop
  endfacet
  facet normal 0.751892 0.659286 0
    outer loop
      vertex 86.572 58.9042 0
      vertex 86.7272 58.7272 3
      vertex 86.7272 58.7272 0
    endloop
  endfacet
  facet normal 0.980825 -0.194891 0
    outer loop
      vertex 86.2154 60.2349 3
      vertex 86.2613 60.4659 0
      vertex 86.2613 60.4659 3
    endloop
  endfacet
  facet normal 0.980825 -0.194891 0
    outer loop
      vertex 86.2613 60.4659 0
      vertex 86.2154 60.2349 3
      vertex 86.2154 60.2349 0
    endloop
  endfacet
  facet normal 0.321575 -0.946884 0
    outer loop
      vertex 87.3112 61.663 0
      vertex 87.5341 61.7387 3
      vertex 87.3112 61.663 3
    endloop
  endfacet
  facet normal 0.321575 -0.946884 0
    outer loop
      vertex 87.5341 61.7387 3
      vertex 87.3112 61.663 0
      vertex 87.5341 61.7387 0
    endloop
  endfacet
  facet normal 0.980825 0.194891 0
    outer loop
      vertex 86.2613 59.5341 3
      vertex 86.2154 59.7651 0
      vertex 86.2154 59.7651 3
    endloop
  endfacet
  facet normal 0.980825 0.194891 0
    outer loop
      vertex 86.2154 59.7651 0
      vertex 86.2613 59.5341 3
      vertex 86.2613 59.5341 0
    endloop
  endfacet
  facet normal -0.0654194 -0.997858 0
    outer loop
      vertex 88 61.8 0
      vertex 88.2349 61.7846 3
      vertex 88 61.8 3
    endloop
  endfacet
  facet normal -0.0654194 -0.997858 -0
    outer loop
      vertex 88.2349 61.7846 3
      vertex 88 61.8 0
      vertex 88.2349 61.7846 0
    endloop
  endfacet
  facet normal 0.194891 -0.980825 0
    outer loop
      vertex 87.5341 61.7387 0
      vertex 87.7651 61.7846 3
      vertex 87.5341 61.7387 3
    endloop
  endfacet
  facet normal 0.194891 -0.980825 0
    outer loop
      vertex 87.7651 61.7846 3
      vertex 87.5341 61.7387 0
      vertex 87.7651 61.7846 0
    endloop
  endfacet
  facet normal -0.659286 0.751892 0
    outer loop
      vertex 89.2728 58.7272 0
      vertex 89.0958 58.572 3
      vertex 89.2728 58.7272 3
    endloop
  endfacet
  facet normal -0.659286 0.751892 0
    outer loop
      vertex 89.0958 58.572 3
      vertex 89.2728 58.7272 0
      vertex 89.0958 58.572 0
    endloop
  endfacet
  facet normal 0.0654194 -0.997858 0
    outer loop
      vertex 87.7651 61.7846 0
      vertex 88 61.8 3
      vertex 87.7651 61.7846 3
    endloop
  endfacet
  facet normal 0.0654194 -0.997858 0
    outer loop
      vertex 88 61.8 3
      vertex 87.7651 61.7846 0
      vertex 88 61.8 0
    endloop
  endfacet
  facet normal 0.946884 -0.321575 0
    outer loop
      vertex 86.2613 60.4659 3
      vertex 86.337 60.6888 0
      vertex 86.337 60.6888 3
    endloop
  endfacet
  facet normal 0.946884 -0.321575 0
    outer loop
      vertex 86.337 60.6888 0
      vertex 86.2613 60.4659 3
      vertex 86.2613 60.4659 0
    endloop
  endfacet
  facet normal 0 1 -0
    outer loop
      vertex 91 1.5 2
      vertex 5 1.5 3
      vertex 91 1.5 3
    endloop
  endfacet
  facet normal 0 1 0
    outer loop
      vertex 5 1.5 3
      vertex 91 1.5 2
      vertex 5 1.5 2
    endloop
  endfacet
  facet normal -0.659364 0.751824 0
    outer loop
      vertex 93.4749 2.52513 2
      vertex 93.1307 2.22326 3
      vertex 93.4749 2.52513 3
    endloop
  endfacet
  facet normal -0.659364 0.751824 0
    outer loop
      vertex 93.1307 2.22326 3
      vertex 93.4749 2.52513 2
      vertex 93.1307 2.22326 2
    endloop
  endfacet
  facet normal 0.321322 -0.94697 0
    outer loop
      vertex 3.66061 66.2336 2
      vertex 4.09413 66.3807 3
      vertex 3.66061 66.2336 3
    endloop
  endfacet
  facet normal 0.321322 -0.94697 0
    outer loop
      vertex 4.09413 66.3807 3
      vertex 3.66061 66.2336 2
      vertex 4.09413 66.3807 2
    endloop
  endfacet
  facet normal 0.831475 0.555562 0
    outer loop
      vertex 2.22326 2.86933 3
      vertex 1.96891 3.25 2
      vertex 1.96891 3.25 3
    endloop
  endfacet
  facet normal 0.831475 0.555562 0
    outer loop
      vertex 1.96891 3.25 2
      vertex 2.22326 2.86933 3
      vertex 2.22326 2.86933 2
    endloop
  endfacet
  facet normal 0.94693 0.321439 0
    outer loop
      vertex 1.76642 3.66061 3
      vertex 1.61926 4.09413 2
      vertex 1.61926 4.09413 3
    endloop
  endfacet
  facet normal 0.94693 0.321439 0
    outer loop
      vertex 1.61926 4.09413 2
      vertex 1.76642 3.66061 3
      vertex 1.76642 3.66061 2
    endloop
  endfacet
  facet normal -1 0 0
    outer loop
      vertex 94.5 5 2
      vertex 94.5 63 3
      vertex 94.5 63 2
    endloop
  endfacet
  facet normal -1 -0 0
    outer loop
      vertex 94.5 63 3
      vertex 94.5 5 2
      vertex 94.5 5 3
    endloop
  endfacet
  facet normal -0.659278 -0.7519 0
    outer loop
      vertex 93.1307 65.7767 2
      vertex 93.4749 65.4749 3
      vertex 93.1307 65.7767 3
    endloop
  endfacet
  facet normal -0.659278 -0.7519 -0
    outer loop
      vertex 93.4749 65.4749 3
      vertex 93.1307 65.7767 2
      vertex 93.4749 65.4749 2
    endloop
  endfacet
  facet normal 0 -1 0
    outer loop
      vertex 5 66.5 2
      vertex 91 66.5 3
      vertex 5 66.5 3
    endloop
  endfacet
  facet normal 0 -1 -0
    outer loop
      vertex 91 66.5 3
      vertex 5 66.5 2
      vertex 91 66.5 2
    endloop
  endfacet
  facet normal 0.555637 -0.831425 0
    outer loop
      vertex 2.86933 65.7767 2
      vertex 3.25 66.0311 3
      vertex 2.86933 65.7767 3
    endloop
  endfacet
  facet normal 0.555637 -0.831425 0
    outer loop
      vertex 3.25 66.0311 3
      vertex 2.86933 65.7767 2
      vertex 3.25 66.0311 2
    endloop
  endfacet
  facet normal -0.831425 0.555637 0
    outer loop
      vertex 93.7767 2.86933 2
      vertex 94.0311 3.25 3
      vertex 94.0311 3.25 2
    endloop
  endfacet
  facet normal -0.831425 0.555637 0
    outer loop
      vertex 94.0311 3.25 3
      vertex 93.7767 2.86933 2
      vertex 93.7767 2.86933 3
    endloop
  endfacet
  facet normal 0.831495 -0.555532 0
    outer loop
      vertex 1.96891 64.75 3
      vertex 2.22326 65.1307 2
      vertex 2.22326 65.1307 3
    endloop
  endfacet
  facet normal 0.831495 -0.555532 0
    outer loop
      vertex 2.22326 65.1307 2
      vertex 1.96891 64.75 3
      vertex 1.96891 64.75 2
    endloop
  endfacet
  facet normal 0.659278 -0.7519 0
    outer loop
      vertex 2.52513 65.4749 2
      vertex 2.86933 65.7767 3
      vertex 2.52513 65.4749 3
    endloop
  endfacet
  facet normal 0.659278 -0.7519 0
    outer loop
      vertex 2.86933 65.7767 3
      vertex 2.52513 65.4749 2
      vertex 2.86933 65.7767 2
    endloop
  endfacet
  facet normal 1 0 0
    outer loop
      vertex 1.5 16.85 3
      vertex 1.5 5 3
      vertex 1.5 16.85 2.85
    endloop
  endfacet
  facet normal 1 0 0
    outer loop
      vertex 1.5 39.35 2.85
      vertex 1.5 63 3
      vertex 1.5 39.35 3
    endloop
  endfacet
  facet normal 1 0 0
    outer loop
      vertex 1.5 63 3
      vertex 1.5 39.35 2.85
      vertex 1.5 63 2
    endloop
  endfacet
  facet normal 1 0 0
    outer loop
      vertex 1.5 5 2
      vertex 1.5 39.35 2.85
      vertex 1.5 16.85 2.85
    endloop
  endfacet
  facet normal 1 0 0
    outer loop
      vertex 1.5 5 2
      vertex 1.5 16.85 2.85
      vertex 1.5 5 3
    endloop
  endfacet
  facet normal 1 0 0
    outer loop
      vertex 1.5 39.35 2.85
      vertex 1.5 5 2
      vertex 1.5 63 2
    endloop
  endfacet
  facet normal -0.896864 0.442305 0
    outer loop
      vertex 94.0311 3.25 2
      vertex 94.2336 3.66061 3
      vertex 94.2336 3.66061 2
    endloop
  endfacet
  facet normal -0.896864 0.442305 0
    outer loop
      vertex 94.2336 3.66061 3
      vertex 94.0311 3.25 2
      vertex 94.0311 3.25 3
    endloop
  endfacet
  facet normal 0.555562 0.831475 -0
    outer loop
      vertex 3.25 1.96891 2
      vertex 2.86933 2.22326 3
      vertex 3.25 1.96891 3
    endloop
  endfacet
  facet normal 0.555562 0.831475 0
    outer loop
      vertex 2.86933 2.22326 3
      vertex 3.25 1.96891 2
      vertex 2.86933 2.22326 2
    endloop
  endfacet
  facet normal -0.980757 -0.195234 0
    outer loop
      vertex 94.4701 63.4568 2
      vertex 94.3807 63.9059 3
      vertex 94.3807 63.9059 2
    endloop
  endfacet
  facet normal -0.980757 -0.195234 0
    outer loop
      vertex 94.3807 63.9059 3
      vertex 94.4701 63.4568 2
      vertex 94.4701 63.4568 3
    endloop
  endfacet
  facet normal -0.997865 -0.0653156 0
    outer loop
      vertex 94.5 63 2
      vertex 94.4701 63.4568 3
      vertex 94.4701 63.4568 2
    endloop
  endfacet
  facet normal -0.997865 -0.0653156 0
    outer loop
      vertex 94.4701 63.4568 3
      vertex 94.5 63 2
      vertex 94.5 63 3
    endloop
  endfacet
  facet normal 0.997859 0.0653969 0
    outer loop
      vertex 1.52994 4.54316 3
      vertex 1.5 5 2
      vertex 1.5 5 3
    endloop
  endfacet
  facet normal 0.997859 0.0653969 0
    outer loop
      vertex 1.5 5 2
      vertex 1.52994 4.54316 3
      vertex 1.52994 4.54316 2
    endloop
  endfacet
  facet normal -0.555607 -0.831445 0
    outer loop
      vertex 92.75 66.0311 2
      vertex 93.1307 65.7767 3
      vertex 92.75 66.0311 3
    endloop
  endfacet
  facet normal -0.555607 -0.831445 -0
    outer loop
      vertex 93.1307 65.7767 3
      vertex 92.75 66.0311 2
      vertex 93.1307 65.7767 2
    endloop
  endfacet
  facet normal 0.0653969 0.997859 -0
    outer loop
      vertex 5 1.5 2
      vertex 4.54316 1.52994 3
      vertex 5 1.5 3
    endloop
  endfacet
  facet normal 0.0653969 0.997859 0
    outer loop
      vertex 4.54316 1.52994 3
      vertex 5 1.5 2
      vertex 4.54316 1.52994 2
    endloop
  endfacet
  facet normal -0.831445 -0.555607 0
    outer loop
      vertex 94.0311 64.75 2
      vertex 93.7767 65.1307 3
      vertex 93.7767 65.1307 2
    endloop
  endfacet
  facet normal -0.831445 -0.555607 0
    outer loop
      vertex 93.7767 65.1307 3
      vertex 94.0311 64.75 2
      vertex 94.0311 64.75 3
    endloop
  endfacet
  facet normal -0.442314 -0.89686 0
    outer loop
      vertex 92.3394 66.2336 2
      vertex 92.75 66.0311 3
      vertex 92.3394 66.2336 3
    endloop
  endfacet
  facet normal -0.442314 -0.89686 -0
    outer loop
      vertex 92.75 66.0311 3
      vertex 92.3394 66.2336 2
      vertex 92.75 66.0311 2
    endloop
  endfacet
  facet normal 0.0653099 -0.997865 0
    outer loop
      vertex 4.54316 66.4701 2
      vertex 5 66.5 3
      vertex 4.54316 66.4701 3
    endloop
  endfacet
  facet normal 0.0653099 -0.997865 0
    outer loop
      vertex 5 66.5 3
      vertex 4.54316 66.4701 2
      vertex 5 66.5 2
    endloop
  endfacet
  facet normal 0.896873 0.442288 0
    outer loop
      vertex 1.96891 3.25 3
      vertex 1.76642 3.66061 2
      vertex 1.76642 3.66061 3
    endloop
  endfacet
  facet normal 0.896873 0.442288 0
    outer loop
      vertex 1.76642 3.66061 2
      vertex 1.96891 3.25 3
      vertex 1.96891 3.25 2
    endloop
  endfacet
  facet normal -0.89686 -0.442314 0
    outer loop
      vertex 94.2336 64.3394 2
      vertex 94.0311 64.75 3
      vertex 94.0311 64.75 2
    endloop
  endfacet
  facet normal -0.89686 -0.442314 0
    outer loop
      vertex 94.0311 64.75 3
      vertex 94.2336 64.3394 2
      vertex 94.2336 64.3394 3
    endloop
  endfacet
  facet normal 0.751824 0.659364 0
    outer loop
      vertex 2.52513 2.52513 3
      vertex 2.22326 2.86933 2
      vertex 2.22326 2.86933 3
    endloop
  endfacet
  facet normal 0.751824 0.659364 0
    outer loop
      vertex 2.22326 2.86933 2
      vertex 2.52513 2.52513 3
      vertex 2.52513 2.52513 2
    endloop
  endfacet
  facet normal -0.946966 -0.321335 0
    outer loop
      vertex 94.3807 63.9059 2
      vertex 94.2336 64.3394 3
      vertex 94.2336 64.3394 2
    endloop
  endfacet
  facet normal -0.946966 -0.321335 0
    outer loop
      vertex 94.2336 64.3394 3
      vertex 94.3807 63.9059 2
      vertex 94.3807 63.9059 3
    endloop
  endfacet
  facet normal 0.442288 0.896873 -0
    outer loop
      vertex 3.66061 1.76642 2
      vertex 3.25 1.96891 3
      vertex 3.66061 1.76642 3
    endloop
  endfacet
  facet normal 0.442288 0.896873 0
    outer loop
      vertex 3.25 1.96891 3
      vertex 3.66061 1.76642 2
      vertex 3.25 1.96891 2
    endloop
  endfacet
  facet normal -0.195066 0.98079 0
    outer loop
      vertex 91.9059 1.61926 2
      vertex 91.4568 1.52994 3
      vertex 91.9059 1.61926 3
    endloop
  endfacet
  facet normal -0.195066 0.98079 0
    outer loop
      vertex 91.4568 1.52994 3
      vertex 91.9059 1.61926 2
      vertex 91.4568 1.52994 2
    endloop
  endfacet
  facet normal 0.442305 -0.896864 0
    outer loop
      vertex 3.25 66.0311 2
      vertex 3.66061 66.2336 3
      vertex 3.25 66.0311 3
    endloop
  endfacet
  facet normal 0.442305 -0.896864 0
    outer loop
      vertex 3.66061 66.2336 3
      vertex 3.25 66.0311 2
      vertex 3.66061 66.2336 2
    endloop
  endfacet
  facet normal -0.0654026 0.997859 0
    outer loop
      vertex 91.4568 1.52994 2
      vertex 91 1.5 3
      vertex 91.4568 1.52994 3
    endloop
  endfacet
  facet normal -0.0654026 0.997859 0
    outer loop
      vertex 91 1.5 3
      vertex 91.4568 1.52994 2
      vertex 91 1.5 2
    endloop
  endfacet
  facet normal 0 0 0
    outer loop
      vertex 5.29999 64.7 3.1
      vertex 5.3 64.7 3.1
      vertex 90.7 64.7 3.1
    endloop
  endfacet
  facet normal 0 0 0
    outer loop
      vertex 92.7 5.29999 3.1
      vertex 92.7 62.7 3.1
      vertex 92.7 5.3 3.1
    endloop
  endfacet
  facet normal -0.321335 -0.946966 0
    outer loop
      vertex 91.9059 66.3807 2
      vertex 92.3394 66.2336 3
      vertex 91.9059 66.3807 3
    endloop
  endfacet
  facet normal -0.321335 -0.946966 -0
    outer loop
      vertex 92.3394 66.2336 3
      vertex 91.9059 66.3807 2
      vertex 92.3394 66.2336 2
    endloop
  endfacet
  facet normal -0.0653156 -0.997865 0
    outer loop
      vertex 91 66.5 2
      vertex 91.4568 66.4701 3
      vertex 91 66.5 3
    endloop
  endfacet
  facet normal -0.0653156 -0.997865 -0
    outer loop
      vertex 91.4568 66.4701 3
      vertex 91 66.5 2
      vertex 91.4568 66.4701 2
    endloop
  endfacet
  facet normal -0.321452 0.946926 0
    outer loop
      vertex 92.3394 1.76642 2
      vertex 91.9059 1.61926 3
      vertex 92.3394 1.76642 3
    endloop
  endfacet
  facet normal -0.321452 0.946926 0
    outer loop
      vertex 91.9059 1.61926 3
      vertex 92.3394 1.76642 2
      vertex 91.9059 1.61926 2
    endloop
  endfacet
  facet normal -0.997865 0.0653099 0
    outer loop
      vertex 94.4701 4.54316 2
      vertex 94.5 5 3
      vertex 94.5 5 2
    endloop
  endfacet
  facet normal -0.997865 0.0653099 0
    outer loop
      vertex 94.5 5 3
      vertex 94.4701 4.54316 2
      vertex 94.4701 4.54316 3
    endloop
  endfacet
  facet normal -0.980751 0.195263 0
    outer loop
      vertex 94.3807 4.09413 2
      vertex 94.4701 4.54316 3
      vertex 94.4701 4.54316 2
    endloop
  endfacet
  facet normal -0.980751 0.195263 0
    outer loop
      vertex 94.4701 4.54316 3
      vertex 94.3807 4.09413 2
      vertex 94.3807 4.09413 3
    endloop
  endfacet
  facet normal 0.195095 0.980784 -0
    outer loop
      vertex 4.54316 1.52994 2
      vertex 4.09413 1.61926 3
      vertex 4.54316 1.52994 3
    endloop
  endfacet
  facet normal 0.195095 0.980784 0
    outer loop
      vertex 4.09413 1.61926 3
      vertex 4.54316 1.52994 2
      vertex 4.09413 1.61926 2
    endloop
  endfacet
  facet normal -0.7519 0.659278 0
    outer loop
      vertex 93.4749 2.52513 2
      vertex 93.7767 2.86933 3
      vertex 93.7767 2.86933 2
    endloop
  endfacet
  facet normal -0.7519 0.659278 0
    outer loop
      vertex 93.7767 2.86933 3
      vertex 93.4749 2.52513 2
      vertex 93.4749 2.52513 3
    endloop
  endfacet
  facet normal 0.980784 0.195095 0
    outer loop
      vertex 1.61926 4.09413 3
      vertex 1.52994 4.54316 2
      vertex 1.52994 4.54316 3
    endloop
  endfacet
  facet normal 0.980784 0.195095 0
    outer loop
      vertex 1.52994 4.54316 2
      vertex 1.61926 4.09413 3
      vertex 1.61926 4.09413 2
    endloop
  endfacet
  facet normal 0 0 1
    outer loop
      vertex 92.7 63 2
      vertex 94.5 63 2
      vertex 94.4701 63.4568 2
    endloop
  endfacet
  facet normal 0 0 1
    outer loop
      vertex 94.5 63 2
      vertex 92.7 63 2
      vertex 94.5 5 2
    endloop
  endfacet
  facet normal 0 0 1
    outer loop
      vertex 92.6855 63.2219 2
      vertex 94.4701 63.4568 2
      vertex 94.3807 63.9059 2
    endloop
  endfacet
  facet normal 0 0 1
    outer loop
      vertex 92.7 5 2
      vertex 94.5 5 2
      vertex 92.7 63 2
    endloop
  endfacet
  facet normal 0 0 1
    outer loop
      vertex 92.6421 63.44 2
      vertex 94.3807 63.9059 2
      vertex 94.2336 64.3394 2
    endloop
  endfacet
  facet normal 0 0 1
    outer loop
      vertex 94.5 5 2
      vertex 92.7 5 2
      vertex 94.4701 4.54316 2
    endloop
  endfacet
  facet normal 0 0 1
    outer loop
      vertex 92.5706 63.6506 2
      vertex 94.2336 64.3394 2
      vertex 94.0311 64.75 2
    endloop
  endfacet
  facet normal -0 0 1
    outer loop
      vertex 92.6855 4.7781 2
      vertex 94.4701 4.54316 2
      vertex 92.7 5 2
    endloop
  endfacet
  facet normal 0 0 1
    outer loop
      vertex 92.4722 63.85 2
      vertex 94.0311 64.75 2
      vertex 93.7767 65.1307 2
    endloop
  endfacet
  facet normal 0 0 1
    outer loop
      vertex 94.4701 4.54316 2
      vertex 92.6855 4.7781 2
      vertex 94.3807 4.09413 2
    endloop
  endfacet
  facet normal 0 0 1
    outer loop
      vertex 92.3487 64.0349 2
      vertex 93.7767 65.1307 2
      vertex 93.4749 65.4749 2
    endloop
  endfacet
  facet normal -0 0 1
    outer loop
      vertex 92.6421 4.56001 2
      vertex 94.3807 4.09413 2
      vertex 92.6855 4.7781 2
    endloop
  endfacet
  facet normal 0 0 1
    outer loop
      vertex 92.2021 64.2021 2
      vertex 93.4749 65.4749 2
      vertex 93.1307 65.7767 2
    endloop
  endfacet
  facet normal 0 0 1
    outer loop
      vertex 94.3807 4.09413 2
      vertex 92.6421 4.56001 2
      vertex 94.2336 3.66061 2
    endloop
  endfacet
  facet normal 0 0 1
    outer loop
      vertex 92.0349 64.3487 2
      vertex 93.1307 65.7767 2
      vertex 92.75 66.0311 2
    endloop
  endfacet
  facet normal -0 0 1
    outer loop
      vertex 92.5706 4.34944 2
      vertex 94.2336 3.66061 2
      vertex 92.6421 4.56001 2
    endloop
  endfacet
  facet normal 0 0 1
    outer loop
      vertex 94.2336 3.66061 2
      vertex 92.5706 4.34944 2
      vertex 94.0311 3.25 2
    endloop
  endfacet
  facet normal 0 0 1
    outer loop
      vertex 94.4701 63.4568 2
      vertex 92.6855 63.2219 2
      vertex 92.7 63 2
    endloop
  endfacet
  facet normal 0 0 1
    outer loop
      vertex 94.3807 63.9059 2
      vertex 92.6421 63.44 2
      vertex 92.6855 63.2219 2
    endloop
  endfacet
  facet normal 0 0 1
    outer loop
      vertex 94.2336 64.3394 2
      vertex 92.5706 63.6506 2
      vertex 92.6421 63.44 2
    endloop
  endfacet
  facet normal 0 0 1
    outer loop
      vertex 94.0311 64.75 2
      vertex 92.4722 63.85 2
      vertex 92.5706 63.6506 2
    endloop
  endfacet
  facet normal 0 0 1
    outer loop
      vertex 93.7767 65.1307 2
      vertex 92.3487 64.0349 2
      vertex 92.4722 63.85 2
    endloop
  endfacet
  facet normal 0 0 1
    outer loop
      vertex 91.85 64.4722 2
      vertex 92.75 66.0311 2
      vertex 92.3394 66.2336 2
    endloop
  endfacet
  facet normal 0 0 1
    outer loop
      vertex 93.4749 65.4749 2
      vertex 92.2021 64.2021 2
      vertex 92.3487 64.0349 2
    endloop
  endfacet
  facet normal 0 0 1
    outer loop
      vertex 93.1307 65.7767 2
      vertex 92.0349 64.3487 2
      vertex 92.2021 64.2021 2
    endloop
  endfacet
  facet normal 0 0 1
    outer loop
      vertex 91.6506 64.5706 2
      vertex 92.3394 66.2336 2
      vertex 91.9059 66.3807 2
    endloop
  endfacet
  facet normal 0 0 1
    outer loop
      vertex 92.75 66.0311 2
      vertex 91.85 64.4722 2
      vertex 92.0349 64.3487 2
    endloop
  endfacet
  facet normal 0 0 1
    outer loop
      vertex 92.3394 66.2336 2
      vertex 91.6506 64.5706 2
      vertex 91.85 64.4722 2
    endloop
  endfacet
  facet normal 0 0 1
    outer loop
      vertex 91.44 64.6421 2
      vertex 91.9059 66.3807 2
      vertex 91.4568 66.4701 2
    endloop
  endfacet
  facet normal 0 0 1
    outer loop
      vertex 91.9059 66.3807 2
      vertex 91.44 64.6421 2
      vertex 91.6506 64.5706 2
    endloop
  endfacet
  facet normal 0 0 1
    outer loop
      vertex 91.4568 66.4701 2
      vertex 91.2219 64.6855 2
      vertex 91.44 64.6421 2
    endloop
  endfacet
  facet normal 0 0 1
    outer loop
      vertex 91 66.5 2
      vertex 91.2219 64.6855 2
      vertex 91.4568 66.4701 2
    endloop
  endfacet
  facet normal 0 0 1
    outer loop
      vertex 91 66.5 2
      vertex 91 64.7 2
      vertex 91.2219 64.6855 2
    endloop
  endfacet
  facet normal -0 0 1
    outer loop
      vertex 5 66.5 2
      vertex 91 64.7 2
      vertex 91 66.5 2
    endloop
  endfacet
  facet normal 0 0 1
    outer loop
      vertex 5 66.5 2
      vertex 5 64.7 2
      vertex 91 64.7 2
    endloop
  endfacet
  facet normal 0 0 1
    outer loop
      vertex 5 66.5 2
      vertex 4.7781 64.6855 2
      vertex 5 64.7 2
    endloop
  endfacet
  facet normal -0 0 1
    outer loop
      vertex 4.54316 66.4701 2
      vertex 4.7781 64.6855 2
      vertex 5 66.5 2
    endloop
  endfacet
  facet normal 0 0 1
    outer loop
      vertex 4.7781 64.6855 2
      vertex 4.54316 66.4701 2
      vertex 4.56001 64.6421 2
    endloop
  endfacet
  facet normal -0 0 1
    outer loop
      vertex 4.09413 66.3807 2
      vertex 4.56001 64.6421 2
      vertex 4.54316 66.4701 2
    endloop
  endfacet
  facet normal 0 0 1
    outer loop
      vertex 4.56001 64.6421 2
      vertex 4.09413 66.3807 2
      vertex 4.34944 64.5706 2
    endloop
  endfacet
  facet normal -0 0 1
    outer loop
      vertex 3.66061 66.2336 2
      vertex 4.34944 64.5706 2
      vertex 4.09413 66.3807 2
    endloop
  endfacet
  facet normal 0 0 1
    outer loop
      vertex 4.34944 64.5706 2
      vertex 3.66061 66.2336 2
      vertex 4.15 64.4722 2
    endloop
  endfacet
  facet normal -0 0 1
    outer loop
      vertex 3.25 66.0311 2
      vertex 4.15 64.4722 2
      vertex 3.66061 66.2336 2
    endloop
  endfacet
  facet normal 0 0 1
    outer loop
      vertex 4.15 64.4722 2
      vertex 3.25 66.0311 2
      vertex 3.9651 64.3487 2
    endloop
  endfacet
  facet normal -0 0 1
    outer loop
      vertex 2.86933 65.7767 2
      vertex 3.9651 64.3487 2
      vertex 3.25 66.0311 2
    endloop
  endfacet
  facet normal 0 0 1
    outer loop
      vertex 3.9651 64.3487 2
      vertex 2.86933 65.7767 2
      vertex 3.79792 64.2021 2
    endloop
  endfacet
  facet normal -0 0 1
    outer loop
      vertex 2.52513 65.4749 2
      vertex 3.79792 64.2021 2
      vertex 2.86933 65.7767 2
    endloop
  endfacet
  facet normal 0 0 1
    outer loop
      vertex 3.79792 64.2021 2
      vertex 2.52513 65.4749 2
      vertex 3.6513 64.0349 2
    endloop
  endfacet
  facet normal -0 0 1
    outer loop
      vertex 2.22326 65.1307 2
      vertex 3.6513 64.0349 2
      vertex 2.52513 65.4749 2
    endloop
  endfacet
  facet normal 0 0 1
    outer loop
      vertex 3.52776 63.85 2
      vertex 1.96891 64.75 2
      vertex 3.4294 63.6506 2
    endloop
  endfacet
  facet normal -0 0 1
    outer loop
      vertex 1.96891 64.75 2
      vertex 3.52776 63.85 2
      vertex 2.22326 65.1307 2
    endloop
  endfacet
  facet normal 0 0 1
    outer loop
      vertex 3.6513 64.0349 2
      vertex 2.22326 65.1307 2
      vertex 3.52776 63.85 2
    endloop
  endfacet
  facet normal -0 0 1
    outer loop
      vertex 92.4722 4.15 2
      vertex 94.0311 3.25 2
      vertex 92.5706 4.34944 2
    endloop
  endfacet
  facet normal 0 0 1
    outer loop
      vertex 94.0311 3.25 2
      vertex 92.4722 4.15 2
      vertex 93.7767 2.86933 2
    endloop
  endfacet
  facet normal -0 0 1
    outer loop
      vertex 92.3487 3.9651 2
      vertex 93.7767 2.86933 2
      vertex 92.4722 4.15 2
    endloop
  endfacet
  facet normal 0 0 1
    outer loop
      vertex 93.7767 2.86933 2
      vertex 92.3487 3.9651 2
      vertex 93.4749 2.52513 2
    endloop
  endfacet
  facet normal -0 0 1
    outer loop
      vertex 92.2021 3.79792 2
      vertex 93.4749 2.52513 2
      vertex 92.3487 3.9651 2
    endloop
  endfacet
  facet normal 0 0 1
    outer loop
      vertex 93.4749 2.52513 2
      vertex 92.2021 3.79792 2
      vertex 93.1307 2.22326 2
    endloop
  endfacet
  facet normal -0 0 1
    outer loop
      vertex 92.0349 3.6513 2
      vertex 93.1307 2.22326 2
      vertex 92.2021 3.79792 2
    endloop
  endfacet
  facet normal 0 0 1
    outer loop
      vertex 93.1307 2.22326 2
      vertex 92.0349 3.6513 2
      vertex 92.75 1.96891 2
    endloop
  endfacet
  facet normal -0 0 1
    outer loop
      vertex 91.85 3.52776 2
      vertex 92.75 1.96891 2
      vertex 92.0349 3.6513 2
    endloop
  endfacet
  facet normal 0 0 1
    outer loop
      vertex 92.75 1.96891 2
      vertex 91.85 3.52776 2
      vertex 92.3394 1.76642 2
    endloop
  endfacet
  facet normal -0 0 1
    outer loop
      vertex 91.6506 3.4294 2
      vertex 92.3394 1.76642 2
      vertex 91.85 3.52776 2
    endloop
  endfacet
  facet normal 0 0 1
    outer loop
      vertex 92.3394 1.76642 2
      vertex 91.6506 3.4294 2
      vertex 91.9059 1.61926 2
    endloop
  endfacet
  facet normal -0 0 1
    outer loop
      vertex 91.44 3.35792 2
      vertex 91.9059 1.61926 2
      vertex 91.6506 3.4294 2
    endloop
  endfacet
  facet normal 0 0 1
    outer loop
      vertex 91.9059 1.61926 2
      vertex 91.44 3.35792 2
      vertex 91.4568 1.52994 2
    endloop
  endfacet
  facet normal -0 0 1
    outer loop
      vertex 91.2219 3.31454 2
      vertex 91.4568 1.52994 2
      vertex 91.44 3.35792 2
    endloop
  endfacet
  facet normal -0 0 1
    outer loop
      vertex 91 3.3 2
      vertex 91.4568 1.52994 2
      vertex 91.2219 3.31454 2
    endloop
  endfacet
  facet normal 0 0 1
    outer loop
      vertex 91 3.3 2
      vertex 91 1.5 2
      vertex 91.4568 1.52994 2
    endloop
  endfacet
  facet normal 0 0 1
    outer loop
      vertex 91 3.3 2
      vertex 5 1.5 2
      vertex 91 1.5 2
    endloop
  endfacet
  facet normal -0 0 1
    outer loop
      vertex 5 3.3 2
      vertex 5 1.5 2
      vertex 91 3.3 2
    endloop
  endfacet
  facet normal 0 0 1
    outer loop
      vertex 4.7781 3.31454 2
      vertex 5 1.5 2
      vertex 5 3.3 2
    endloop
  endfacet
  facet normal 0 0 1
    outer loop
      vertex 4.54316 1.52994 2
      vertex 4.7781 3.31454 2
      vertex 4.56001 3.35792 2
    endloop
  endfacet
  facet normal 0 0 1
    outer loop
      vertex 4.7781 3.31454 2
      vertex 4.54316 1.52994 2
      vertex 5 1.5 2
    endloop
  endfacet
  facet normal 0 0 1
    outer loop
      vertex 4.09413 1.61926 2
      vertex 4.56001 3.35792 2
      vertex 4.34944 3.4294 2
    endloop
  endfacet
  facet normal 0 0 1
    outer loop
      vertex 3.66061 1.76642 2
      vertex 4.34944 3.4294 2
      vertex 4.15 3.52776 2
    endloop
  endfacet
  facet normal 0 0 1
    outer loop
      vertex 4.56001 3.35792 2
      vertex 4.09413 1.61926 2
      vertex 4.54316 1.52994 2
    endloop
  endfacet
  facet normal 0 0 1
    outer loop
      vertex 3.25 1.96891 2
      vertex 4.15 3.52776 2
      vertex 3.9651 3.6513 2
    endloop
  endfacet
  facet normal 0 0 1
    outer loop
      vertex 2.86933 2.22326 2
      vertex 3.9651 3.6513 2
      vertex 3.79792 3.79792 2
    endloop
  endfacet
  facet normal 0 0 1
    outer loop
      vertex 4.34944 3.4294 2
      vertex 3.66061 1.76642 2
      vertex 4.09413 1.61926 2
    endloop
  endfacet
  facet normal 0 0 1
    outer loop
      vertex 2.52513 2.52513 2
      vertex 3.79792 3.79792 2
      vertex 3.6513 3.9651 2
    endloop
  endfacet
  facet normal 0 0 1
    outer loop
      vertex 2.22326 2.86933 2
      vertex 3.6513 3.9651 2
      vertex 3.52776 4.15 2
    endloop
  endfacet
  facet normal 0 0 1
    outer loop
      vertex 1.96891 3.25 2
      vertex 3.52776 4.15 2
      vertex 3.4294 4.34944 2
    endloop
  endfacet
  facet normal 0 0 1
    outer loop
      vertex 1.76642 3.66061 2
      vertex 3.4294 4.34944 2
      vertex 3.35792 4.56001 2
    endloop
  endfacet
  facet normal 0 0 1
    outer loop
      vertex 1.61926 4.09413 2
      vertex 3.35792 4.56001 2
      vertex 3.31454 4.7781 2
    endloop
  endfacet
  facet normal 0 0 1
    outer loop
      vertex 4.15 3.52776 2
      vertex 3.25 1.96891 2
      vertex 3.66061 1.76642 2
    endloop
  endfacet
  facet normal 0 0 1
    outer loop
      vertex 1.52994 4.54316 2
      vertex 3.31454 4.7781 2
      vertex 3.3 5 2
    endloop
  endfacet
  facet normal 0 0 1
    outer loop
      vertex 3.3 63 2
      vertex 1.5 63 2
      vertex 3.3 5 2
    endloop
  endfacet
  facet normal -0 0 1
    outer loop
      vertex 1.76642 64.3394 2
      vertex 3.4294 63.6506 2
      vertex 1.96891 64.75 2
    endloop
  endfacet
  facet normal 0 0 1
    outer loop
      vertex 1.5 5 2
      vertex 3.3 5 2
      vertex 1.5 63 2
    endloop
  endfacet
  facet normal 0 0 1
    outer loop
      vertex 3.4294 63.6506 2
      vertex 1.76642 64.3394 2
      vertex 3.35792 63.44 2
    endloop
  endfacet
  facet normal 0 -0 1
    outer loop
      vertex 1.52994 4.54316 2
      vertex 3.3 5 2
      vertex 1.5 5 2
    endloop
  endfacet
  facet normal -0 0 1
    outer loop
      vertex 1.61926 63.9059 2
      vertex 3.35792 63.44 2
      vertex 1.76642 64.3394 2
    endloop
  endfacet
  facet normal 0 0 1
    outer loop
      vertex 3.9651 3.6513 2
      vertex 2.86933 2.22326 2
      vertex 3.25 1.96891 2
    endloop
  endfacet
  facet normal 0 0 1
    outer loop
      vertex 3.35792 63.44 2
      vertex 1.61926 63.9059 2
      vertex 3.31454 63.2219 2
    endloop
  endfacet
  facet normal 0 0 1
    outer loop
      vertex 3.79792 3.79792 2
      vertex 2.52513 2.52513 2
      vertex 2.86933 2.22326 2
    endloop
  endfacet
  facet normal -0 0 1
    outer loop
      vertex 1.52994 63.4568 2
      vertex 3.31454 63.2219 2
      vertex 1.61926 63.9059 2
    endloop
  endfacet
  facet normal 0 0 1
    outer loop
      vertex 3.6513 3.9651 2
      vertex 2.22326 2.86933 2
      vertex 2.52513 2.52513 2
    endloop
  endfacet
  facet normal 0 0 1
    outer loop
      vertex 3.31454 63.2219 2
      vertex 1.52994 63.4568 2
      vertex 3.3 63 2
    endloop
  endfacet
  facet normal 0 0 1
    outer loop
      vertex 3.52776 4.15 2
      vertex 1.96891 3.25 2
      vertex 2.22326 2.86933 2
    endloop
  endfacet
  facet normal 0 0 1
    outer loop
      vertex 3.3 63 2
      vertex 1.52994 63.4568 2
      vertex 1.5 63 2
    endloop
  endfacet
  facet normal 0 0 1
    outer loop
      vertex 3.4294 4.34944 2
      vertex 1.76642 3.66061 2
      vertex 1.96891 3.25 2
    endloop
  endfacet
  facet normal 0 0 1
    outer loop
      vertex 3.35792 4.56001 2
      vertex 1.61926 4.09413 2
      vertex 1.76642 3.66061 2
    endloop
  endfacet
  facet normal 0 0 1
    outer loop
      vertex 3.31454 4.7781 2
      vertex 1.52994 4.54316 2
      vertex 1.61926 4.09413 2
    endloop
  endfacet
  facet normal -0.94697 0.321322 0
    outer loop
      vertex 94.2336 3.66061 2
      vertex 94.3807 4.09413 3
      vertex 94.3807 4.09413 2
    endloop
  endfacet
  facet normal -0.94697 0.321322 0
    outer loop
      vertex 94.3807 4.09413 3
      vertex 94.2336 3.66061 2
      vertex 94.2336 3.66061 3
    endloop
  endfacet
  facet normal 0.321439 0.94693 -0
    outer loop
      vertex 4.09413 1.61926 2
      vertex 3.66061 1.76642 3
      vertex 4.09413 1.61926 3
    endloop
  endfacet
  facet normal 0.321439 0.94693 0
    outer loop
      vertex 3.66061 1.76642 3
      vertex 4.09413 1.61926 2
      vertex 3.66061 1.76642 2
    endloop
  endfacet
  facet normal -0.7519 -0.659278 0
    outer loop
      vertex 93.7767 65.1307 2
      vertex 93.4749 65.4749 3
      vertex 93.4749 65.4749 2
    endloop
  endfacet
  facet normal -0.7519 -0.659278 0
    outer loop
      vertex 93.4749 65.4749 3
      vertex 93.7767 65.1307 2
      vertex 93.7767 65.1307 3
    endloop
  endfacet
  facet normal 0.946926 -0.321452 0
    outer loop
      vertex 1.61926 63.9059 3
      vertex 1.76642 64.3394 2
      vertex 1.76642 64.3394 3
    endloop
  endfacet
  facet normal 0.946926 -0.321452 0
    outer loop
      vertex 1.76642 64.3394 2
      vertex 1.61926 63.9059 3
      vertex 1.61926 63.9059 2
    endloop
  endfacet
  facet normal 0.896869 -0.442297 0
    outer loop
      vertex 1.76642 64.3394 3
      vertex 1.96891 64.75 2
      vertex 1.96891 64.75 3
    endloop
  endfacet
  facet normal 0.896869 -0.442297 0
    outer loop
      vertex 1.96891 64.75 2
      vertex 1.76642 64.3394 3
      vertex 1.76642 64.3394 2
    endloop
  endfacet
  facet normal 0.195263 -0.980751 0
    outer loop
      vertex 4.09413 66.3807 2
      vertex 4.54316 66.4701 3
      vertex 4.09413 66.3807 3
    endloop
  endfacet
  facet normal 0.195263 -0.980751 0
    outer loop
      vertex 4.54316 66.4701 3
      vertex 4.09413 66.3807 2
      vertex 4.54316 66.4701 2
    endloop
  endfacet
  facet normal -0.555532 0.831495 0
    outer loop
      vertex 93.1307 2.22326 2
      vertex 92.75 1.96891 3
      vertex 93.1307 2.22326 3
    endloop
  endfacet
  facet normal -0.555532 0.831495 0
    outer loop
      vertex 92.75 1.96891 3
      vertex 93.1307 2.22326 2
      vertex 92.75 1.96891 2
    endloop
  endfacet
  facet normal 0.997859 -0.0654026 0
    outer loop
      vertex 1.5 63 3
      vertex 1.52994 63.4568 2
      vertex 1.52994 63.4568 3
    endloop
  endfacet
  facet normal 0.997859 -0.0654026 0
    outer loop
      vertex 1.52994 63.4568 2
      vertex 1.5 63 3
      vertex 1.5 63 2
    endloop
  endfacet
  facet normal 0.98079 -0.195066 0
    outer loop
      vertex 1.52994 63.4568 3
      vertex 1.61926 63.9059 2
      vertex 1.61926 63.9059 3
    endloop
  endfacet
  facet normal 0.98079 -0.195066 0
    outer loop
      vertex 1.61926 63.9059 2
      vertex 1.52994 63.4568 3
      vertex 1.52994 63.4568 2
    endloop
  endfacet
  facet normal 0.659364 0.751824 -0
    outer loop
      vertex 2.86933 2.22326 2
      vertex 2.52513 2.52513 3
      vertex 2.86933 2.22326 3
    endloop
  endfacet
  facet normal 0.659364 0.751824 0
    outer loop
      vertex 2.52513 2.52513 3
      vertex 2.86933 2.22326 2
      vertex 2.52513 2.52513 2
    endloop
  endfacet
  facet normal -0.195234 -0.980757 0
    outer loop
      vertex 91.4568 66.4701 2
      vertex 91.9059 66.3807 3
      vertex 91.4568 66.4701 3
    endloop
  endfacet
  facet normal -0.195234 -0.980757 -0
    outer loop
      vertex 91.9059 66.3807 3
      vertex 91.4568 66.4701 2
      vertex 91.9059 66.3807 2
    endloop
  endfacet
  facet normal 0.751824 -0.659364 0
    outer loop
      vertex 2.22326 65.1307 3
      vertex 2.52513 65.4749 2
      vertex 2.52513 65.4749 3
    endloop
  endfacet
  facet normal 0.751824 -0.659364 0
    outer loop
      vertex 2.52513 65.4749 2
      vertex 2.22326 65.1307 3
      vertex 2.22326 65.1307 2
    endloop
  endfacet
  facet normal -0.442297 0.896869 0
    outer loop
      vertex 92.75 1.96891 2
      vertex 92.3394 1.76642 3
      vertex 92.75 1.96891 3
    endloop
  endfacet
  facet normal -0.442297 0.896869 0
    outer loop
      vertex 92.3394 1.76642 3
      vertex 92.75 1.96891 2
      vertex 92.3394 1.76642 2
    endloop
  endfacet
  facet normal 0.997872 0.0652057 0
    outer loop
      vertex 92.7 63 3
      vertex 92.6855 63.2219 2
      vertex 92.6855 63.2219 3
    endloop
  endfacet
  facet normal 0.997872 0.0652057 0
    outer loop
      vertex 92.6855 63.2219 2
      vertex 92.7 63 3
      vertex 92.7 63 2
    endloop
  endfacet
  facet normal -0.0652057 0.997872 0
    outer loop
      vertex 5 64.7 2
      vertex 4.7781 64.6855 3
      vertex 5 64.7 3
    endloop
  endfacet
  facet normal -0.0652057 0.997872 0
    outer loop
      vertex 4.7781 64.6855 3
      vertex 5 64.7 2
      vertex 4.7781 64.6855 2
    endloop
  endfacet
  facet normal 0.0652057 0.997872 -0
    outer loop
      vertex 91.2219 64.6855 2
      vertex 91 64.7 3
      vertex 91.2219 64.6855 3
    endloop
  endfacet
  facet normal 0.0652057 0.997872 0
    outer loop
      vertex 91 64.7 3
      vertex 91.2219 64.6855 2
      vertex 91 64.7 2
    endloop
  endfacet
  facet normal 0.831566 0.555426 0
    outer loop
      vertex 92.4722 63.85 3
      vertex 92.3487 64.0349 2
      vertex 92.3487 64.0349 3
    endloop
  endfacet
  facet normal 0.831566 0.555426 0
    outer loop
      vertex 92.3487 64.0349 2
      vertex 92.4722 63.85 3
      vertex 92.4722 63.85 2
    endloop
  endfacet
  facet normal -0.946943 0.321403 0
    outer loop
      vertex 3.35792 63.44 2
      vertex 3.4294 63.6506 3
      vertex 3.4294 63.6506 2
    endloop
  endfacet
  facet normal -0.946943 0.321403 0
    outer loop
      vertex 3.4294 63.6506 3
      vertex 3.35792 63.44 2
      vertex 3.35792 63.44 3
    endloop
  endfacet
  facet normal -1 0 0
    outer loop
      vertex 3.3 63 2
      vertex 3.3 39.35 2.85
      vertex 3.3 63 3
    endloop
  endfacet
  facet normal -1 0 0
    outer loop
      vertex 3.3 5 2
      vertex 3.3 39.35 2.85
      vertex 3.3 63 2
    endloop
  endfacet
  facet normal -1 -0 0
    outer loop
      vertex 3.3 39.35 2.85
      vertex 3.3 5 2
      vertex 3.3 16.85 2.85
    endloop
  endfacet
  facet normal -1 0 0
    outer loop
      vertex 3.3 5 3
      vertex 3.3 16.85 2.85
      vertex 3.3 5 2
    endloop
  endfacet
  facet normal -1 0 0
    outer loop
      vertex 3.3 16.85 2.85
      vertex 3.3 5 3
      vertex 3.3 16.85 3
    endloop
  endfacet
  facet normal -1 -0 0
    outer loop
      vertex 3.3 63 3
      vertex 3.3 39.35 2.85
      vertex 3.3 39.35 3
    endloop
  endfacet
  facet normal 0.555426 0.831566 -0
    outer loop
      vertex 92.0349 64.3487 2
      vertex 91.85 64.4722 3
      vertex 92.0349 64.3487 3
    endloop
  endfacet
  facet normal 0.555426 0.831566 0
    outer loop
      vertex 91.85 64.4722 3
      vertex 92.0349 64.3487 2
      vertex 91.85 64.4722 2
    endloop
  endfacet
  facet normal 0.831566 -0.555426 0
    outer loop
      vertex 92.3487 3.9651 3
      vertex 92.4722 4.15 2
      vertex 92.4722 4.15 3
    endloop
  endfacet
  facet normal 0.831566 -0.555426 0
    outer loop
      vertex 92.4722 4.15 2
      vertex 92.3487 3.9651 3
      vertex 92.3487 3.9651 2
    endloop
  endfacet
  facet normal 0.98077 0.195165 0
    outer loop
      vertex 92.6855 63.2219 3
      vertex 92.6421 63.44 2
      vertex 92.6421 63.44 3
    endloop
  endfacet
  facet normal 0.98077 0.195165 0
    outer loop
      vertex 92.6421 63.44 2
      vertex 92.6855 63.2219 3
      vertex 92.6855 63.2219 2
    endloop
  endfacet
  facet normal 1 0 0
    outer loop
      vertex 92.7 62.7 3.1
      vertex 92.7 5.29999 3.1
      vertex 92.7 62.7 3
    endloop
  endfacet
  facet normal 1 -0 0
    outer loop
      vertex 92.7 62.7 3
      vertex 92.7 63 2
      vertex 92.7 63 3
    endloop
  endfacet
  facet normal 1 0 0
    outer loop
      vertex 92.7 5.29999 3
      vertex 92.7 62.7 3
      vertex 92.7 5.29999 3.1
    endloop
  endfacet
  facet normal 1 0 0
    outer loop
      vertex 92.7 62.7 3
      vertex 92.7 5.29999 3
      vertex 92.7 63 2
    endloop
  endfacet
  facet normal 1 0 0
    outer loop
      vertex 92.7 5 2
      vertex 92.7 5.29999 3
      vertex 92.7 5 3
    endloop
  endfacet
  facet normal 1 0 0
    outer loop
      vertex 92.7 5.29999 3
      vertex 92.7 5 2
      vertex 92.7 63 2
    endloop
  endfacet
  facet normal 0.0653848 -0.99786 0
    outer loop
      vertex 91 3.3 2
      vertex 91.2219 3.31454 3
      vertex 91 3.3 3
    endloop
  endfacet
  facet normal 0.0653848 -0.99786 0
    outer loop
      vertex 91.2219 3.31454 3
      vertex 91 3.3 2
      vertex 91.2219 3.31454 2
    endloop
  endfacet
  facet normal -0.831483 -0.555551 0
    outer loop
      vertex 3.6513 3.9651 2
      vertex 3.52776 4.15 3
      vertex 3.52776 4.15 2
    endloop
  endfacet
  facet normal -0.831483 -0.555551 0
    outer loop
      vertex 3.52776 4.15 3
      vertex 3.6513 3.9651 2
      vertex 3.6513 3.9651 3
    endloop
  endfacet
  facet normal 0.896754 0.44253 0
    outer loop
      vertex 92.5706 63.6506 3
      vertex 92.4722 63.85 2
      vertex 92.4722 63.85 3
    endloop
  endfacet
  facet normal 0.896754 0.44253 0
    outer loop
      vertex 92.4722 63.85 2
      vertex 92.5706 63.6506 3
      vertex 92.5706 63.6506 2
    endloop
  endfacet
  facet normal 0.946915 0.321484 0
    outer loop
      vertex 92.6421 63.44 3
      vertex 92.5706 63.6506 2
      vertex 92.5706 63.6506 3
    endloop
  endfacet
  facet normal 0.946915 0.321484 0
    outer loop
      vertex 92.5706 63.6506 2
      vertex 92.6421 63.44 3
      vertex 92.6421 63.44 2
    endloop
  endfacet
  facet normal -0.442459 0.896789 0
    outer loop
      vertex 4.34944 64.5706 2
      vertex 4.15 64.4722 3
      vertex 4.34944 64.5706 3
    endloop
  endfacet
  facet normal -0.442459 0.896789 0
    outer loop
      vertex 4.15 64.4722 3
      vertex 4.34944 64.5706 2
      vertex 4.15 64.4722 2
    endloop
  endfacet
  facet normal -0.896825 0.442386 0
    outer loop
      vertex 3.4294 63.6506 2
      vertex 3.52776 63.85 3
      vertex 3.52776 63.85 2
    endloop
  endfacet
  facet normal -0.896825 0.442386 0
    outer loop
      vertex 3.52776 63.85 3
      vertex 3.4294 63.6506 2
      vertex 3.4294 63.6506 3
    endloop
  endfacet
  facet normal 0.751869 -0.659313 0
    outer loop
      vertex 92.2021 3.79792 3
      vertex 92.3487 3.9651 2
      vertex 92.3487 3.9651 3
    endloop
  endfacet
  facet normal 0.751869 -0.659313 0
    outer loop
      vertex 92.3487 3.9651 2
      vertex 92.2021 3.79792 3
      vertex 92.2021 3.79792 2
    endloop
  endfacet
  facet normal 0 1 -0
    outer loop
      vertex 91 64.7 2
      vertex 90.7 64.7 3
      vertex 91 64.7 3
    endloop
  endfacet
  facet normal 0 1 0
    outer loop
      vertex 90.7 64.7 3
      vertex 91 64.7 2
      vertex 5.29999 64.7 3
    endloop
  endfacet
  facet normal 0 1 0
    outer loop
      vertex 5 64.7 2
      vertex 5.29999 64.7 3
      vertex 91 64.7 2
    endloop
  endfacet
  facet normal 0 1 0
    outer loop
      vertex 5.29999 64.7 3
      vertex 5 64.7 2
      vertex 5 64.7 3
    endloop
  endfacet
  facet normal 0 1 -0
    outer loop
      vertex 90.7 64.7 3
      vertex 5.29999 64.7 3.1
      vertex 90.7 64.7 3.1
    endloop
  endfacet
  facet normal 0 1 0
    outer loop
      vertex 5.29999 64.7 3.1
      vertex 90.7 64.7 3
      vertex 5.29999 64.7 3
    endloop
  endfacet
  facet normal -0.659364 -0.751824 0
    outer loop
      vertex 3.79792 3.79792 2
      vertex 3.9651 3.6513 3
      vertex 3.79792 3.79792 3
    endloop
  endfacet
  facet normal -0.659364 -0.751824 -0
    outer loop
      vertex 3.9651 3.6513 3
      vertex 3.79792 3.79792 2
      vertex 3.9651 3.6513 2
    endloop
  endfacet
  facet normal 0.321484 0.946915 -0
    outer loop
      vertex 91.6506 64.5706 2
      vertex 91.44 64.6421 3
      vertex 91.6506 64.5706 3
    endloop
  endfacet
  facet normal 0.321484 0.946915 0
    outer loop
      vertex 91.44 64.6421 3
      vertex 91.6506 64.5706 2
      vertex 91.44 64.6421 2
    endloop
  endfacet
  facet normal -0.195173 0.980769 0
    outer loop
      vertex 4.7781 64.6855 2
      vertex 4.56001 64.6421 3
      vertex 4.7781 64.6855 3
    endloop
  endfacet
  facet normal -0.195173 0.980769 0
    outer loop
      vertex 4.56001 64.6421 3
      vertex 4.7781 64.6855 2
      vertex 4.56001 64.6421 2
    endloop
  endfacet
  facet normal -0.99786 0.0653848 0
    outer loop
      vertex 3.3 63 2
      vertex 3.31454 63.2219 3
      vertex 3.31454 63.2219 2
    endloop
  endfacet
  facet normal -0.99786 0.0653848 0
    outer loop
      vertex 3.31454 63.2219 3
      vertex 3.3 63 2
      vertex 3.3 63 3
    endloop
  endfacet
  facet normal -0.831483 0.555551 0
    outer loop
      vertex 3.52776 63.85 2
      vertex 3.6513 64.0349 3
      vertex 3.6513 64.0349 2
    endloop
  endfacet
  facet normal -0.831483 0.555551 0
    outer loop
      vertex 3.6513 64.0349 3
      vertex 3.52776 63.85 2
      vertex 3.52776 63.85 3
    endloop
  endfacet
  facet normal -0.321525 0.946901 0
    outer loop
      vertex 4.56001 64.6421 2
      vertex 4.34944 64.5706 3
      vertex 4.56001 64.6421 3
    endloop
  endfacet
  facet normal -0.321525 0.946901 0
    outer loop
      vertex 4.34944 64.5706 3
      vertex 4.56001 64.6421 2
      vertex 4.34944 64.5706 2
    endloop
  endfacet
  facet normal 0.555551 -0.831483 0
    outer loop
      vertex 91.85 3.52776 2
      vertex 92.0349 3.6513 3
      vertex 91.85 3.52776 3
    endloop
  endfacet
  facet normal 0.555551 -0.831483 0
    outer loop
      vertex 92.0349 3.6513 3
      vertex 91.85 3.52776 2
      vertex 92.0349 3.6513 2
    endloop
  endfacet
  facet normal -0.751824 -0.659364 0
    outer loop
      vertex 3.79792 3.79792 2
      vertex 3.6513 3.9651 3
      vertex 3.6513 3.9651 2
    endloop
  endfacet
  facet normal -0.751824 -0.659364 0
    outer loop
      vertex 3.6513 3.9651 3
      vertex 3.79792 3.79792 2
      vertex 3.79792 3.79792 3
    endloop
  endfacet
  facet normal 0 -1 0
    outer loop
      vertex 5 3.3 2
      vertex 91 3.3 3
      vertex 5 3.3 3
    endloop
  endfacet
  facet normal 0 -1 -0
    outer loop
      vertex 91 3.3 3
      vertex 5 3.3 2
      vertex 91 3.3 2
    endloop
  endfacet
  facet normal -0.946929 -0.321444 0
    outer loop
      vertex 3.4294 4.34944 2
      vertex 3.35792 4.56001 3
      vertex 3.35792 4.56001 2
    endloop
  endfacet
  facet normal -0.946929 -0.321444 0
    outer loop
      vertex 3.35792 4.56001 3
      vertex 3.4294 4.34944 2
      vertex 3.4294 4.34944 3
    endloop
  endfacet
  facet normal 0.442386 -0.896825 0
    outer loop
      vertex 91.6506 3.4294 2
      vertex 91.85 3.52776 3
      vertex 91.6506 3.4294 3
    endloop
  endfacet
  facet normal 0.442386 -0.896825 0
    outer loop
      vertex 91.85 3.52776 3
      vertex 91.6506 3.4294 2
      vertex 91.85 3.52776 2
    endloop
  endfacet
  facet normal -0.980788 0.195078 0
    outer loop
      vertex 3.31454 63.2219 2
      vertex 3.35792 63.44 3
      vertex 3.35792 63.44 2
    endloop
  endfacet
  facet normal -0.980788 0.195078 0
    outer loop
      vertex 3.35792 63.44 3
      vertex 3.31454 63.2219 2
      vertex 3.31454 63.2219 3
    endloop
  endfacet
  facet normal -0.980786 -0.195087 0
    outer loop
      vertex 3.35792 4.56001 2
      vertex 3.31454 4.7781 3
      vertex 3.31454 4.7781 2
    endloop
  endfacet
  facet normal -0.980786 -0.195087 0
    outer loop
      vertex 3.31454 4.7781 3
      vertex 3.35792 4.56001 2
      vertex 3.35792 4.56001 3
    endloop
  endfacet
  facet normal 0.195078 -0.980788 0
    outer loop
      vertex 91.2219 3.31454 2
      vertex 91.44 3.35792 3
      vertex 91.2219 3.31454 3
    endloop
  endfacet
  facet normal 0.195078 -0.980788 0
    outer loop
      vertex 91.44 3.35792 3
      vertex 91.2219 3.31454 2
      vertex 91.44 3.35792 2
    endloop
  endfacet
  facet normal 0.751908 0.659268 0
    outer loop
      vertex 92.3487 64.0349 3
      vertex 92.2021 64.2021 2
      vertex 92.2021 64.2021 3
    endloop
  endfacet
  facet normal 0.751908 0.659268 0
    outer loop
      vertex 92.2021 64.2021 2
      vertex 92.3487 64.0349 3
      vertex 92.3487 64.0349 2
    endloop
  endfacet
  facet normal -0.0653848 -0.99786 0
    outer loop
      vertex 4.7781 3.31454 2
      vertex 5 3.3 3
      vertex 4.7781 3.31454 3
    endloop
  endfacet
  facet normal -0.0653848 -0.99786 -0
    outer loop
      vertex 5 3.3 3
      vertex 4.7781 3.31454 2
      vertex 5 3.3 2
    endloop
  endfacet
  facet normal 0.659319 -0.751863 0
    outer loop
      vertex 92.0349 3.6513 2
      vertex 92.2021 3.79792 3
      vertex 92.0349 3.6513 3
    endloop
  endfacet
  facet normal 0.659319 -0.751863 0
    outer loop
      vertex 92.2021 3.79792 3
      vertex 92.0349 3.6513 2
      vertex 92.2021 3.79792 2
    endloop
  endfacet
  facet normal -0.442314 -0.89686 0
    outer loop
      vertex 4.15 3.52776 2
      vertex 4.34944 3.4294 3
      vertex 4.15 3.52776 3
    endloop
  endfacet
  facet normal -0.442314 -0.89686 -0
    outer loop
      vertex 4.34944 3.4294 3
      vertex 4.15 3.52776 2
      vertex 4.34944 3.4294 2
    endloop
  endfacet
  facet normal 0.896789 -0.442459 0
    outer loop
      vertex 92.4722 4.15 3
      vertex 92.5706 4.34944 2
      vertex 92.5706 4.34944 3
    endloop
  endfacet
  facet normal 0.896789 -0.442459 0
    outer loop
      vertex 92.5706 4.34944 2
      vertex 92.4722 4.15 3
      vertex 92.4722 4.15 2
    endloop
  endfacet
  facet normal -0.751863 0.659319 0
    outer loop
      vertex 3.6513 64.0349 2
      vertex 3.79792 64.2021 3
      vertex 3.79792 64.2021 2
    endloop
  endfacet
  facet normal -0.751863 0.659319 0
    outer loop
      vertex 3.79792 64.2021 3
      vertex 3.6513 64.0349 2
      vertex 3.6513 64.0349 3
    endloop
  endfacet
  facet normal -0.659313 0.751869 0
    outer loop
      vertex 3.9651 64.3487 2
      vertex 3.79792 64.2021 3
      vertex 3.9651 64.3487 3
    endloop
  endfacet
  facet normal -0.659313 0.751869 0
    outer loop
      vertex 3.79792 64.2021 3
      vertex 3.9651 64.3487 2
      vertex 3.79792 64.2021 2
    endloop
  endfacet
  facet normal -0.99786 -0.0653848 0
    outer loop
      vertex 3.31454 4.7781 2
      vertex 3.3 5 3
      vertex 3.3 5 2
    endloop
  endfacet
  facet normal -0.99786 -0.0653848 0
    outer loop
      vertex 3.3 5 3
      vertex 3.31454 4.7781 2
      vertex 3.31454 4.7781 3
    endloop
  endfacet
  facet normal 0.659268 0.751908 -0
    outer loop
      vertex 92.2021 64.2021 2
      vertex 92.0349 64.3487 3
      vertex 92.2021 64.2021 3
    endloop
  endfacet
  facet normal 0.659268 0.751908 0
    outer loop
      vertex 92.0349 64.3487 3
      vertex 92.2021 64.2021 2
      vertex 92.0349 64.3487 2
    endloop
  endfacet
  facet normal -0.555426 0.831566 0
    outer loop
      vertex 4.15 64.4722 2
      vertex 3.9651 64.3487 3
      vertex 4.15 64.4722 3
    endloop
  endfacet
  facet normal -0.555426 0.831566 0
    outer loop
      vertex 3.9651 64.3487 3
      vertex 4.15 64.4722 2
      vertex 3.9651 64.3487 2
    endloop
  endfacet
  facet normal 0.44253 0.896754 -0
    outer loop
      vertex 91.85 64.4722 2
      vertex 91.6506 64.5706 3
      vertex 91.85 64.4722 3
    endloop
  endfacet
  facet normal 0.44253 0.896754 0
    outer loop
      vertex 91.6506 64.5706 3
      vertex 91.85 64.4722 2
      vertex 91.6506 64.5706 2
    endloop
  endfacet
  facet normal 0.195165 0.98077 -0
    outer loop
      vertex 91.44 64.6421 2
      vertex 91.2219 64.6855 3
      vertex 91.44 64.6421 3
    endloop
  endfacet
  facet normal 0.195165 0.98077 0
    outer loop
      vertex 91.2219 64.6855 3
      vertex 91.44 64.6421 2
      vertex 91.2219 64.6855 2
    endloop
  endfacet
  facet normal -0.555551 -0.831483 0
    outer loop
      vertex 3.9651 3.6513 2
      vertex 4.15 3.52776 3
      vertex 3.9651 3.6513 3
    endloop
  endfacet
  facet normal -0.555551 -0.831483 -0
    outer loop
      vertex 4.15 3.52776 3
      vertex 3.9651 3.6513 2
      vertex 4.15 3.52776 2
    endloop
  endfacet
  facet normal -0.89686 -0.442314 0
    outer loop
      vertex 3.52776 4.15 2
      vertex 3.4294 4.34944 3
      vertex 3.4294 4.34944 2
    endloop
  endfacet
  facet normal -0.89686 -0.442314 0
    outer loop
      vertex 3.4294 4.34944 3
      vertex 3.52776 4.15 2
      vertex 3.52776 4.15 3
    endloop
  endfacet
  facet normal 0.946901 -0.321525 0
    outer loop
      vertex 92.5706 4.34944 3
      vertex 92.6421 4.56001 2
      vertex 92.6421 4.56001 3
    endloop
  endfacet
  facet normal 0.946901 -0.321525 0
    outer loop
      vertex 92.6421 4.56001 2
      vertex 92.5706 4.34944 3
      vertex 92.5706 4.34944 2
    endloop
  endfacet
  facet normal -0.321444 -0.946929 0
    outer loop
      vertex 4.34944 3.4294 2
      vertex 4.56001 3.35792 3
      vertex 4.34944 3.4294 3
    endloop
  endfacet
  facet normal -0.321444 -0.946929 -0
    outer loop
      vertex 4.56001 3.35792 3
      vertex 4.34944 3.4294 2
      vertex 4.56001 3.35792 2
    endloop
  endfacet
  facet normal 0.997872 -0.0652057 0
    outer loop
      vertex 92.6855 4.7781 3
      vertex 92.7 5 2
      vertex 92.7 5 3
    endloop
  endfacet
  facet normal 0.997872 -0.0652057 0
    outer loop
      vertex 92.7 5 2
      vertex 92.6855 4.7781 3
      vertex 92.6855 4.7781 2
    endloop
  endfacet
  facet normal -0.195087 -0.980786 0
    outer loop
      vertex 4.56001 3.35792 2
      vertex 4.7781 3.31454 3
      vertex 4.56001 3.35792 3
    endloop
  endfacet
  facet normal -0.195087 -0.980786 -0
    outer loop
      vertex 4.7781 3.31454 3
      vertex 4.56001 3.35792 2
      vertex 4.7781 3.31454 2
    endloop
  endfacet
  facet normal 0.321403 -0.946943 0
    outer loop
      vertex 91.44 3.35792 2
      vertex 91.6506 3.4294 3
      vertex 91.44 3.35792 3
    endloop
  endfacet
  facet normal 0.321403 -0.946943 0
    outer loop
      vertex 91.6506 3.4294 3
      vertex 91.44 3.35792 2
      vertex 91.6506 3.4294 2
    endloop
  endfacet
  facet normal 0.980769 -0.195173 0
    outer loop
      vertex 92.6421 4.56001 3
      vertex 92.6855 4.7781 2
      vertex 92.6855 4.7781 3
    endloop
  endfacet
  facet normal 0.980769 -0.195173 0
    outer loop
      vertex 92.6855 4.7781 2
      vertex 92.6421 4.56001 3
      vertex 92.6421 4.56001 2
    endloop
  endfacet
  facet normal -1 0 0
    outer loop
      vertex 5.1 16.85 2.85
      vertex 5.1 39.35 3
      vertex 5.1 39.35 2.85
    endloop
  endfacet
  facet normal -1 -0 0
    outer loop
      vertex 5.1 39.35 3
      vertex 5.1 16.85 2.85
      vertex 5.1 16.85 3
    endloop
  endfacet
  facet normal -0 0 1
    outer loop
      vertex 3.3 39.35 2.85
      vertex 5.1 16.85 2.85
      vertex 5.1 39.35 2.85
    endloop
  endfacet
  facet normal 0 0 1
    outer loop
      vertex 5.1 16.85 2.85
      vertex 3.3 39.35 2.85
      vertex 3.3 16.85 2.85
    endloop
  endfacet
  facet normal -0 0 1
    outer loop
      vertex 0 39.35 2.85
      vertex 1.5 16.85 2.85
      vertex 1.5 39.35 2.85
    endloop
  endfacet
  facet normal 0 0 1
    outer loop
      vertex 1.5 16.85 2.85
      vertex 0 39.35 2.85
      vertex 0 16.85 2.85
    endloop
  endfacet
  facet normal 0 -1 0
    outer loop
      vertex 3.3 39.35 3
      vertex 3.3 39.35 2.85
      vertex 4.9 39.35 3
    endloop
  endfacet
  facet normal 0 -1 0
    outer loop
      vertex 5.1 39.35 2.85
      vertex 4.9 39.35 3
      vertex 3.3 39.35 2.85
    endloop
  endfacet
  facet normal 0 -1 0
    outer loop
      vertex 4.9 39.35 3
      vertex 5.1 39.35 2.85
      vertex 5.1 39.35 3
    endloop
  endfacet
  facet normal 0 -1 0
    outer loop
      vertex 3.3 39.35 3
      vertex 4.9 39.35 6
      vertex 3.3 39.35 6
    endloop
  endfacet
  facet normal 0 -1 -0
    outer loop
      vertex 4.9 39.35 6
      vertex 3.3 39.35 3
      vertex 4.9 39.35 3
    endloop
  endfacet
  facet normal 0 -1 0
    outer loop
      vertex 0 39.35 2.85
      vertex 1.5 39.35 3
      vertex 0 39.35 3
    endloop
  endfacet
  facet normal 0 -1 -0
    outer loop
      vertex 1.5 39.35 3
      vertex 0 39.35 2.85
      vertex 1.5 39.35 2.85
    endloop
  endfacet
  facet normal 0 1 -0
    outer loop
      vertex 5.1 16.85 2.85
      vertex 4.9 16.85 3
      vertex 5.1 16.85 3
    endloop
  endfacet
  facet normal 0 1 0
    outer loop
      vertex 3.3 16.85 2.85
      vertex 4.9 16.85 3
      vertex 5.1 16.85 2.85
    endloop
  endfacet
  facet normal 0 1 0
    outer loop
      vertex 4.9 16.85 3
      vertex 3.3 16.85 2.85
      vertex 3.3 16.85 3
    endloop
  endfacet
  facet normal 0 1 -0
    outer loop
      vertex 4.9 16.85 3
      vertex 3.3 16.85 6
      vertex 4.9 16.85 6
    endloop
  endfacet
  facet normal 0 1 0
    outer loop
      vertex 3.3 16.85 6
      vertex 4.9 16.85 3
      vertex 3.3 16.85 3
    endloop
  endfacet
  facet normal 0 1 -0
    outer loop
      vertex 1.5 16.85 2.85
      vertex 0 16.85 3
      vertex 1.5 16.85 3
    endloop
  endfacet
  facet normal 0 1 0
    outer loop
      vertex 0 16.85 3
      vertex 1.5 16.85 2.85
      vertex 0 16.85 2.85
    endloop
  endfacet
endsolid OpenSCAD_Model
